name,label
化痰散结,Efficacy
祛瘀止痛,Efficacy
清热解毒,Efficacy
拔毒生肌药,Category
大部分地区都有。,Origin
药蔹启秘,Literature
内外验方秘传,Literature
矿物药浅说,Literature
本品有大毒，不可内服外用亦不宜大量持久使用（或接触伤口）,Contraindication
消肿,Efficacy
攻毒,Efficacy
祛腐敛疮,Efficacy
杀虫、止血,Efficacy
纲目拾遗,Literature
本经逢原,Literature
不药良方,Literature
本品有毒，不可内服外用亦不宜大量持久使用（或接触伤口）,Contraindication
解毒、明目退翳,Efficacy
收湿止痒、敛疮,Efficacy
审视\u3000瑶函,Literature
古今医鉴,Literature
纲目,Literature
玉楸药解,Literature
御药院方,Literature
品汇精要,Literature
仁斋直指方论,Literature
忌内服①洗剂振摇均匀后涂搽患处②密闭保存,Contraindication
清热消痰,Efficacy
解毒防腐,Efficacy
本草求原,Literature
银海精微,Literature
普济方,Literature
中草药新医疗法资料选编,Literature
日华子本草,Literature
疡医大全,Literature
方脉正宗,Literature
本草汇言,Literature
体弱者慎服内服宜慎《本草汇言》：阴虚津燥，髓竭营桔，而成肺屡热胀，痹闷不通诸侯，法当禁用,Contraindication
散结毒,Efficacy
消痈肿,Efficacy
姚希周经验方,Literature
年希尧集验良方,Literature
本草从新,Literature
安徽中草药,Literature
陕西中草药,Literature
百草镜,Literature
尚不明确,Contraindication
清热利湿,Efficacy
解毒消肿,Efficacy
利水渗湿退黄药,Category
四川中药志,Literature
浙江药用植物志,Literature
福建药物志,Literature
陕甘宁青中草药选,Literature
脾胃虚寒者不宜单独服用（可加少许生姜或大枣）,Contraindication
利湿退黄,Efficacy
疏肝止痛.,Efficacy
药植图鉴,Literature
广西民间常用中草药手册,Literature
中草药新医疗法处方集,Literature
南宁市药物志,Literature
常用中草药手册,Literature
虚寒体弱者慎用,Contraindication
祛风利湿,Efficacy
散瘀定痛,Efficacy
止咳化痰,Efficacy
全国中草药资料选编,Literature
上海常用中草药,Literature
医林纂要,Literature
药性论,Literature
姚僧坦集验方,Literature
滇南本草,Literature
圣惠方,Literature
本草拾遗,Literature
中医药实验研究,Literature
孕妇忌服,Contraindication
退黄,Efficacy
千金方,Literature
圣济总录,Literature
玉机微义,Literature
伤寒论,Literature
非因湿热引起的发黄忌服茵陈蓄血发黄者，热甚发黄，无湿气，禁用茵陈,Contraindication
肺实喘满,Efficacy
咳嗽,Efficacy
多痰,Efficacy
胃脘疼痛,Efficacy
止咳平喘药,Category
草药手册,Literature
本草经疏,Literature
润肺止咳,Efficacy
杀虫灭虱,Efficacy
洞天奥旨,Literature
小儿药证直诀,Literature
续十全方,Literature
新本草纲目,Literature
青岛中草药手册,Literature
脾胃虚弱者慎服；热嗽、水亏火炎者禁用百部,Contraindication
润肺下气,Efficacy
消痰止咳,Efficacy
鸡峰普济方,Literature
唐本草,Literature
本草再新,Literature
本经,Literature
本草图经,Literature
实热者慎服,Contraindication
破血行气,Efficacy
消积止痛,Efficacy
活血化瘀药,Category
BTV科教频道,Literature
开宝本草,Literature
医学入门,Literature
丹溪心法,Literature
孕妇禁服、虚人禁之、凡经事先期，及一切血热为病者忌之,Contraindication
破血行气、消积止痛,Efficacy
黑龙江,Origin
吉林,Origin
辽宁等地,Origin
医学启源,Literature
新疆中草药手册,Literature
医学切问,Literature
全国中草药汇编,Literature
济生方,Literature
全婴方,Literature
气虚体弱、血枯经闭、月经过多、孕妇、血症者忌服,Contraindication
补益肝肾,Efficacy
涩精固脱,Efficacy
收涩固精缩尿止带药,Category
衷中参西录,Literature
本草经集注,Literature
金匮要略,Literature
全生指迷方,Literature
扶寿精方,Literature
方龙潭家秘,Literature
凡命门火炽，强阳不痿，素有湿热，小便淋涩者忌服《本草经集注》：蓼实为之使恶桔梗、防风、防己,Contraindication
止血生肌,Efficacy
化瘀止血药,Category
杨氏家藏方,Literature
摘玄方,Literature
医林集要,Literature
朱氏集验医方,Literature
海药本草,Literature
"凡血病无瘀积者不必用""《日华子本草》：""得密陀僧良""",Contraindication
祛风止痛、散瘀止血,Efficacy
中药大辞典,Literature
四川常用中草药,Literature
中药本草,Literature
贵阳民间药物,Literature
云南中草药,Literature
贵阳民间药草,Literature
贵州民间药物,Literature
内服忌食鱼腥、豆类孕妇忌服,Contraindication
定痫安神,Efficacy
止痛解痉,Efficacy
养心安神药,Category
雷公炮炙论,Literature
千金要方,Literature
别录,Literature
"有大毒，使用请严遵医嘱多食令人狂走，《雷公炮炙论》：""勿误服，冲人心，大烦闷，眼生星火""",Contraindication
养肝明目、祛风散热,Efficacy
山西,Origin
内蒙古,Origin
陕西等地,Origin
近效方,Literature
外台,Literature
吴普本草,Literature
兰室秘藏,Literature
经验良方,Literature
局方,Literature
本草蒙筌,Literature
"《本草经疏》：""目病非关风热，而因于肝肾两虚者，不宜用""",Contraindication
祛风湿,Efficacy
通经络,Efficacy
利小便,Efficacy
祛风药,Category
浙江天目山药植志,Literature
药植志,Literature
濒湖集简方,Literature
温岭县药物资源名录,Literature
民间秘方,Literature
清热平肝,Efficacy
熄风定惊,Efficacy
息风止痉药,Category
贵州草药,Literature
幼科指靠,Literature
本草征要,Literature
本草述,Literature
浙江民间常用草药,Literature
祛风定惊,Efficacy
本草衍义,Literature
疑难杂避症简方,Literature
清心安神,Efficacy
交通心肾,Efficacy
涩精止血,Efficacy
食性本草,Literature
大明一练志,Literature
四科简效方,Literature
百一选方,Literature
温病条辨,Literature
脾虚便溏者慎用，不适合长期服用，,Contraindication
补脾止泻,Efficacy
益肾涩精,Efficacy
养心安神,Efficacy
奇效良方,Literature
妇人良方,Literature
世医得效方,Literature
仁斋直指方,Literature
大便秘结、中满痞胀禁服,Contraindication
舒郁安神,Efficacy
理气活络,Efficacy
中草药学,Literature
神农本草经,Literature
东北常用中草药手册,Literature
阴虚津伤者慎用,Contraindication
解郁宁心,Efficacy
和血,Efficacy
续本事方,Literature
景岳全书,Literature
分类草药性,Literature
溃疡病及胃炎患者慎服，风热自汗、外感不眠者禁服,Contraindication
养心补肝,Efficacy
宁心安神,Efficacy
敛汗生津,Efficacy
简要济众方,Literature
内有实邪郁火及肾虚滑泄梦遗者慎服,Contraindication
养心安神、利水消肿、补虚治劳,Efficacy
幼幼新书,Literature
神农本草,Literature
名医别录,Literature
肾虚小便不利或不禁、虚寒滑精者慎,Contraindication
润肠通便,Efficacy
体仁汇编,Literature
苗族药物集,Literature
全国中草药新医疗法展览会技术资料选编,Literature
贵州民间方药集,Literature
便溏及痰多者忌服,Contraindication
镇惊安神,Efficacy
除烦热,Efficacy
重镇安神药,Category
小儿卫生总微论方,Literature
雷公炮制药性解,Literature
朱氏集验方,Literature
① 《本草经集注》：得人参、牛黄良畏石膏②《雷公炮制药性解》：畏干漆、蜀椒、理石,Contraindication
清心镇惊,Efficacy
安神解毒,Efficacy
古今医统,Literature
药对,Literature
士材三书,Literature
广济方,Literature
片玉心书,Literature
《药性论,Literature
唐瑶经验方,Literature
摘元方,Literature
坠痰下气,Efficacy
平肝镇惊、消食攻积,Efficacy
婴孩宝书,Literature
《纲目,Literature
虚弱之人及孕妇禁服,Contraindication
平肝镇惊,Efficacy
惠直堂经验方,Literature
脾胃虚弱、阴虚燥痰者及孕妇忌服,Contraindication
平肝潜阳,Efficacy
安神镇惊,Efficacy
聪耳明目,Efficacy
纳气平喘,Efficacy
河北,Origin
山东,Origin
江苏,Origin
湖北,Origin
广东,Origin
福建,Origin
四川,Origin
云南等地,Origin
乾坤秘韫,Literature
古今录验方,Literature
卫生家宝方,Literature
脾胃虚弱者慎服，不宜多服、久服重镇伤气，可暂用而不可久,Contraindication
镇心安神,Efficacy
降逆气,Efficacy
暖子=宫,Efficacy
平易方,Literature
青囊秘方,Literature
青囊秘传,Literature
不宜久服妇女绝孕由于阴虚火旺不能摄受精气者忌用,Contraindication
温肺肾,Efficacy
安心神,Efficacy
千金翼方,Literature
本草求真,Literature
镇惊化痰,Efficacy
东北,Origin
西北,Origin
西南等地,Origin
吉林中草药,Literature
饮片新参,Literature
现代实用中药,Literature
中寒痰湿者禁服,Contraindication
散瘀止血,Efficacy
利水通淋,Efficacy
《本草拾遗,Literature
张氏医通,Literature
外台秘要方,Literature
女科万金方,Literature
卫生易简方,Literature
阴虚内热及无淤滞者慎服,Contraindication
养阴熄风,Efficacy
清热坠痰,Efficacy
去翳明目,Efficacy
解毒生肌,Efficacy
儒门事亲,Literature
丹台玉案,Literature
孕妇慎服,Contraindication
行气止痛,Efficacy
温肾散寒,Efficacy
理气药,Category
本草通玄,Literature
魏氏家藏方,Literature
济急仙方,Literature
慎斋遗书,Literature
心医集,Literature
江西草药,Literature
气虚、内热、孕妇忌服,Contraindication
消瘀破积,Efficacy
健脾利湿,Efficacy
活血化瘀破血消癥药,Category
国药提要,Literature
血分无瘀滞及脾胃虚寒者忌服忌荤腥油腻之物,Contraindication
破血消癓,Efficacy
攻毒蚀疮,Efficacy
医方大成论,Literature
山东中草药手册,Literature
注意：斑蝥有剧毒，使用请严遵医嘱凡体质虚弱者，心、肾功能不全者，消化道溃疡者，以及孕妇均禁服,Contraindication
散结、抗癌、破血化瘀,Efficacy
西南,Origin
中南及江苏,Origin
浙江等地,Origin
本草骈比,Literature
辨证施治,Literature
内服不宜过量遵医嘱,Contraindication
破瘀血、消积杀虫,Efficacy
全国大部地区都有。,Origin
补缺肘后方,Literature
经验方,Literature
万病回春,Literature
破血通经、逐瘀消癥,Efficacy
华北及华东各地,Origin
"孕妇、月经期、气血虚忌服
①《药性论》：""恶麻黄""
②《品汇精要》：""妊娠不可服，服之堕胎""",Contraindication
通络止痛,Efficacy
散结消肿,Efficacy
活血化瘀活血疗伤药,Category
医方摘要,Literature
贵州省中医验方秘方,Literature
中药志,Literature
良朋汇集,Literature
浙江中医杂志,Literature
袪风湿,Efficacy
活血止痛,Efficacy
云南中药志,Literature
云南中草药选,Literature
孕妇、老弱、婴幼儿及心脏病、溃汤病患者均禁服酒剂禁内服,Contraindication
化瘀接骨,Efficacy
祛风除湿,Efficacy
消肿解毒,Efficacy
藏药志,Literature
广西民间常用草药,Literature
广州植物志,Literature
广西中药志,Literature
破瘀血,Efficacy
续筋骨,Efficacy
医林改错,Literature
约性论,Literature
平肝定惊,Efficacy
平肝息风止痉药,Category
灵苑方,Literature
虚寒证无火毒者禁服,Contraindication
息风镇痉,Efficacy
攻毒散结,Efficacy
油珍方,Literature
泉州本草,Literature
卫生家宝,Literature
证治准绳,Literature
中草医药经验交流,Literature
外科真诠,Literature
孕妇禁用,Contraindication
功毒散结,Efficacy
神枕方,Literature
世医通变要法,Literature
直指方,Literature
孙天仁集效方,Literature
江苏中医,Literature
抱朴子,Literature
"孕妇禁用《本草衍义》：""畏蛞蝓""畏蜘蛛、鸡屎、桑皮、白盐",Contraindication
消瘀,Efficacy
止血,Efficacy
去湿,Efficacy
主产于南北各地。,Origin
岭南采药录,Literature
高科选粹,Literature
单方验方新医疗法选编,Literature
海上方,Literature
妇人经验方,Literature
不明,Contraindication
化瘀,Efficacy
谈野箱试验方,Literature
十药神书,Literature
鲁府禁方,Literature
嘉佑本草,Literature
无瘀滞及孕妇忌服,Contraindication
凉血止血,Efficacy
活血消瘀,Efficacy
塞上方,Literature
简便单方,Literature
证类本草,Literature
本事方,Literature
卫生宝鉴,Literature
止血散瘀,Efficacy
消肿定痛,Efficacy
河南中医,Literature
上海中医药杂志,Literature
得配本草,Literature
同寿录,Literature
玉揪药解,Literature
广西民族药简编,Literature
医学衷中参西录,Literature
回生集,Literature
曲靖专区中草药手册,Literature
"孕妇慎用①《本草从新》：""能损新血，无瘀者勿用""②《得配本草》：""血虚吐衄，血热妄行者禁用""",Contraindication
行滞气,Efficacy
暖脾胃,Efficacy
消症积,Efficacy
解毒杀虫,Efficacy
温里药,Category
全国过各地都有。,Origin
必效方,Literature
贵州中医验方,Literature
永类钤方,Literature
世医褥效方,Literature
简易方论,Literature
中医大宝库食疗方,Literature
梅师集验方,Literature
中草药新医疗法展览会资料选编,Literature
单方验方调查资料选编,Literature
摄生众妙方,Literature
静月山人古籍摘录,Literature
食疗本草,Literature
食物本草会纂,Literature
阴虚火旺、目疾、口齿、喉、舌诸患和时行病后均忌食生品,Contraindication
降气温中,Efficacy
暖肾纳气,Efficacy
赤水玄珠,Literature
活人心统,Literature
行气活血,Efficacy
止血止痛,Efficacy
降气,Efficacy
辟秽,Efficacy
本草纲目,Literature
阴虚火旺、血热妄行者慎服,Contraindication
行气温中、开胃止痛,Efficacy
本草备要,Literature
医学金针,Literature
阴虚火盛、动血致嗽者忌服,Contraindication
理气止痛,Efficacy
消食止泻,Efficacy
常用草药治疗手册,Literature
阳虚气弱、孕妇慎用,Contraindication
行气止痛、活血散瘀、解毒消肿,Efficacy
生草药性备要,Literature
医学集成,Literature
福建中草药,Literature
阴虚火亢者忌用,Contraindication
祛风活络,Efficacy
利水通经,Efficacy
浙江民间草药,Literature
湖南药物志,Literature
中药临床应用,Literature
德胜堂方,Literature
德胜堂经验方,Literature
古今良方,Literature
阴虚、月经过多及孕妇禁服,Contraindication
消瘀解毒,Efficacy
祛风湿强筋骨药,Category
台湾,Origin
湖南,Origin
海南,Origin
广西,Origin
贵州,Origin
香港中草药,Literature
植物名实图考,Literature
江西中医药,Literature
新疗法与中草药选编,Literature
孕妇慎用,Contraindication
祛风化湿,Efficacy
止痛止痒,Efficacy
中草药土方土法战备专辑,Literature
全展选编,Literature
中草药土方土法战备专楫,Literature
福建民间草药,Literature
南京民间药草,Literature
体弱者慎服,Contraindication
固精缩尿,Efficacy
固崩止带,Efficacy
涩肠止泻,Efficacy
收涩药，固精缩尿止带药,Category
明医指掌,Literature
陕甘宁青中草药诜,Literature
本草正,Literature
天目山药用植物志,Literature
闽东本草,Literature
有实火、邪热者忌服,Contraindication
敛肺定喘、止带缩尿,Efficacy
日用本草,Literature
补肝肾,Efficacy
缩小便,Efficacy
助阳固精,Efficacy
明目,Efficacy
中医杂志,Literature
肾虚有火，小便短涩者慎服,Contraindication
清肺降气,Efficacy
止咳平喘,Efficacy
清肠消痔,Efficacy
外科大成,Literature
虚寒咳喘及脾弱便泄者慎服内服过量，可致呕吐,Contraindication
清肺止咳,Efficacy
降逆止呕,Efficacy
急救良方,Literature
安徽药材,Literature
恩施中草药手册,Literature
胃寒呕吐入风寒咳嗽忌服,Contraindication
利水渗湿,Efficacy
泄热通淋,Efficacy
利水渗湿利尿通淋药,Category
素问病机保命集,Literature
外科正宗,Literature
肾虚精滑无湿热者禁服泽泻畏海蛤，文蛤,Contraindication
子母秘录,Literature
中国药用真菌,Literature
宽胸理气、通阳散结,Efficacy
陆川本草,Literature
肘后方,Literature
用药心法,Literature
气虚者、发热病人慎用,Contraindication
理气解郁,Efficacy
调经止痛,Efficacy
安胎,Efficacy
中藏经,Literature
澹寮方,Literature
凡气虚无滞、阴虚血热者忌服,Contraindication
理气宽中,Efficacy
止痛,Efficacy
中医中药与临床研究,Literature
本草崇原,Literature
开郁醒脾,Efficacy
"气虚血热者忌服《本草拾遗》：""得白芷、附子良""",Contraindication
温中,Efficacy
理气,Efficacy
无寒湿滞气者勿服,Contraindication
化痰理气,Efficacy
健胃消食,Efficacy
博白,Origin
陆川等地,Origin
常见病验方研究参考资料,Literature
气虚及阴虚有燥痰者不宜服,Contraindication
散结,Efficacy
光华医药杂志,Literature
食物中药与便方,Literature
体虚患者慎服,Contraindication
消积,Efficacy
散痞,Efficacy
杀虫、化瘕,Efficacy
医学纲目,Literature
何日中手集,Literature
脾胃虚弱及孕妇忌服多服耗气昏目,Contraindication
散结止痛,Efficacy
黄海,Origin
东海和南海,Origin
尤以台湾海域最多,Origin
药材学,Literature
湿病刍言,Literature
台湾府志,Literature
孕妇忌用,Contraindication
温中助阳,Efficacy
华南,Origin
华东地区与湖北,Origin
湖南等地,Origin
虫类药的应用,Literature
河南中医学院学报,Literature
本草新编,Literature
阴虚内热者忌服,Contraindication
行滞消胀,Efficacy
我国长江流域地区,Origin
主产于江西,Origin
婴童百问,Literature
山东医刊,Literature
草医草药简便验方汇编,Literature
活法机要,Literature
主治秘诀,Literature
重订严氏济生方,Literature
衍义,Literature
杜壬方,Literature
全幼心鉴,Literature
脾胃虚弱及孕妇幼儿慎服,Contraindication
破气消积,Efficacy
化痰散痞,Efficacy
内外伤辨惑论,Literature
医学正传,Literature
普济本事方,Literature
医心方,Literature
延年方,Literature
脾胃虚弱及孕妇慎服枳实虚而久病，不可误服大损真元，非邪实者，不可误用,Contraindication
利关节,Efficacy
行水气,Efficacy
梅师方,Literature
孕妇禁忌,Contraindication
辟秽开郁,Efficacy
四川中药志1979,Literature
随息居饮食谱,Literature
中国药用花卉,Literature
和血调经,Efficacy
山东草药手册,Literature
山东中药,Literature
药性考,Literature
阴虚火旺慎服,Contraindication
疏肝理气,Efficacy
宽中化痰,Efficacy
串雅外编,Literature
梅氏验方新编,Literature
华佗神医秘传,Literature
养疴漫笔,Literature
阴虚血燥及孕妇气虚者慎服,Contraindication
下气、降逆止呃,Efficacy
华东,Origin
中南及辽宁,Origin
陕西,Origin
甘肃,Origin
台湾等地,Origin
洁古家珍,Literature
舒肝理气,Efficacy
和胃止痛,Efficacy
长寿药粥谱,Literature
闽南民间草药,Literature
全国中药成药处方集,Literature
阴虚有火，无气滞症状者慎服,Contraindication
疏肝破气,Efficacy
散结消痰,Efficacy
疡科选粹,Literature
众妙仙方,Literature
气虚者慎服,Contraindication
理气健脾,Efficacy
燥湿化痰,Efficacy
壮族民间用药选编,Literature
阴虚燥咳，咯血、吐血或内有实热者慎用,Contraindication
舒肝、行气止痛,Efficacy
驱虫,Efficacy
河南,Origin
湖北中草药志,Literature
医方集解,Literature
脾胃虚寒者忌服,Contraindication
宽中,Efficacy
杀虫,Efficacy
《益部方物略记,Literature
本草纲目拾遗,Literature
通雅,Literature
杨春涯经验方,Literature
降气定痛,Efficacy
"孕妇禁忌《本草经集注》：""得酒良畏桔梗、麦门冬""",Contraindication
怯痰,Efficacy
驱虫止虫药,Category
云南,Origin
外用捣烂涂敷患处,Contraindication
祛风燥湿、攻毒杀虫,Efficacy
泰国,Origin
越南,Origin
柬埔寨,Origin
印度尼西亚,Origin
印度等国,Origin
疠疡机要,Literature
国药的药理学,Literature
血证论,Literature
寿域神方,Literature
岭南卫生方,Literature
仙拈集,Literature
有毒，一般作外用，内服需医嘱,Contraindication
逐水祛痰,Efficacy
破积杀虫,Efficacy
辽宁,Origin
山西等地,Origin
高原中草药治疗手册,Literature
有毒，一般作外用，内服需医嘱孕妇禁服不宜与密陀僧同用,Contraindication
活血通络,Efficacy
消肿止痛,Efficacy
杀虫解毒,Efficacy
有大毒，内服宜慎凡疮痒出血者慎用,Contraindication
杀虫止痒,Efficacy
纂要奇方,Literature
养生经验合集,Literature
陕西中药志,Literature
王仲勉经验方,Literature
救急方,Literature
湿热者慎服,Contraindication
搜风,Efficacy
拔毒,Efficacy
排脓,Efficacy
袖珍方,Literature
抗癌本草,Literature
静月山人家传秘方,Literature
熊氏妇人良方补遗,Literature
痈疽已溃不宜服，孕妇亦忌之,Contraindication
燥湿祛风,Efficacy
医方易简,Literature
姜月峰家传方,Literature
全展选编?皮肤疾病,Literature
阴亏血虚及孕妇忌服《本草通玄》：血虚大忌用之内服宜慎，中病即止，不可多服久服,Contraindication
杀虫、解毒、疗疮、助阳,Efficacy
驱虫止虫，补虚药,Category
种杏仙方,Literature
经验广集,Literature
下乳,Efficacy
利水消肿,Efficacy
驱虫止虫、利水消肿药,Category
全国各地都有。,Origin
验方选集,Literature
国医导报,Literature
岭南草药志,Literature
解毒杀虫 燥湿 祛风,Efficacy
驱虫止虫、补虚药,Category
僧深集方,Literature
祛风,Efficacy
功毒,Efficacy
广西等地,Origin
全展选编?皮肤科,Literature
十便良方,Literature
食医心镜,Literature
乾坤生意秘韫,Literature
峋嵝神书,Literature
昆明民间常用草药,Literature
云南思茅中草药选,Literature
气虚血弱及肾功能不全者慎服,Contraindication
收涩药,Category
全国各地(除青海,Origin
新疆外),Origin
卫生易简力,Literature
中医大宝库民间验方,Literature
外感风寒或肺有实热之咳嗽及积滞未清之泻痢忌服,Contraindication
收敛固涩,Efficacy
益气生津,Efficacy
补肾宁心,Efficacy
华北及河南等地,Origin
三因方,Literature
备急千金要方,Literature
医方一盘珠,Literature
外有表邪、内有实热或咳嗽初起、痧疹初发者忌服,Contraindication
外有表邪，内有实热，或咳嗽初起、痧疹初发者忌服,Contraindication
咳嗽、泻痢初起，或久痢积滞未消者慎服本品易成瘾，不宜常服；儿童禁用,Contraindication
敛肺,Efficacy
涩肠,Efficacy
下气,Efficacy
利咽,Efficacy
清凉解毒,Efficacy
宣明论方,Literature
凡外邪未解，内有湿热火邪者忌服气虚人忌多服,Contraindication
益心敛肺,Efficacy
化湿止泻,Efficacy
中草药手册,Literature
有实邪者忌用,Contraindication
医钞类编,Literature
用量不宜过大痢疾积滞未清者慎服,Contraindication
胜金方,Literature
秘传大麻疯方,Literature
暴病实邪、孕妇慎用,Contraindication
涩肠止血,Efficacy
收湿生肌,Efficacy
斗门方,Literature
湿热积滞者禁服，孕妇慎服不宜与肉桂同用,Contraindication
温中固肠,Efficacy
下气消食,Efficacy
马来西亚,Origin
巴西等国家,Origin
太平圣惠方,Literature
中医大宝库收录,Literature
太平惠民和剂局方,Literature
收敛生津,Efficacy
安蛔驱虫,Efficacy
感冒发热、肠炎、儿童慎用女性经期及产前、后慎用,Contraindication
固表止汗,Efficacy
收涩固表止汗药,Category
宁夏,Origin
新疆等,Origin
本草,Literature
范汪方,Literature
谈野翁试验方,Literature
表邪者忌服,Contraindication
养阴除热,Efficacy
止汗,Efficacy
中国医学大辞典,Literature
中华本草,Literature
药材资料汇编,Literature
未知,Contraindication
补气升阳,Efficacy
生津养血,Efficacy
行滞通痹,Efficacy
托毒排脓,Efficacy
敛疮生肌,Efficacy
补虚、收涩固表止汗药,Category
宁夏及四川西部,Origin
本草汇纂,Literature
除虚热、止汗,Efficacy
本草蒙鉴,Literature
中医大宝库,Literature
奇方类编,Literature
阴阳两虚所致的自汗盗汗者不宜用无汗而烦躁或虚脱汗出者忌用,Contraindication
清热定惊,Efficacy
通络,Efficacy
平喘,Efficacy
利尿,Efficacy
罗大伦,Literature
喉科金钥,Literature
脾胃虚寒者不宜服，孕妇禁服,Contraindication
清心,Efficacy
豁痰,Efficacy
开窍,Efficacy
凉肝,Efficacy
息风,Efficacy
解毒,Efficacy
外科全生集,Literature
保婴撮要,Literature
索问病机保命集,Literature
孕妇和脾虚便溏慎服,Contraindication
清热,Efficacy
凉血,Efficacy
定惊,Efficacy
长江以南各地均产。,Origin
海上集验方,Literature
孕妇、中虚胃寒者慎服大量服用常有上腹部不适，恶心，腹胀，食欲不振等反应,Contraindication
平肝熄风,Efficacy
清热镇惊,Efficacy
羚羊角散,Literature
续青囊方,Literature
脾虚慢惊患者禁服,Contraindication
清肝明目,Efficacy
息风平抑肝阳药,Category
脾胃虚寒者慎服,Contraindication
养气血,Efficacy
脾胃虚寒、肾阳不足慎服,Contraindication
平肝安神,Efficacy
清热利水,Efficacy
内蒙古中草药,Literature
江苏植药志,Literature
脾虚慢惊者慎用,Contraindication
平肝解郁,Efficacy
活血祛风,Efficacy
止痒,Efficacy
平肝息风药,Category
《本经,Literature
肝虚、血虚气弱及孕妇慎服,Contraindication
平抑肝阳药.,Category
脾胃虚寒者慎服，消化不良、胃酸缺乏者禁服,Contraindication
降逆,Efficacy
长沙药解,Literature
外感风热,Efficacy
发热头昏,Efficacy
咽痛,Efficacy
安徽,Origin
浙江,Origin
江苏等地,Origin
敛汗固精,Efficacy
止血涩肠,Efficacy
生肌敛疮,Efficacy
安神收涩平抑肝阳药.,Category
事林广记,Literature
"有湿热、实邪者忌服
①《本草经集注》：""得人参、牛黄良；畏石膏""
②《药性论》：""忌鱼""",Contraindication
重镇安神,Efficacy
潜阳补阴,Efficacy
止汗涩精,Efficacy
软坚散结,Efficacy
安神平抑肝阳药.,Category
乾坤生意,Literature
续传信方,Literature
脚气治法总要,Literature
如宜方,Literature
广西本草选编,Literature
血虚、腰痛非风湿不宜服,Contraindication
补肝肾、祛风湿、强腰膝,Efficacy
江西,Origin
福建等地,Origin
江西中草药学,Literature
伤寒蕴要,Literature
阴虚有热、肝虚有郁火、短涩赤黄，口苦舌干、小便不利者慎服,Contraindication
补虚润肺,Efficacy
强筋活络、清热解毒,Efficacy
祛风湿、利关节、解毒,Efficacy
无风湿者慎服、阴血不足者忌服，多服令人吐忌铁,Contraindication
止泻痢,Efficacy
四川㈡，药志,Literature
祛风散寒、除湿消肿、舒筋活血,Efficacy
孕妇及出血过多者忌服,Contraindication
壮筋骨,Efficacy
临床常用中药手册,Literature
中药材手册,Literature
阴虚内热者慎用，忌莱菔,Contraindication
活血祛瘀、祛风湿,Efficacy
止痉,Efficacy
广东及广西等地,Origin
医方类聚,Literature
血虚生风者慎服忌犯铁器,Contraindication
重庆草药,Literature
山西中草药,Literature
强筋骨,Efficacy
除风湿,Efficacy
益血,Efficacy
杨氏护命方,Literature
平肝和胃,Efficacy
去湿舒筋,Efficacy
广东等地,Origin
本草拾遣,Literature
天津中草药,Literature
传冢秘宝方,Literature
静月山人宇民间老中医整理,Literature
阴虚血燥者慎用,Contraindication
收敛止血,Efficacy
截疟,Efficacy
健胃,Efficacy
止痢,Efficacy
收敛止血药,Category
江西民间草药验方,Literature
静月山人于民间老中医整理,Literature
伪药条辨,Literature
非出血不止者不用表证发热者慎服,Contraindication
解毒止痛,Efficacy
舒筋活血,Efficacy
散瘀消肿,Efficacy
灵秘丹药笺,Literature
孙氏集效方,Literature
强筋骨、补虚补阳药,Category
外台秘要,Literature
赛金丹,Literature
和剂局方,Literature
瑞竹堂经验方,Literature
滇南本草图说,Literature
初痢勿用，怒气郁者禁用《本草经集注》：地黄为之使恶雷丸,Contraindication
消食化积,Efficacy
江西草药手册,Literature
止咳,Efficacy
内蒙古等地,Origin
河北中药手册,Literature
陕西植药调查,Literature
东北药植志,Literature
有小毒，粉碎加工时，部分人（过敏体质）会发生过敏反应,Contraindication
强筋壮骨,Efficacy
药典,Literature
阴虚火旺者慎服,Contraindication
血热、肝阳上亢、阴虚火旺者慎服不宜过量或长期服用,Contraindication
山东等地,Origin
本草原始,Literature
《中药志,Literature
有毒，内服用量不宜过大,Contraindication
浙江中药手册,Literature
不明确,Contraindication
干金方,Literature
本草蒙签,Literature
补肝肾、舒筋活络、益气血,Efficacy
广西药植名录,Literature
浙南本草新编,Literature
文山中草药,Literature
祛瘀止痛、解毒消肿,Efficacy
贵州及西藏,Origin
西昌中草药,Literature
有小毒，内服宜慎用孕妇慎用,Contraindication
祛风止痛,Efficacy
祛风湿清热药,Category
海南及广西,Origin
本草切要,Literature
脾胃虚弱及阴虚无湿热者忌服防己苦寒较甚，不宜大量使用，以免损伤胃气,Contraindication
祛风利湿、抗癌,Efficacy
体虚、无湿热者忌用,Contraindication
祛风通络,Efficacy
解毒消肿、清热除湿,Efficacy
广西实用中草药新选,Literature
浙江中药资源名录,Literature
广东中药,Literature
舒筋络,Efficacy
清虚热,Efficacy
珍珠囊,Literature
医学心悟,Literature
不知医必要,Literature
主治秘要,Literature
久痛虚羸，溲多、便滑者忌服,Contraindication
风寒湿痹,Efficacy
关节疼痛,Efficacy
肢体麻木,Efficacy
祛风湿散寒药,Category
有大毒，生品内服需严格经医嘱阴虚阳盛，热症疼痛及孕妇禁服,Contraindication
温经止痛,Efficacy
华北各省,Origin
医宗金鉴,Literature
云林神般,Literature
有大毒，生品内服需严格经医嘱；孕妇禁用；,Contraindication
祛风胜湿,Efficacy
散寒止痛,Efficacy
活幼新书,Literature
症因脉治,Literature
鸡峰,Literature
祛风除湿、通络止痛,Efficacy
全展选编五官科,Literature
外科精义,Literature
经验良方全集,Literature
气血虚弱、无风寒湿邪者及孕妇慎用威灵仙辛散走窜久服易伤正气,Contraindication
利尿通淋药,Category
本草正义,Literature
北海民间常用中草药手册,Literature
肾阴亏虚者慎用,Contraindication
清热利尿,Efficacy
通气下乳,Efficacy
甘肃中草药手册,Literature
安徽中药志,Literature
常用中草药图谱,Literature
气虚无湿热及孕妇患者慎服,Contraindication
利水通淋、清心降火,Efficacy
全国各地,Origin
民间验方,Literature
河南中草药手册,Literature
宝庆本草折衷,Literature
小便不禁、下焦虚寒禁服,Contraindication
中南,Origin
西南及山西,Origin
民间常用草药汇编,Literature
植物图鉴,Literature
凡阴疽诸毒，脾虚泄泻者，忌捣汁生服有湿性关节炎、肩周炎患者，用鲜品煎水熏洗可能会引起接触性皮炎,Contraindication
渗湿止泻,Efficacy
凉血解毒,Efficacy
药性沦,Literature
食医心鉴,Literature
干金要方,Literature
精滑不固者禁服,Contraindication
利湿通淋,Efficacy
阴疽、血虚及孕妇禁服凡阴疽诸毒，脾虚泄泻者，忌捣汁生服,Contraindication
解酒,Efficacy
止呕,Efficacy
止渴除烦,Efficacy
利大小便,Efficacy
我国华北,Origin
湖北等地,Origin
华山药物志,Literature
脾胃虚寒者禁服，多食发蛔虫、损齿,Contraindication
利尿通淋,Efficacy
清热止血,Efficacy
南昌医药,Literature
攻克慢性气管炎资料选编,Literature
《别录,Literature
阴虚及无湿热者忌服,Contraindication
中药精华,Literature
生生编,Literature
陕西中医,Literature
脾胃虚弱及阴虚患者慎服多服泄精气对动物有毒,Contraindication
健脾渗湿,Efficacy
除痹止泻,Efficacy
古人集验方,Literature
广州中医学院学报,Literature
独行方,Literature
祛风止痒,Efficacy
清湿热,Efficacy
内无湿热和小便过多禁服,Contraindication
清热解暑,Efficacy
祛湿敛疮,Efficacy
鲜溪单方选,Literature
脾虚气弱，精滑及热病津伤者忌服孕妇慎服,Contraindication
破血通经,Efficacy
脾、肾气虚及孕妇忌服,Contraindication
通乳,Efficacy
滑肠,Efficacy
解毒消痈,Efficacy
江苏药材志,Literature
中草药治肿瘤资料选编,Literature
忌茗、醋,Contraindication
利湿去浊,Efficacy
祛风通痹,Efficacy
陕西中医验方选编,Literature
肾虚阴亏者忌服,Contraindication
利水除湿,Efficacy
和血排脓,Efficacy
利水消肿药.,Category
产书方,Literature
妇人良方补遗,Literature
伤寒杂病论,Literature
赤小豆能通利水道故尿多、身体消瘦之人不能久食久食瘦人、令人枯燥，蛇咬者百日内忌之,Contraindication
益精明目,Efficacy
养血祛风,Efficacy
利水解毒,Efficacy
利水消肿药,Category
渗湿利水,Efficacy
益脾和胃,Efficacy
小便不利,Efficacy
证治要诀,Literature
德生堂经验方,Literature
阴虚而无湿热、虚寒滑精、气虚下陷者慎服,Contraindication
韩氏医通,Literature
本草述钩元,Literature
眼科锦囊,Literature
中级医刊,Literature
本草权度,Literature
"肺虚咳嗽、阴虚火旺者忌服《本经逢原》：""多食昏目、泄气、伤精""",Contraindication
利尿消肿,Efficacy
利湿消暑,Efficacy
江苏植药态,Literature
重庆堂随笔,Literature
因营养不良而致之虚肿慎用,Contraindication
行水消肿解毒,Efficacy
医林纂要•药性,Literature
行气宽中,Efficacy
行水消肿,Efficacy
传家秘宝方,Literature
济阴纲目,Literature
气虚体弱者慎用,Contraindication
泻肺平喘,Efficacy
福建中医药,Literature
肺寒无火及风寒咳嗽者禁服,Contraindication
祛痰平喘,Efficacy
金匮钩玄,Literature
阴虚火旺者忌服,Contraindication
解热止渴,Efficacy
健胃通淋,Efficacy
食经,Literature
泄热,Efficacy
平肝,Efficacy
利胆,Efficacy
降压,Efficacy
贵阳市秘方验方,Literature
全国中草,Literature
玉米须利尿力较强，若高血压病患者，小便频多时，宜注意饮用量鲜玉米须效果更好,Contraindication
通淋散结,Efficacy
简便方,Literature
阴寒水肿，虚寒滑泄者忌用,Contraindication
清肝利胆、健胃消食、利尿消肿,Efficacy
新疆,Origin
中国民族药志,Literature
据报道，菊苣中含致癌烃，其含量高于其他咖啡类饮料,Contraindication
行水消痰,Efficacy
便民方,Literature
兄弟省市中草药单方验方新医疗法选编,Literature
福建药物,Literature
抗癌中草药制剂,Literature
有毒，气血虚者和脾胃虚者慎用,Contraindication
热解毒,Efficacy
利湿,Efficacy
青海,Origin
新疆等地,Origin
脾胃虚寒者慎服勿多服以免损肾脏引起阳弱症,Contraindication
疏肝解郁,Efficacy
消肿通乳,Efficacy
新疆等地区,Origin
除烦,Efficacy
清热化痰,Efficacy
清热、化痰止咳平喘药,Category
类证活人书,Literature
金匮要隙,Literature
寒痰咳嗽、胃寒呕逆及脾虚泄泻者禁服,Contraindication
宣肺,Efficacy
祛痰,Efficacy
苏沈良方,Literature
散结解毒,Efficacy
日本,Origin
吉仁集验方,Literature
寒痰、湿痰及脾胃虚寒者慎服反乌头、草乌,Contraindication
清热润肺,Efficacy
化痰止咳,Efficacy
长白山植物药志,Literature
不宜与川乌、制川乌、草乌、制草乌、附子、天雄同用,Contraindication
甘肃南部,Origin
青海南部,Origin
云南及西藏,Origin
医级,Literature
安徽中医学院学报,Literature
汤液本草,Literature
本草经集庄,Literature
卫生杂兴,Literature
集效方,Literature
圣惠力,Literature
本草别说,Literature
利咽解毒,Efficacy
医界春秋,Literature
消痰化瘀,Efficacy
制酸止痛,Efficacy
常用中药八百味精要,Literature
山东药用动物,Literature
无痰积者不宜用,Contraindication
清肺火,Efficacy
化老痰,Efficacy
软坚,Efficacy
通淋,Efficacy
沿海各地,Origin
以渤海湾产量最大,Origin
医学从众录,Literature
虚寒咳嗽忌服多服损人血气,Contraindication
息风定惊,Efficacy
清化热痰药,Category
全国各地均有。,Origin
药品化义,Literature
痧证汇要,Literature
理瀹骈文,Literature
气血虚者忌服，孕妇慎服,Contraindication
清热涤痰,Efficacy
宽胸散结,Efficacy
润燥滑肠,Efficacy
伤寒类要,Literature
清肺利咽,Efficacy
疏肝和胃,Efficacy
生肌,Efficacy
云南通志,Literature
虚寒体质者慎用,Contraindication
清心定惊,Efficacy
止咳平喘清化热痰药,Category
日华子,Literature
春脚集,Literature
丁金元方,Literature
灰指甲、鹅掌风等皮肤病患者忌服孕妇禁用服药期间忌食萝卜、酸辣,Contraindication
消痰软坚,Efficacy
利水、止咳平喘药,Category
中国药用海洋生物,Literature
不宜与甘草同用脾胃虚寒者禁服,Contraindication
祛风止痉,Efficacy
止咳平喘温化寒痰药,Category
东北及山东等地,Origin
阎氏小儿方论,Literature
外科证治全书,Literature
祛痰通经,Efficacy
贵州等地,Origin
《文山中草药,Literature
温肺祛痰,Efficacy
平喘止咳,Efficacy
解毒散结止痛,Efficacy
黑龙江常用中草药手册,Literature
有毒，慎用血虚生风、内热生惊及孕妇慎服对皮肤粘膜有强烈的刺激作用,Contraindication
养血调经、平肝止痛、敛阴止汗,Efficacy
补虚补血药,Category
古今录验,Literature
广利方,Literature
岁时广记,Literature
不宜与藜芦同用虚寒性腹痛泄泻、小儿出麻疹期间者忌食,Contraindication
补血活血,Efficacy
热盛出血患者禁服、湿盛中满及大便溏泄者慎服,Contraindication
滋阴补血,Efficacy
益精填髓,Efficacy
柳洲医话,Literature
山西中医,Literature
内蒙古中医药,Literature
景岳全韦,Literature
脾胃虚弱，气滞痰多，腹满便溏者禁服,Contraindication
"止血
熟地黄：滋阴补血",Efficacy
清热凉血药,Category
补血滋阴,Efficacy
生津润燥,Efficacy
湃湖集简方,Literature
中药形性经验鉴别法,Literature
脾胃虚寒便溏者慎服,Contraindication
益精血,Efficacy
润肠燥,Efficacy
医灯续焰,Literature
唐氏方,Literature
患有慢性肠炎、便溏腹泻者忌食,Contraindication
补肾益精,Efficacy
养血淘燥,Efficacy
食物宜忌,Literature
食物考,Literature
医学大辞典,Literature
体质虚弱过食可能上火,Contraindication
补血止血、滋阴润燥,Efficacy
医门法律,Literature
痰火点雪,Literature
医林纂要·药性,Literature
脾胃虚弱者慎用（本品黏腻，有碍消化）,Contraindication
壮肾阳,Efficacy
调冲任,Efficacy
托疮毒,Efficacy
西北及内蒙古等地,Origin
中药学,Literature
通经止痛,Efficacy
活血调经药,Category
伤科方书,Literature
丹溪治法心要,Literature
血虚无气滞血瘀者及孕妇慎服,Contraindication
活血止痛药,Category
杂病源流犀烛,Literature
血虚无气滞血瘀及孕妇慎服,Contraindication
补脾益气,Efficacy
缓急止痛,Efficacy
祛痰止咳,Efficacy
调和诸药,Efficacy
补虚补气药,Category
华北,Origin
实证中满腹胀者忌服不宜与海藻、京大戟、红大戟、甘遂、芫花同用,Contraindication
滋阴养血,Efficacy
复脉定悸,Efficacy
益气通阳,Efficacy
不宜与海藻、京大戟、红大戟、甘遂、芫花同用,Contraindication
温肾助阳,Efficacy
通经活血,Efficacy
补虚补阳药,Category
孕妇忌服，过量可致大汗淋漓,Contraindication
温补肝肾,Efficacy
壮阳固精,Efficacy
暖腰膝,Efficacy
救急易方,Literature
小品方,Literature
食物本草,Literature
阴虚火旺者忌用,Contraindication
补肾益精、养肝明目、固胎止泄,Efficacy
于金月令,Literature
辽宁常用中草药手册,Literature
孕妇、血崩、阳强、便结、肾脏有火、阴虚火动，六者禁用,Contraindication
温肾壮阳,Efficacy
南海,Origin
民间方,Literature
异鱼图,Literature
北京市中药成方迸集,Literature
国医论坛,Literature
孕妇及阴虚阳亢者禁服,Contraindication
补肾阳,Efficacy
三宝归元方,Literature
方剂学,Literature
阴虚而相火易动者忌服,Contraindication
补肾润肠、益精血,Efficacy
宁夏中草药手册,Literature
本草衍义补遗,Literature
沙漠地区药用植物,Literature
阴虚火旺，阳道易举，脾虚泄泻及实热便秘者禁服长期食用可致便秘,Contraindication
润肠通便.,Efficacy
甘肃等地,Origin
锦方选集,Literature
医学指南,Literature
大便溏薄、实热便结、相火偏旺者不宜食用,Contraindication
暂未知,Contraindication
补肾助阳,Efficacy
广西等,Origin
甘肃中医验方集锦,Literature
温肾阳,Efficacy
中医研究工作资料汇编,Literature
草药单方临床病例经验汇编,Literature
万氏家抄方,Literature
阴虚火旺者禁服《雷公炮炙论》：勿犯铁，斑人须鬓,Contraindication
养肝明目,Efficacy
会约医镜,Literature
相火炽盛，阳强易举者忌服,Contraindication
温脾止泻,Efficacy
经验后方,Literature
伤寒保命集,Literature
补要袖珍小儿方论,Literature
重订瑞竹堂经验方,Literature
阴虚火热者禁服,Contraindication
补肾壮阳,Efficacy
中药鉴别手册,Literature
孕妇及阴虚火旺者忌服,Contraindication
温肺,Efficacy
助阳,Efficacy
制酸,Efficacy
叶氏录验方,Literature
外科理例,Literature
补肾,Efficacy
润肠,Efficacy
卫生杂志,Literature
传信适用方,Literature
萧大尹方,Literature
干金食治,Literature
补肺益肾,Efficacy
助阳益精,Efficacy
博济方,Literature
辨证录,Literature
温肾壮阳、补益精髓,Efficacy
广西药用动物,Literature
中国动物药,Literature
阴虚阳盛者忌用,Contraindication
温补命门、温肾壮阳,Efficacy
严氏济生方,Literature
止血化痰,Efficacy
河北中草药,Literature
有表邪者不宜,Contraindication
补中益气,Efficacy
健脾益肺,Efficacy
新医疗法资料汇编,Literature
青海省中医验方汇编,Literature
科学的民间药草,Literature
喉科紫珍集,Literature
实证、热证禁服；正虚邪实证不宜单独应用，不宜与黎芦同用,Contraindication
健脾胃,Efficacy
补肺气,Efficacy
草木便方,Literature
闽南本草,Literature
孕妇禁用，经期宜少食，食用过多会导致女性月经不调,Contraindication
补气养阴,Efficacy
清热生津,Efficacy
大众中医药,Literature
中西医结合杂志,Literature
中阳衰微、胃有寒湿者忌服禁忌喝茶禁忌24小时内食用萝卜不宜与藜芦同用,Contraindication
补益脾肺,Efficacy
辽宁中医杂志,Literature
表实邪盛者不宜用,Contraindication
大补元气,Efficacy
复脉固脱,Efficacy
益气摄血,Efficacy
安神,Efficacy
临床验方集,Literature
滋补强壮,Efficacy
散瘀止痛,Efficacy
止血祛痰,Efficacy
西藏等地,Origin
湖南农村常用中草药手册,Literature
孕妇忌服无虚无瘀者不宜,Contraindication
益气健脾,Efficacy
活血脉,Efficacy
陕甘宁青中草药,Literature
补气安神,Efficacy
杭州药用植物志,Literature
出血性疾病、过敏体质者及有出血倾向慎用，实证及外感初起者忌用,Contraindication
补益心脾,Efficacy
养血安神,Efficacy
补脾养胃,Efficacy
生津益肺,Efficacy
补肾涩精,Efficacy
濒湖经验方,Literature
益气活血,Efficacy
通脉平喘,Efficacy
现代实用本草,Literature
西藏常用中草药,Literature
中医药大辞典,Literature
儿童，孕妇慎用,Contraindication
延安地区中草药手册,Literature
中国药植图鉴,Literature
醒园录,Literature
湿盛、痰凝、食滞、虫积及龋齿作痛、痰热咳嗽者慎用,Contraindication
补脾和中,Efficacy
化湿消暑,Efficacy
仁存堂经验方,Literature
患寒热病者、冷气人勿食，患疟者忌食生用研末服宜慎,Contraindication
止咳祛痰,Efficacy
民间常用草药,Literature
脾胃虚寒慎用,Contraindication
温肾补精、养血益气,Efficacy
各大正规医院。,Origin
养老奉亲书,Literature
刘氏经验方,Literature
诸证辨疑,Literature
脾虚湿困食少者慎服，表邪未解及内有实邪者禁服阴虚患者不宜单用,Contraindication
补肾清肝、明目、利尿,Efficacy
脾胃虚寒，大便溏泻者慎服,Contraindication
补气健脾,Efficacy
燥湿利水,Efficacy
健脾安胎,Efficacy
夏子益治奇疾方,Literature
补气益肺,Efficacy
祛暑生津,Efficacy
脾胃虚寒者慎服，不宜与藜芦、五灵脂同用,Contraindication
补气养血,Efficacy
抗癌,Efficacy
凉血止血药,Category
各地还有人工栽培,Origin
静月山人亲身经验方,Literature
惠济方,Literature
药用寄生,Literature
虚寒溏泻者慎服,Contraindication
活血,Efficacy
化饮,Efficacy
止泻,Efficacy
活血止血药,Category
西北及黑龙江,Origin
文堂集验方,Literature
脾胃虚寒不建议长期单独服用,Contraindication
解毒消肿、清热利湿、凉血止血,Efficacy
我国西北,Origin
华南和西南各地,Origin
解毒敛疮,Efficacy
全国中草药新疗法资料展览会选编,Literature
宣明方,Literature
沈氏尊生书,Literature
宁夏中草药,Literature
虚寒出血或有淤者慎服多服伤胃大面积烧烫伤病人不宜使用地榆外涂,Contraindication
通经,Efficacy
祛瘀,Efficacy
葛祖方,Literature
江苏验方草药选编,Literature
脾胃虚寒、无瘀滞者慎服,Contraindication
散瘀,Efficacy
胃弱泄泻者勿服；诸病不由血热者不宜用,Contraindication
滋补肝肾,Efficacy
脾肾虚寒者忌服,Contraindication
清肝泻火,Efficacy
集简方,Literature
箧中秘宝方,Literature
杜氏家抄方,Literature
医学启蒙,Literature
脾胃虚寒、阴虚发热而无实火慎用,Contraindication
动植物民间药,Literature
深师方,Literature
谈野翁方,Literature
南方主要有毒植物,Literature
江苏省中草药新医疗法展览资料选编,Literature
脾胃虚寒，溲多不渴者忌服忌犯铁器切制白茅根忌用水浸泡，以免钾盐丢失,Contraindication
和脾,Efficacy
利水,Efficacy
分布全国各地都有。,Origin
广西中草药,Literature
便清泄泻、阴虚火旺、目疾、疮疡、热感冒者或体弱者者不宜便溏者慎食,Contraindication
清热泻火,Efficacy
寿世保元,Literature
杨氏简易方,Literature
陈氏产宝,Literature
脾胃虚寒及孕妇忌服,Contraindication
通便,Efficacy
江西民间草药,Literature
有小毒，内服谨慎脾胃虚寒、泄泻少食者慎用,Contraindication
清热解毒、消炎利尿,Efficacy
清热解毒药,Category
常用中草药彩色图谱,Literature
常用青草药选编,Literature
云南中草蓟,Literature
福建中草药处方,Literature
长江,Origin
丘陵,Origin
路边较湿润的地方,Origin
天宝本草,Literature
孕妇忌用，老弱气虚者少用,Contraindication
温中止血,Efficacy
止呕止泻,Efficacy
本草纲目·土部·伏龙肝,Literature
出血、呕吐、泄泻属热证、呕吐反胃者禁服,Contraindication
止带止痢,Efficacy
脾胃虚弱者慎用,Contraindication
活血止血,Efficacy
利湿解毒,Efficacy
岭南釆药录,Literature
福鼎本草,Literature
止血生肌、敛疮定痛,Efficacy
万氏秘传外科心法,Literature
降血压,Efficacy
本革拾遗,Literature
闽东民间草药,Literature
闽东草药,Literature
虚寒出血患者慎服,Contraindication
消肿生肌,Efficacy
喉科心法,Literature
医醇媵义,Literature
外感咳血，肺痈初起及肺胃有实热者忌服,Contraindication
忌铁器,Contraindication
收湿生肌敛疮,Efficacy
云南西双版纳地区,Origin
现广东,Origin
福建有栽培,Origin
饮膳正要,Literature
海上仙方,Literature
全国中草药新医疗法展览会资料选编,Literature
寒湿之证禁服,Contraindication
止血活血,Efficacy
收敛止痛,Efficacy
禹讲师经验方,Literature
孕妇慎用部分人服后有恶心，腹胀，呕吐，手麻，头晕等反应，不宜过量,Contraindication
拔毒生肌,Efficacy
脾胃虚寒者忌用,Contraindication
清热凉血,Efficacy
解毒疗疮,Efficacy
常用中草药,Literature
血热相宜、血虚、汗多亡阳、泄泻不止者忌服，白薇恶黄芪、大黄、大戟、干姜、干漆、大枣、山茱萸,Contraindication
活血散结,Efficacy
海南等地,Origin
民族药志,Literature
《湖南药物志,Literature
江西中草药,Literature
阴虚火旺及孕妇禁服忌食酸、辣、萝卜等食物,Contraindication
解表散寒,Efficacy
行气和胃,Efficacy
辛温解表药,Category
全国各地均有栽培。,Origin
海上名方,Literature
本草逢原,Literature
温病及气弱表虚者忌服久服泄人真气,Contraindication
南京地区常用中草药,Literature
有小毒、勿过量孕妇慎服,Contraindication
解毒散结,Efficacy
滋阴降火,Efficacy
吉人集验方,Literature
脾胃有湿及脾虚便溏者忌服《雷公炮炙论》：使用时勿令犯铜，饵之噎人喉，丧人目,Contraindication
升发清阳,Efficacy
凉血熄风,Efficacy
我国南方各地,Origin
孕妇忌服注意：此红丝线非粤北、东江地区常用的跌打、风湿草药红丝线,Contraindication
江西中药,Literature
云南中医验方,Literature
凉血除蒸,Efficacy
清肺降火,Efficacy
全国各省区,Origin
仁术便览,Literature
凉血止痢,Efficacy
燥湿杀虫,Efficacy
虚寒泻痢忌服,Contraindication
止咳利尿,Efficacy
河北及东北,Origin
四川等地,Origin
中药新编,Literature
血虚者慎服,Contraindication
活血散瘀,Efficacy
血虚有寒，孕妇及月经过多者慎服,Contraindication
解毒透疹,Efficacy
幼科金针,Literature
胃肠虚弱、大便滑泄者慎服忌水洗《本草经疏》：痘疮家气虚脾胃弱、泄泻不思食、小便清利者，俱禁用,Contraindication
凉血消斑,Efficacy
我国东北,Origin
及广东等地,Origin
谈翁试验方,Literature
重订通俗伤寒论,Literature
端效方,Literature
明目经验方,Literature
中寒者勿服,Contraindication
散风热,Efficacy
清头目,Efficacy
除烦渴,Efficacy
《纲目拾遗,Literature
疏风清热,Efficacy
清热泻火药,Category
华北等地,Origin
本草推陈,Literature
山西中药志,Literature
苏州本产药材,Literature
镇惊开窍,Efficacy
至宝方,Literature
兵部手集方,Literature
"寒嗽及脾虚便溏者忌服《纲目》：""姜汁为之使""",Contraindication
清暑涤热,Efficacy
生津止渴,Efficacy
排脓消肿,Efficacy
我国西南,Origin
华南及陕西,Origin
苷济方,Literature
脾胃虚寒大便滑泄者忌服,Contraindication
通脉解毒,Efficacy
非实热者慎用；恶巴豆,Contraindication
泻热,Efficacy
润燥,Efficacy
口齿类要,Literature
良方集腋,Literature
赵氏经验方,Literature
日华子木草,Literature
水肿、呕吐者着禁服,Contraindication
祛风热,Efficacy
清泄肝火,Efficacy
我国大部分地区,Origin
肝肾虚及青光眼患者忌用，肝虚目疾不宜单用,Contraindication
除烦止渴,Efficacy
广东省惠阳地区中草药,Literature
浙江民间常用中草药手册,Literature
孙真人食忌,Literature
福州中草药临床手册,Literature
无实火、湿热者慎服，体虚有寒者禁服孕妇、肾亏尿频者忌服,Contraindication
清暑,Efficacy
消食,Efficacy
化痰,Efficacy
除烦止呕,Efficacy
金匮玉函方,Literature
玄感传尸方,Literature
湖南中草药单方验方选编,Literature
百病良方,Literature
脾胃虚寒者忌服因寒霍乱阼胀，因寒呕吐勿服,Contraindication
丹溪纂要,Literature
药类法象,Literature
苦寒，不宜久服，脾虚便溏者忌服,Contraindication
伤寒总病论,Literature
明目方,Literature
陕西新医药,Literature
保寿堂经验方,Literature
喉科秘诀,Literature
脾胃虚寒及血虚、阴虚发热者忌服恶巴豆畏铁,Contraindication
清暑解热,Efficacy
止渴,Efficacy
种福堂公选良方,Literature
要药分剂,Literature
中寒湿盛者忌用,Contraindication
清热燥湿,Efficacy
泻肝定惊,Efficacy
履?岩本草,Literature
飞鸿集,Literature
幼科类萃,Literature
脾胃虚弱作泄及无湿热实火者忌服，勿空腹服用,Contraindication
清暑解表,Efficacy
去湿消滞,Efficacy
消炎止痒,Efficacy
野生或栽培,Origin
惠州地区中草药,Literature
惠阳地区中草药,Literature
清热养肝,Efficacy
明目退翳,Efficacy
中南及陕西,Origin
目疾属阳虚内寒者慎服,Contraindication
清热解暑、清肠止泻、止咳化痰,Efficacy
西双版纳傣药志,Literature
双版纳傣药志,Literature
凡暑湿兼寒，寒湿泻泄，肺寒咳嗽，皆宜慎用,Contraindication
清热明目,Efficacy
本草考汇,Literature
神农本经,Literature
华本草,Literature
脾虚便溏者慎服,Contraindication
扁鹊心书,Literature
脾胃虚寒，大便溏泄者忌服多服令人泄,Contraindication
清火明目,Efficacy
徐氏家传方,Literature
倪海厦,Literature
全展选编?传染病,Literature
方家方选,Literature
脾胃虚弱、气虚者慎服,Contraindication
除骨蒸,Efficacy
解暑热,Efficacy
清虚热药,Category
通俗伤寒论,Literature
胃虚、泄泻、产后血虚、出汗多者勿用,Contraindication
收敛养血,Efficacy
西藏,Origin
拜地依药书,Literature
注医典,Literature
后续医典,Literature
药物之园,Literature
晶珠本草,Literature
清热解毒、泻火通便,Efficacy
疏肝利胆,Efficacy
抗X射线,Efficacy
暂不明,Contraindication
我国南北各地,Origin
浙扛民间常用草药,Literature
清热解毒、利水消肿、凉血止血,Efficacy
救荒本草,Literature
孕妇忌服；脾胃虚弱、低血糖者者少食,Contraindication
胃阴虚者不宜,Contraindication
接骨,Efficacy
我国长江以南,Origin
以西南较为常见,Origin
孕妇、儿童慎用不可过量,Contraindication
凉血消肿,Efficacy
燥湿,Efficacy
阳虚证及脾胃弱者慎服,Contraindication
渗湿止痒,Efficacy
脾胃虚寒者、孕妇慎用,Contraindication
清热解毒、凉血止血,Efficacy
全国各地均有分布。,Origin
蜀本草,Literature
简便良方,Literature
何氏济生论,Literature
经效产宝,Literature
脾胃虚寒者慎用；孕妇忌用,Contraindication
凉血利咽,Efficacy
本草便读,Literature
新疆中草药,Literature
体虚而无实火热毒者忌服,Contraindication
浙南本革新编,Literature
现代实用中草药,Literature
云南草药,Literature
脾胃虚寒、无实火热毒者慎服,Contraindication
华南以及浙江,Origin
江西等地,Origin
草木便方今释,Literature
民间良方,Literature
岭南杂记,Literature
虚寒者忌用忌铁,Contraindication
利咽开音,Efficacy
江西西部及西南部,Origin
湖南南部,Origin
贵州东南部,Origin
新中医,Literature
潮州志物产志,Literature
中草药处方选编,Literature
破瘀通经,Efficacy
熄风镇惊,Efficacy
全展选编·外科,Literature
经验济世良方,Literature
孕妇及体虚无瘀者禁服,Contraindication
益气血,Efficacy
生津液,Efficacy
补虚益气,Category
居家必用率类全集,Literature
葡萄,Literature
葡萄干,Literature
糖尿病患者忌食肥胖者不宜多食,Contraindication
球茎：清热止渴,Efficacy
利湿化痰,Efficacy
"降血压
地上全草：清热利尿",Efficacy
清热药,Category
皮肤科杂志,Literature
本草汇编,Literature
神秘方,Literature
古方选注,Literature
虚寒及血虚者慎服,Contraindication
益肾固精,Efficacy
助阳缩尿,Efficacy
止浊,Efficacy
固精缩尿止带药,Category
华中地区,Origin
徐氏胎产方,Literature
揣摩有得集~暖肾助火汤,Literature
医学入门：“热水浸淘七次。”《本草能玄,Literature
阴虚火旺或膀胱有热者慎服《本草经集注》：得龙骨治泄精畏旋复花,Contraindication
破症结,Efficacy
行水湿,Efficacy
化毒,Efficacy
定痛,Efficacy
救生丹,Literature
绛囊撮要,Literature
有毒，表热、虚脱忌用,Contraindication
利水消胀,Efficacy
行箧检秘,Literature
药奁启秘,Literature
有毒，《饮片新参》：“表热及虚胀者忌用”,Contraindication
清热解毒、活血止痛,Efficacy
中医大宝库群友,Literature
现代中药学大辞典,Literature
腹痛腹泻、受风寒感冒、身体虚寒者慎用,Contraindication
益气养血、健脾利湿、活血调经,Efficacy
活血通经,Efficacy
下乳消肿.,Efficacy
东轩产科方,Literature
金匮宴略,Literature
指南方,Literature
孕妇及月经过多者禁服,Contraindication
华中,Origin
华东以及西南各地,Origin
概物名实图考,Literature
粤北草药,Literature
东北药用植物,Literature
孕妇、气虚崩漏者禁服,Contraindication
通经下乳,Efficacy
消肿排脓,Efficacy
搜风通络,Efficacy
单骧方,Literature
疡科遗编,Literature
气血不足，痈疽已溃者慎服,Contraindication
补血,Efficacy
益寿中草药选解,Literature
阴虚火亢者慎用,Contraindication
破血、逐瘀、通经,Efficacy
体弱血虚，无瘀血停聚及孕妇忌服畏石灰和盐,Contraindication
活血祛瘀,Efficacy
调经,Efficacy
消水,Efficacy
福建省中草药新医疗法资料选编,Literature
阴虚血少者忌服忌铁器,Contraindication
理气血,Efficacy
逐寒湿,Efficacy
温经,Efficacy
温经止血药,Category
陈素庵妇科补解,Literature
张文仲方,Literature
养生必用方,Literature
杨诚经验方,Literature
活血通经、散瘀止痛,Efficacy
产乳集验方,Literature
急救便方,Literature
活血化瘀,Efficacy
解郁安神,Efficacy
活血调经药以身长，色紫红，滋润而有光泽，黄色花柱少，味辛凉者为佳,Category
月经过多、溃疡病、出血性疾病者及孕妇忌服,Contraindication
活血调经、清肝明目,Efficacy
活血调经药以饱满粒大者为佳,Category
务中药性,Literature
肝血不足，瞳子散大及孕妇忌服,Contraindication
敛疮消肿,Efficacy
气血虚弱，脾虚作泄者忌服,Contraindication
北刘寄奴：活血祛瘀,Efficacy
广西以及我国华东,Origin
西南至西部各地,Origin
福建药物态,Literature
活血调经,Efficacy
孕妇，哺乳母亲和癫痫患者禁用,Contraindication
祛瘀消痈,Efficacy
西南及陕西,Origin
无瘀血者慎服；血虚枯秘者、孕妇禁服,Contraindication
破血祛瘀,Efficacy
医略六书,Literature
孕妇、便溏者慎用,Contraindication
散毒消肿,Efficacy
不宜久服，脾胃虚寒者及孕妇慎用,Contraindication
行气祛瘀、凉血祛风,Efficacy
气血虚弱及孕妇忌服畏卤咸,Contraindication
胃痛吞酸,Efficacy
吐、衄、呕血,Efficacy
便血,Efficacy
崩漏带下,Efficacy
血枯经闭,Efficacy
腹痛癥瘕,Efficacy
虚疟泻痢,Efficacy
阴蚀烂疮收敛止血,Efficacy
固精止带,Efficacy
收湿敛疮主吐血,Efficacy
呕血,Efficacy
崩漏,Efficacy
衄血,Efficacy
创伤出血,Efficacy
肾虚遗精滑精,Efficacy
赤白带下,Efficacy
胃痛嘈杂,Efficacy
嗳气泛酸,Efficacy
湿疹溃疡,Efficacy
素问,Literature
鬼遗方,Literature
医宗三法,Literature
浙江中 医,Literature
单方验方新医疗法新编,Literature
（鱼孚）溪单方选,Literature
阴虚多热者不宜多服；久服易致便秘，可适当配润肠药同用,Contraindication
全展选编?五官科,Literature
逐瘀通经,Efficacy
引血下行,Efficacy
中气下陷、梦遗滑精、月经过多、孕妇禁服,Contraindication
通利关节,Efficacy
妇女月经过多，妊娠，梦遗滑精者忌用,Contraindication
泻火解毒,Efficacy
上海常用中草药手册,Literature
月经过多、孕妇忌服,Contraindication
清心除烦,Efficacy
四川西部,Origin
云南西北部,Origin
刘涓子鬼遗方,Literature
时方歌括,Literature
集验拔萃良方,Literature
"月经过多而无瘀血者禁服，孕妇慎用
《本草经集庄》：""畏咸水反藜芦"" 忌醋",Contraindication
活血消肿,Efficacy
及云贵川等区,Origin
贵阳民间草药,Literature
脾胃虚寒者慎用,Contraindication
疏肝理气、活血止痛、除烦利尿,Efficacy
常用抗癌药物手册,Literature
消癖汤,Literature
脾虚作泄泻者匆服,Contraindication
凉血化瘀,Efficacy
行气解郁,Efficacy
利胆退黄,Efficacy
女科方要,Literature
丹溪心法附余,Literature
阴虚失血及无气滞血瘀者忌服，孕妇慎服,Contraindication
活血生肌,Efficacy
止痛消肿,Efficacy
非洲东北部,Origin
索马里,Origin
埃塞俄比亚等地,Origin
李念先手集,Literature
外科发挥,Literature
孕妇、胃弱忌服,Contraindication
凉血止血、祛瘀消肿,Efficacy
江苏中医杂志,Literature
医学广笔记,Literature
脾胃虚寒者禁服,Contraindication
总微论,Literature
除风除湿,Efficacy
生药学,Literature
散结消瘀,Efficacy
清肺润肠,Efficacy
化瘀止痛,Efficacy
我国各地均有。,Origin
施今墨对药,Literature
脾胃虚寒，腹泻者忌服,Contraindication
清热祛湿,Efficacy
广西野生资源植物,Literature
虚寒无火、大便燥结者忌用,Contraindication
万县中草药,Literature
行血祛瘀,Efficacy
药鉴,Literature
新修本草,Literature
云南抗癌中草药,Literature
药义明辨,Literature
性走散动血，血虚无瘀者及孕妇慎用,Contraindication
"利尿消肿
根：散瘀消肿",Efficacy
"祛风活络
茎、叶：利尿消肿",Efficacy
要决医典,Literature
青藏高原药物图鉴,Literature
无瘀滞及孕妇勿服,Contraindication
降压镇痉,Efficacy
活血去瘀,Efficacy
解毒利湿,Efficacy
湖南和江西等地,Origin
植物学大辞典,Literature
药用植物学,Literature
有小毒，体虚及孕妇忌服,Contraindication
活血散瘀、理气止痛,Efficacy
"活血止痛药
【药用部位以块茎入药以个大、饱满、质坚、色黄、内色黄亮者为佳",Category
医宗必读,Literature
中草药、验方、制剂、栽培选编,Literature
山东中医杂志,Literature
血热气虚及孕妇忌服,Contraindication
接骨续筋.,Efficacy
陆氏积德堂方,Literature
《日华子本草,Literature
纲口,Literature
阴虚火旺，血虚无瘀者忌服,Contraindication
行气开郁,Efficacy
宋氏女科秘书,Literature
傅青主女科,Literature
傅青主男女科,Literature
补肾强骨,Efficacy
续伤止痛,Efficacy
阴虚内热及无瘀血者慎服不宜与风燥药同用，忌羊肉、羊血、芸薹菜,Contraindication
化瘀止血,Efficacy
消积解毒,Efficacy
西藏等,Origin
鸡峰昔济方,Literature
疑难急症简方,Literature
杏苑生春,Literature
经效方,Literature
眼科龙木论,Literature
赤水玄殊,Literature
理气通脉,Efficacy
化浊降脂,Efficacy
东北及内蒙古,Origin
脾胃虚弱及孕妇慎服,Contraindication
通经活络,Efficacy
本草用法研究,Literature
疮疡外用本草,Literature
常见病验方选编,Literature
脾胃虚寒者少用,Contraindication
孕妇忌服忌与酸味食物同服,Contraindication
疏风通络,Efficacy
西南及辽宁,Origin
温病条例,Literature
余居士选奇方,Literature
外科精要,Literature
脾胃虚寒，泄泻不止者禁服,Contraindication
祛风益气,Efficacy
收湿,Efficacy
淮河流域,Origin
以及福建,Origin
血虚、内热者慎服，多食发上焦热病,Contraindication
风火喉痛及中寒者忌用,Contraindication
清热利咽,Efficacy
生津解毒,Efficacy
王氏医案,Literature
味甘、性涩，表证初起者慎用,Contraindication
阴虚内热、脾虚、泄泻者禁服,Contraindication
内蒙,Origin
山西及河南,Origin
珍珠囊补遗药性赋,Literature
有小毒，脾虚便溏者禁服，孕妇及有肝病慎服,Contraindication
消肿利咽,Efficacy
实用抗癌手册,Literature
备急方,Literature
仁济直指方,Literature
外科集验方,Literature
有毒，脾胃虚寒泄泻者忌服,Contraindication
直指小儿方,Literature
中华临床医学研究杂志,Literature
中国民间疗法,Literature
脾胃虚寒者慎用，孕妇禁用,Contraindication
解毒止血,Efficacy
西北各地,Origin
外科良方,Literature
风寒劳咳失音者忌用,Contraindication
祛湿,Efficacy
中草药通讯,Literature
有一定毒性，内服不宜过量孕妇慎服,Contraindication
全国各地均有栽培,Origin
脾胃虚寒、非心胃热毒、虚作泻者忌服,Contraindication
安徽等地,Origin
全展选编·五官科,Literature
寒出血、脾胃虚寒者禁服,Contraindication
木棉花祛湿清热；阴虚津亏或虚寒体质的人不宜服用,Contraindication
凉散风热,Efficacy
外科十法,Literature
竹林女科,Literature
脾胃虚寒及疮疡属阴证者慎服,Contraindication
积善堂经验方,Literature
脾胃虚寒、疮疡阴证者慎服,Contraindication
清热解毒、清肝明目,Efficacy
南至华南,Origin
有实热、虚证禁服恶防己、地黄,Contraindication
青海常用中草药手册,Literature
医宗金鉴-外科心法要诀,Literature
体质虚寒者忌服阴疽漫肿无头及脾胃虚寒者慎服,Contraindication
蛇莓果实有微毒，最好不要生吃孕妇及儿童慎服,Contraindication
宁夏等,Origin
体虚者忌用，孕妇慎用,Contraindication
清热解毒、利水消肿,Efficacy
体虚者忌之，孕妇慎用,Contraindication
利咽祛湿,Efficacy
王秋泉家秘,Literature
采药志,Literature
物理小识,Literature
全国中草药新疗法展览会资料选编,Literature
救生苦海,Literature
体质虚弱者、孕妇慎服,Contraindication
利湿通乳,Efficacy
刘长春经验方,Literature
消肿明目,Efficacy
吉林西部,Origin
内蒙古东部,Origin
山西和河南北部,Origin
山海草函,Literature
利湿消肿、止血,Efficacy
济生秘览,Literature
河北药材,Literature
清热解毒、利尿消肿,Efficacy
云南及四川,Origin
虚证水肿禁服,Contraindication
浙南本草选编,Literature
广西药植图志,Literature
血虚者、孕妇慎服,Contraindication
攻毒疗疮,Efficacy
昔济方,Literature
孕妇及体虚者忌服忌猪肉,Contraindication
清热利尿、消肿解毒、治黄疸,Efficacy
贵阳民间药萆,Literature
脾胃虚寒、孕妇慎服,Contraindication
中寒泄泻者勿服,Contraindication
止血消肿,Efficacy
民间草药,Literature
成都中草药,Literature
孕妇慎用阳虚有寒、脾胃虚寒等少用,Contraindication
浙扛天目山药植志,Literature
消暑利水,Efficacy
寿世青编,Literature
遵生八笺,Literature
脾胃虚寒滑泄者慎服,Contraindication
化痰利咽,Efficacy
中草药图普,Literature
孕妇禁用，凡脾虚泄泻及痰湿忌用,Contraindication
福建民间草药志,Literature
孕妇、体弱者忌服,Contraindication
截疟止痢、腐蚀赘疣,Efficacy
吉云旅钞,Literature
新中医药,Literature
河北中医药集锦,Literature
孕妇及小儿慎用胃肠出血及肝肾病患者忌用,Contraindication
清热祛痰,Efficacy
消积杀虫,Efficacy
"利咽止泻
果：清热除痰",Efficacy
"利咽止泻
根：清热解毒",Efficacy
化痰散瘀,Efficacy
解毒消瘿,Efficacy
陕西及我国华东,Origin
华南和西南地区,Origin
脾胃虚弱、肝肾功能不全者慎服,Contraindication
消肿散结,Efficacy
医宗汇编,Literature
安徽中医药,Literature
脾虚便溏和小便清利者忌用,Contraindication
消痈下乳,Efficacy
舒筋通脉,Efficacy
中医秘验方,Literature
日华,Literature
本经续疏,Literature
气虚、疮疡平塌不起及孕妇忌服,Contraindication
清清热解毒,Efficacy
排脓止血,Efficacy
陜西,Origin
集验背疽方,Literature
清热解毒、润燥化痰,Efficacy
浙江医学,Literature
理湿镇惊,Efficacy
消肿止血,Efficacy
贵州省中草药资料,Literature
中草药,Literature
西宁中草药,Literature
无实火热毒者不宜阴证外疡忌服,Contraindication
利咽止痛,Efficacy
柑园小识,Literature
全展选编?肿瘤,Literature
全展选编?内科,Literature
新医药资料,Literature
广西中草药新医疗法处方集,Literature
全展选编?外科,Literature
脾胃虚弱者慎服,Contraindication
排脓祛瘀,Efficacy
孕妇禁用，服后应避免日晒，以防光敏反应,Contraindication
散瘀止痛、祛风除湿,Efficacy
湖北至海南各地,Origin
西藏东南部至台湾,Origin
中草药抗菌消炎经验交流会资料选编,Literature
虚弱者慎用,Contraindication
散结逐瘀,Efficacy
利水杀虫,Efficacy
有毒，用时严遵医嘱；孕妇及体质虚寒禁服,Contraindication
解毒退热,Efficacy
生品大毒禁内服；外用宜慎，因本吕外敷有致泡作用,Contraindication
清热凉血、利尿解毒,Efficacy
清热解毒、消肿散瘀、止痛利水,Efficacy
云南恩茅中草药选,Literature
清热解毒、利水除湿、消食杀虫,Efficacy
全展选编?妇产科,Literature
广东省医药卫生科技资料选编,Literature
身体虚寒以及体内虚火旺盛慎用,Contraindication
健脾消积,Efficacy
镇静止痛,Efficacy
阳虚者慎服,Contraindication
利咽喉,Efficacy
消痰涎,Efficacy
无实热、脾虚便溏及孕妇忌服久服令人虚.,Contraindication
全展选编•外科,Literature
脾胃虚寒、痈疽已溃、无实火者忌服孕妇、儿童慎用,Contraindication
凉肝定惊,Efficacy
农村常用草药手册,Literature
中国药植志,Literature
虚寒证、阴性疮疡及孕妇禁服,Contraindication
西藏东南等地,Origin
全国中草药汇编.上册,Literature
肿瘤要略,Literature
虚寒证、元气虚、阴性疮疡、孕妇禁服,Contraindication
清热解毒、凉血止血、杀虫,Efficacy
常用中草药单方验方选编,Literature
多能鄙事,Literature
奉经续疏,Literature
阴虚内热、脾胃虚寒者慎用；孕妇慎用,Contraindication
辽宁西部,Origin
安徽西部,Origin
陕西及宁夏,Origin
玉樵医令,Literature
脾胃虚弱，气虚发热，痈疽已溃、脓稀色淡者忌服,Contraindication
健胃清肠,Efficacy
消肿解毒果：润肺止咳,Efficacy
清热润肠叶：肠炎,Efficacy
腹泻,Efficacy
外用治痈肿,Efficacy
消痈排脓,Efficacy
硕虎斋医话,Literature
排脓消痈,Efficacy
陕西草药,Literature
福津药物志,Literature
虚寒症及阴性外疡忌服《别录》：多食令人气喘孟诜：久食之，发虚弱，损阳气，消精髓,Contraindication
凉血平肝,Efficacy
华南及西南地区,Origin
北方常用中草药手册,Literature
陕西南部,Origin
山西南部,Origin
江苏西南部,Origin
安徽南部,Origin
浙江西北部,Origin
湖北西部,Origin
广东北部,Origin
四川及西藏东部,Origin
中药与处方手册,Literature
临床常用中药手,Literature
正虚体弱者慎服,Contraindication
中医大宝库了月献方,Literature
中医大宝库静月山人,Literature
叶：滋阴清热根、茎：清热解毒,Efficacy
四川等省,Origin
肺虚咳嗽、大便溏泄者忌服,Contraindication
清热补虚,Efficacy
泻火退热,Efficacy
清热解毒、活血祛瘀,Efficacy
有毒（一说无毒）,Contraindication
西南及河北,Origin
阴脏人畏寒易泄者勿服杜仲、牡丹为之使恶铁落，畏菖蒲、贝母,Contraindication
散寒,Efficacy
颐真堂经验方,Literature
本耳图经,Literature
"热证及阴虚内热者忌服《雷公炮炙论》：""不可见火畏郁金""",Contraindication
清肺热,Efficacy
去肝火,Efficacy
实用中草药,Literature
长期服用有可能伤人正气,Contraindication
发汗解表、祛风利湿、散瘀止痛,Efficacy
广东等省区,Origin
孕妇禁服,Contraindication
补中润燥,Efficacy
止痛解毒,Efficacy
补虚药,Category
痰湿内蕴、中满痞胀及肠滑泄泻者忌服,Contraindication
清热燥湿、泻火解毒,Efficacy
清热燥湿药,Category
滋阴补肾,Efficacy
强筋健骨,Efficacy
增强免疫,Efficacy
主要生长在云南地区,Origin
孕妇、生理期、心脑血管疾病不宜使用,Contraindication
云南经济植物,Literature
永和本,Literature
红河中草药,Literature
贵州药植目录,Literature
健脾,Efficacy
软坚消症,Efficacy
拔毒去腐,Efficacy
华南及台湾,Origin
暂不全，慎重用药,Contraindication
凡内伤劳倦，阳气下陷，肾虚精滑及内无湿热者，慎服,Contraindication
理气祛风药,Category
天目山药植志,Literature
中国苗族药物彩色图集,Literature
贵州苗族医药研究与开发,Literature
中草药资料,Literature
贵州中药资源,Literature
暂未知，请谨慎,Contraindication
祛风利水止血药,Category
补血止血,Efficacy
祛风清热药,Category
常用青草药手册,Literature
新会草药,Literature
孕妇慎服不宜与麦冬、硫磺、雄黄同用,Contraindication
清热止血药,Category
葛祖遗方,Literature
采药书,Literature
慈航活人书,Literature
医方集听,Literature
药物图考,Literature
血虚者慎用,Contraindication
香港,Origin
济阴方,Literature
广志,Literature
气弱体虚及孕妇均忌服,Contraindication
清毒散火,Efficacy
止血药,Category
江切要,Literature
"""阴虚火燥，咳嗽肺损者勿用",Contraindication
破结行水、解毒消肿,Efficacy
利水渗湿药,Category
"①《纲目》：""娠妇忌用""②《本草经集注》：""恶硫黄、斑苗(蝥)、无夷""",Contraindication
补血养阴,Efficacy
润肺化痰,Efficacy
补虚补阴药,Category
中南及西南各地区,Origin
苗族医药学,Literature
草药彩色图集,Literature
不明，请谨慎用药,Contraindication
祛风除湿、化瘀止痛、消肿毒,Efficacy
越南和日本等地,Origin
杏林医学,Literature
固肾涩精,Efficacy
止血生津,Efficacy
止血收涩药,Category
幼幼集成,Literature
小便不利者忌服，不宜与地黄、葱、蒜共服,Contraindication
中医大宝库收集民间验方,Literature
孕妇不宜服,Contraindication
南北各地,Origin
虚寒久痢禁服,Contraindication
舒筋活络,Efficacy
华东及内蒙古,Origin
青海等地,Origin
内蒙古中草药新医疗法资料选编,Literature
除湿止带,Efficacy
大小便不利者禁服；食滞不化者慎服,Contraindication
定痛止血,Efficacy
孕妇忌服饭前服用，用药期间忌食酸、碱性食物,Contraindication
补虚药补气药,Category
究原方,Literature
传家秘宝,Literature
静月山人,Literature
石室秘录,Literature
表实邪盛，气滞湿阻，食积停滞，痈疽初起或溃后热毒尚盛等实证，以及阴虚阳亢者，均须禁服,Contraindication
散瘀解毒,Efficacy
泻下药,Category
汪连仕采药书,Literature
李氏草秘,Literature
孕妇及体虚者忌服,Contraindication
补脾益肺,Efficacy
安神益智用于体虚欲脱,Efficacy
肢冷脉微,Efficacy
脾虚食少,Efficacy
肺虚喘咳,Efficacy
津伤口渴,Efficacy
内热消渴,Efficacy
久病虚赢,Efficacy
惊悸失眠,Efficacy
阳痿宫冷,Efficacy
心力衰竭,Efficacy
生津,Efficacy
久病虚羸,Efficacy
"心原性休克
叶:补气益肺",Efficacy
祛暑生津用于气虚咳嗽,Efficacy
暑热烦躁,Efficacy
头目不清,Efficacy
四肢倦乏,Efficacy
丹漠纂要,Literature
时方妙用,Literature
经验秘方,Literature
实热证、湿热证及正气不虚者禁服不宜与茶同服不宜与藜芦、五灵脂同用,Contraindication
补精益气,Efficacy
补虚药补阳药,Category
华东及陕西,Origin
吉林省中药材标准第一册（2019年版）,Literature
本草抬遗,Literature
老弱气虚者慎服，孕妇禁服,Contraindication
栽疟,Efficacy
丽江中草药,Literature
曲靖专区中草药,Literature
内服不宜过量服后不宜吃芋头,Contraindication
清热解毒、利尿消肿、祛风止痛,Efficacy
清热祛风药,Category
过量服用可致呕吐,Contraindication
清热解毒、消肿止痛,Efficacy
全国大部分地区,Origin
针灸资生经,Literature
苣荬菜：清热解毒,Efficacy
补虚止咳大叶苣荬菜：清热解毒,Efficacy
常见混淆中草药的识别,Literature
湿邪内阻及疮疥、败疽、痔漏者慎服,Contraindication
解毒消肿、凉血止血,Efficacy
暂无,Contraindication
消肿散瘀,Efficacy
新华本草纲要,Literature
镇咳,Efficacy
一草亭目科,Literature
幼科准绳,Literature
散血消积,Efficacy
肝经血分药,Category
目疾无瘀滞者及孕妇慎服恶白蔹、白薇,Contraindication
缓中,Efficacy
补虚,Efficacy
千金·食治,Literature
湿热内郁，中满吐逆、糖尿病患者忌服,Contraindication
瘟病条辨,Literature
利尿消肿、止痛,Efficacy
燥湿化痰、祛风止痉、散结消肿,Efficacy
甘肃及长江以南各地,Origin
有毒，尚不明确孕期、哺乳期慎用,Contraindication
除热,Efficacy
消肿狗尾草子：解毒,Efficacy
截疟主缠腰火丹,Efficacy
泄泻,Efficacy
疟疾,Efficacy
清热渗湿,Category
植物名汇,Literature
诗经,Literature
周益生家宝方,Literature
孕妇、脾胃虚寒者慎用,Contraindication
安神益智,Efficacy
"畏五灵脂,反藜芦.禁与萝卜同食实证，热证而正气不虚者忌服",Contraindication
泻肺平喘、行气消肿,Efficacy
箧中方,Literature
金匮要赂,Literature
葶苈子遇水发粘，不宜用水淘洗肺虚咳喘，脾虚肿满，肾虚水肿者慎服，不宜久服,Contraindication
湖南茹物志,Literature
衡山民间草药,Literature
中医药研究资料汇编,Literature
清热、解毒、利湿、止血,Efficacy
峨帽药植,Literature
脾胃虚弱者慎用久服易伤脾胃,Contraindication
镇静,Efficacy
安神药,Category
《本草拾遗》“秃人毛发，沐汤中不少许，发尽脱，亦不更生”也就是脱发人群不适宜,Contraindication
常用食物中药,Literature
化痰止嗽,Efficacy
疮疡科经验全书,Literature
散瘀血,Efficacy
消肿毒,Efficacy
战备草药手册,Literature
祛痰、止咳平喘药,Category
除热解毒,Efficacy
基诺药,Literature
苗医药,Literature
除湿,Efficacy
脾胃虚寒及妇慎服,Contraindication
中国西南及,Origin
滇南本莩,Literature
"《闽东本草》：""孕妇忌用""",Contraindication
消暑,Efficacy
化湿,Efficacy
化湿止血药,Category
消食杀虫,Efficacy
通便利水,Efficacy
静月山人经验集,Literature
脾虚便溏及孕妇禁服,Contraindication
和血脉,Efficacy
清热凉血消肿药,Category
皮肤瘙痒、眼疾者,Contraindication
败毒消痈,Efficacy
祛风杀虫,Efficacy
活血化瘀止痛药,Category
简易草药,Literature
开窍通闭,Efficacy
杀虫散结,Efficacy
止咳、祛痰、祛湿药,Category
华南以及四川,Origin
蔺氏经验方,Literature
政类本草,Literature
医鉴初集,Literature
皂荚有毒，体虚及孕妇、咯血者禁服,Contraindication
润燥通便,Efficacy
祛风消肿,Efficacy
气虚阴亏、孕妇及体弱者禁服儿童忌用,Contraindication
消积、明目,Efficacy
消食药,Category
全国,Origin
黑龙江中药,Literature
肾虚有火及孕妇忌服《本草经疏》：目痛非风热外邪者不宜用，女子带下，溺不利属肾虚有火者并忌之,Contraindication
解毒消积,Efficacy
清热拔毒生肌药,Category
上海市中药饮片炮制规范2008年版,Literature
化石通淋,Efficacy
清热祛风活血药,Category
浙四川民间,Literature
质问本草,Literature
广西药植志,Literature
履巉岩本草,Literature
矿西中草药,Literature
履岩本草,Literature
虚寒证忌服,Contraindication
败毒抗癌、清热除湿、凉血止血,Efficacy
无毒阴虚火热不宜,Contraindication
收涩止痢,Efficacy
止带,Efficacy
清热收涩药,Category
全展选编·皮肤病,Literature
淮南万毕术,Literature
儿科撮要,Literature
全展选编?皮肤病,Literature
脾胃虚寒者忌服《本经逢原》：胃虚少食者禁用,Contraindication
纳气坠痰,Efficacy
止血敛疮,Efficacy
积德堂经验方,Literature
阴虚火炎者，慎勿误与恶徐长卿忌羊血泽泻为之使畏跄甲及流水,Contraindication
止泻涩精,Efficacy
破积,Efficacy
和胃,Efficacy
解毒药,Category
有毒，内服宜慎,Contraindication
利水药,Category
燥湿止痒,Efficacy
驱虫药,Category
孙真人集效方,Literature
频湖集简方,Literature
秘传经验方,Literature
内服有毒慎重，脏腑虚寒者及孕妇忌服恶雌黄,Contraindication
串雅内编,Literature
山东省中药材标准2012年版,Literature
辽宁省中药材标准2009版,Literature
孕妇慎用；禁与柿（柿蒂）及荆芥配伍服蟹肉过敏者忌用,Contraindication
便民图纂,Literature
发表,Efficacy
通阳,Efficacy
表虚多汗者忌服《纲目》：“服地黄、常山入，忌食葱,Contraindication
祛风通窃、解毒消肿,Efficacy
四声本草,Literature
原机启微,Literature
气虚胃弱者忌用，胃溃疡及胃炎患者慎用,Contraindication
散风,Efficacy
辛温解表驱虫药,Category
中药制剂汇编,Literature
①血虚之头痛、痹痛忌服②《唐本草》：忌猪肉、马肉、米泔③《本草从新》：散气耗血，虚人勿服,Contraindication
古今医准,Literature
缪氏方选,Literature
健胃、发表透疹、升散阴气,Efficacy
湖南药物态,Literature
千金。食治,Literature
火热者禁服,Contraindication
疏风解表,Efficacy
利尿解毒,Efficacy
解表,Category
药材生产手册,Literature
通志,Literature
东医宝鉴,Literature
新疆药材,Literature
毛诗传,Literature
中国树木分类学,Literature
急救方,Literature
诗疏,Literature
三辅旧事,Literature
古今注,Literature
尔稚,Literature
温肺化饮,Efficacy
通窍,Efficacy
本草经解,Literature
"辛温解表药
羌活的简介：",Category
婴重百间,Literature
医得效方,Literature
内外伤辨,Literature
单方验方新医疗法,Literature
保命集,Literature
体虚风动发痉者慎服，肝阳上亢头痛眩晕者禁服,Contraindication
表虚自汗、阴虚火旺者禁服,Contraindication
内服宜凉饮①《本草从新》：无表邪者戒之②《得配本草》：火盛气虚，阴虚有热者禁用,Contraindication
发汗散寒,Efficacy
宣肺平喘,Efficacy
王化医存,Literature
本草思辨录,Literature
出血、体虚自汗、咽喉干燥、失眠、高血压、心律失常等患者，不宜用麻黄,Contraindication
解表药,Category
桂枝辛温助热，易动阴动血，凡外感热病、阴虚火旺、血热妄行等症，均当忌用孕妇及月经量过多者慎用,Contraindication
理气通络,Efficacy
止痛用于风湿关节痛,Efficacy
跌打损伤,Efficacy
牙痛,Efficacy
胃痛花（山姜花）,Efficacy
调中下气,Efficacy
温祛寒燥湿,Efficacy
温胃止呕用于胃寒腹泻,Efficacy
反胃吐酸,Efficacy
食欲不振,Efficacy
土家药,Literature
湘蓝考,Literature
桂药编,Literature
理气宽中、止痛、安胎属理气药,Efficacy
尚不明确，谨慎用药,Contraindication
解表退热,Efficacy
升举阳气主外感发热,Efficacy
寒热往来,Efficacy
肝郁胁痛乳胀,Efficacy
头痛头眩,Efficacy
月经不调,Efficacy
气虚下陷之脱肛,Efficacy
子宫脱垂,Efficacy
胃下垂,Efficacy
德傣药,Literature
畲医药,Literature
蒙植药志,Literature
蒙药,Literature
和解表里,Efficacy
升阳举陷,Efficacy
退热截,Efficacy
感冒发热,Efficacy
胸胁胀痛,Efficacy
脱肛,Efficacy
辛凉解表药,Category
孙尚药方,Literature
本草方,Literature
散风清热、平肝明目疏风,Efficacy
解毒治头痛,Efficacy
眩晕,Efficacy
目赤,Efficacy
心胸烦热,Efficacy
疔疮,Efficacy
辛凉解表清热药,Category
冯氏锦囊,Literature
气虚胃寒，食少泄泻之病，宜少用之凡阳虚或头痛而恶寒者均忌用,Contraindication
发表散风、透疹,Efficacy
苇航纪谈,Literature
本草经巯,Literature
清利头目,Efficacy
利咽透疹,Efficacy
请勿在晚上入睡前使用,Efficacy
中华人民共和国药典,Literature
阴虚血燥，肝阳偏亢，表虚汗多者忌服本品芳香辛散，发汗耗气，故体虚多汗者不宜使用,Contraindication
头晕,Efficacy
咽喉热肿,Efficacy
齿痛,Efficacy
消渴,Efficacy
痈疽疮疥,Efficacy
温中散寒,Efficacy
开胃消食用于寒滞腹痛,Efficacy
呕吐,Efficacy
泻痢,Efficacy
冻疮,Efficacy
各地广泛有栽培。,Origin
单方验方选编,Literature
阴虚火旺及患咳嗽、目疾者忌服,Contraindication
回阳救逆,Efficacy
补火助阳,Efficacy
常配伍人参,Efficacy
其性走而不守,Efficacy
能通行十二经,Efficacy
故凡阳气不足之证均可用之,Efficacy
祛寒力强,Efficacy
金疮,Efficacy
破癥坚积聚,Efficacy
血瘕,Efficacy
寒湿踒躄,Efficacy
拘挛膝痛,Efficacy
腰脊风寒,Efficacy
心腹冷痛,Efficacy
霍乱转筋,Efficacy
下痢赤白,Efficacy
坚肌骨,Efficacy
强阴,Efficacy
又堕眙,Efficacy
纳耳中,Efficacy
去聋去皮炮令坼,Efficacy
以蜜涂上炙之,Efficacy
令蜜入内,Efficacy
含之,Efficacy
勿咽其汁,Efficacy
去脏腑沉寒,Efficacy
补助阳气不足,Efficacy
"温热脾胃
⑤李杲：除脏腑沉寒",Efficacy
三阴厥逆,Efficacy
湿淫腹痛,Efficacy
胃寒蛔动,Efficacy
治经闭,Efficacy
阴毒寒疝,Efficacy
中寒中风,Efficacy
痰厥气厥,Efficacy
柔痓癫痫,Efficacy
小儿慢惊,Efficacy
风湿麻痹,Efficacy
肿满脚气,Efficacy
头风,Efficacy
肾厥头痛,Efficacy
暴泻脱阳,Efficacy
久痢脾泄,Efficacy
寒疟瘴气,Efficacy
久病呕哕,Efficacy
反胃噎膈,Efficacy
痈疽不敛,Efficacy
久漏冷疮合葱涕,Efficacy
及阴毒伤寒,Efficacy
阴阳易病,Efficacy
辽宁等省区,Origin
痘疹传心录,Literature
回阳通脉,Efficacy
温肺化饮主脘腹冷痛,Efficacy
亡阳厥逆,Efficacy
寒饮喘咳,Efficacy
寒湿痹痛干姜温中散寒,Efficacy
燥湿消痰用于脘腹冷痛,Efficacy
呕吐泄泻,Efficacy
出汗,Efficacy
逐风湿痹,Efficacy
中恶、霍乱、胀满,Efficacy
风邪诸毒,Efficacy
皮肤间结气,Efficacy
冷气,Efficacy
破血,Efficacy
去风,Efficacy
通四肢关节,Efficacy
开五脏六腑,Efficacy
去风毒冷痹,Efficacy
夜多小便治嗽,Efficacy
主温中,Efficacy
霍乱不止,Efficacy
腹痛,Efficacy
消胀满冷痢,Efficacy
治血闭病人虚而冷,Efficacy
"宜加用之
④《唐本草》：治风",Efficacy
宣诸络脉,Efficacy
治转筋吐泻,Efficacy
腹藏冷,Efficacy
反胃干呕,Efficacy
瘀血,Efficacy
扑损,Efficacy
止鼻洪,Efficacy
解冷热毒,Efficacy
开胃,Efficacy
通心气,Efficacy
发诸经之寒气,Efficacy
温脾胃,Efficacy
治里寒水泄,Efficacy
下痢肠澼,Efficacy
久疟,Efficacy
霍乱,Efficacy
心腹冷痛胀满,Efficacy
止鼻衄,Efficacy
唾血,Efficacy
血痢,Efficacy
"崩漏
⑨《药品化义》：炮姜",Efficacy
行郁降浊,Efficacy
下冲逆,Efficacy
平咳嗽,Efficacy
提脱陷,Efficacy
止滑泄,Efficacy
观聚方要补,Literature
政和本草,Literature
阴虚内热、血热妄行者禁服,Contraindication
散寒解表,Efficacy
解鱼蟹毒,Efficacy
伤寒六书,Literature
理气止痛主脘腹冷痛,Efficacy
噫气治脾胃中寒,Efficacy
脘腹冷痛,Efficacy
噎脯反胃,Efficacy
食滞,Efficacy
瘴疟,Efficacy
胃气逆、呕吐治风,Efficacy
破气,Efficacy
腹冷气痛,Efficacy
去风冷痹弱,Efficacy
疗下气冷逆冲心,Efficacy
"吐泻
③《本草拾遗》：下气",Efficacy
益声煮作饮服之,Efficacy
反胃呕食,Efficacy
口吐清水者,Efficacy
取根如骰子块,Efficacy
含之咽津,Efficacy
逡巡即瘥,Efficacy
若(口中)臭亦含咽,Efficacy
更加草豆蔻同为末,Efficacy
"肚腹疼痛
⑧《纲目》：健脾胃",Efficacy
宽噎膈,Efficacy
破冷癣,Efficacy
益脾胃,Efficacy
目卒赤,Efficacy
头痛,Efficacy
十全方,Literature
阴虚有热者禁服,Contraindication
引火归源,Efficacy
活血通经暖脾胃,Efficacy
除积冷,Efficacy
通血脉治命门火衰,Efficacy
亡阳虚脱,Efficacy
腹痛泄泻,Efficacy
寒疝奔豚,Efficacy
腰膝冷痛,Efficacy
经闭症瘕,Efficacy
阴疽,Efficacy
流注,Efficacy
及虚阳浮越,Efficacy
上热下寒,Efficacy
疏肝下气,Efficacy
温中燥湿主脘腹冷痛,Efficacy
厥阴头痛,Efficacy
疝痛,Efficacy
脚气肿痛,Efficacy
呕吐吞酸,Efficacy
寒湿泄泻用于厥阴头痛,Efficacy
寒疝腹痛,Efficacy
寒湿脚气,Efficacy
经行腹痛,Efficacy
脘腹胀痛,Efficacy
五更泄泻,Efficacy
外治口疮,Efficacy
咳逆寒热,Efficacy
除湿血痹,Efficacy
逐风邪,Efficacy
"开腠理
②《别录》：主痰冷",Efficacy
腹内绞痛,Efficacy
诸冷实不消,Efficacy
中恶,Efficacy
心腹痛,Efficacy
逆气,Efficacy
积冷,Efficacy
心下结气,Efficacy
疰心痛,Efficacy
治霍乱转筋,Efficacy
胃中冷气,Efficacy
吐泻腹痛不可胜忍者,Efficacy
疗遍身顽痹,Efficacy
冷食不消,Efficacy
肾气,Efficacy
脚气,Efficacy
水肿,Efficacy
咽膈不通,Efficacy
蹶阴痰涎头痛,Efficacy
阴毒腹痛,Efficacy
疝气,Efficacy
喉舌口疮,Efficacy
干金翼方,Literature
全展选编·皮肤科,Literature
健脾补肺,Efficacy
行气利湿,Efficacy
解表温里药,Category
广西民间常用草药手册,Literature
祛风清热,Efficacy
化痰明目,Efficacy
孕妇忌用；儿童不宜体质虚弱者及过敏体质者慎用,Contraindication
降气化痰,Efficacy
散风清热风热咳嗽痰多,Efficacy
痰热喘满,Efficacy
咯痰黄稠,Efficacy
国医宗旨,Literature
阴虚咳嗽、寒饮咳喇患者慎服,Contraindication
集验方,Literature
姚和众小儿方,Literature
阴虚阳浮，喘满气逆及麻疹已透者、脾胃虚寒者慎用服用过量可产生头晕、震颤、四肢拘挛等证,Contraindication
利湿消滞,Efficacy
凉血止痒,Efficacy
明止退翳,Efficacy
本草品汇精要,Literature
有毒,Contraindication
台湾植物药材志,Literature
玉溪中草药,Literature
小毒,Contraindication
《饮片新参》：阴虚内热者忌用不宜大量或长期服用，肾病患者忌用 贮藏置干燥通风处,Contraindication
养阴润燥,Efficacy
清肺生津,Efficacy
虚寒泄泻及风寒咳嗽者禁服,Contraindication
脏腑燥热，气虚、阴虚者禁服芳香不宜久煎,Contraindication
健脾消食,Efficacy
杨仁斋直指方,Literature
圣济录,Literature
脏腑燥热，阴虚津液不足者慎服,Contraindication
健脾和胃、调气解郁、止痛安胎,Efficacy
祁州药志,Literature
蒙药验方,Literature
《陕西中药志》：内热口干，喉干舌绛者忌用,Contraindication
平肝降压,Efficacy
平肝息风止痉,Efficacy
秦岭巴山天然药物志,Literature
杂病证治新义,Literature
世传神效名方,Literature
用药法象,Literature
圣济总 录,Literature
"①《雷公炮炙论》：使御风草根，勿使天麻，二件若同用，即令人有肠结之患
②气血虚甚者慎服",Contraindication
消食健脾、行气消瘀,Efficacy
泻下逐水药,Category
燥湿健脾,Efficacy
祛风散寒,Efficacy
化湿药.,Category
类证治载,Literature
《本草纲目》：忌桃、李、雀肉、菘菜、青鱼,Contraindication
安神益智、祛痰、消肿,Efficacy
阴虚火旺、脾胃虚弱者慎服用量不宜过大，以免引起恶心呕吐,Contraindication
开窍醒神、清热止痛,Efficacy
开窍药,Category
夷坚志,Literature
孕妇及气血虚者均应慎服,Contraindication
医学入门·本草,Literature
阴虚内热者禁用,Contraindication
疗癣,Efficacy
湖北药物志,Literature
全国中成药处方集,Literature
孕妇及肝肾功能不全者慎用,Contraindication
截疟、涌吐劫痰属涌吐药,Efficacy
涌吐药,Category
中华医学杂志,Literature
内服不宜过大，脾胃虚弱及肝肾功能不全者禁服,Contraindication
广东医药卫生科技资料选编,Literature
使用过量对眼睛有损害,Contraindication
消肿、杀虫属杀虫止痒药,Efficacy
杀虫止痒药,Category
中国药用植物图鉴,Literature
神医十全镜,Literature
红安中草药,Literature
吉水草药汇编,Literature
体虚，无实邪及孕妇禁服，皮肤破损者禁敷小孩忌用,Contraindication
植物名实图考长编,Literature
忌生冷食物,Contraindication
破血软坚、消积,Efficacy
内无瘀积及孕妇忌服1.《中药志》：虚弱及无瘀积者忌用2.《闽东本草》：妊娠忌用,Contraindication
透疹”,Efficacy
清热发表,Efficacy
梧州草药及常见病多发病处方选,Literature
"麻风患者忌用,否则皮肤之结节更形表露",Contraindication
抗微生物,Efficacy
镇痛,Efficacy
抗炎,Efficacy
抗凝,Efficacy
疏散风热,Efficacy
胃虚体衰者慎用,Contraindication
疏风消肿止痛、清热解毒,Efficacy
解表清热药,Category
嘉祜本草,Literature
气血虚者慎服,Contraindication
发汗,Efficacy
行水,Efficacy
解毒治时行热病,Efficacy
斑疹不透,Efficacy
风热瘾疹,Efficacy
皮肤瘙痒,Efficacy
癃闭,Efficacy
疮癣,Efficacy
丹毒,Efficacy
烫伤,Efficacy
表虚自汗者禁服,Contraindication
医学启原,Literature
国医大师熊继柏教授,Literature
云南中医杂志,Literature
湖北中医杂志,Literature
脾胃虑寒者慎用,Contraindication
外感发热头痛,Efficacy
项强,Efficacy
口渴,Efficacy
泻泄,Efficacy
热痢,Efficacy
高血压颈项强痛,Efficacy
麻疹不透、祛脂降压、生津止渴,Efficacy
升举阳气,Efficacy
丰胸,Efficacy
美容养颜,Efficacy
其性凉易动呕，胃寒、夏日表虚汗多应当慎用,Contraindication
叶: 用于风热感冒,Efficacy
肺热燥咳,Efficacy
头晕头痛,Efficacy
吐血,Efficacy
心悸失眠,Efficacy
须发早白,Efficacy
血虚便秘,Efficacy
"叶和果穗：肝燥者禁用
根皮：肺虚无火，小便多及风寒咳嗽忌服
嫩枝：脾胃虚寒便溏者慎服",Contraindication
祛风散热,Efficacy
血虚目疾慎服，忌铁煎药,Contraindication
透邪解表,Efficacy
利湿解热,Efficacy
无湿热者忌用,Contraindication
解表、除烦、宣发郁热,Efficacy
胃气虚弱易作恶心慎服不宜复用汗吐之药《本草经疏》：凡伤寒传人阴经与夫直中三阴者，皆不宜用,Contraindication
王氏医存,Literature
孕妇慎服《本草经疏》：疸疹虚寒证不得服,Contraindication
阴虚发热,Efficacy
骨蒸劳热,Efficacy
小儿疳热,Efficacy
外感风寒及血虚无热者忌服,Contraindication
表虚多汗忌服,Contraindication
化湿和中,Efficacy
千金食治,Literature
嘉本草,Literature
祛风解表,Efficacy
除湿止痛,Efficacy
体虚风动发痉、肝阳上亢头痛眩晕者慎服,Contraindication
阴虚血热、阴虚阳亢头痛禁服,Contraindication
解毒、消肿,Efficacy
气虚血燥者慎服,Contraindication
宣肺止咳、疏风解表,Efficacy
药学通报,Literature
发表透疹,Efficacy
消瘤去瘢,Efficacy
《滇南本草图说》：痘症阳症忌服,Contraindication
吐风痰,Efficacy
涌吐药.,Category
涌吐,Efficacy
外用解毒收湿,Efficacy
蚀疮去腐,Efficacy
体虚、儿童、老年、孕妇不能使用不宜过量或久服，要保护胃气,Contraindication
吐风痰宿食,Efficacy
泻水湿停饮,Efficacy
古今医统大全,Literature
燥湿温中、除痰截疟,Efficacy
慈幼新书,Literature
阴虚血少者忌服草果忌铁,Contraindication
化湿消痞,Efficacy
行气温中,Efficacy
"开胃消食
化湿消痞",Efficacy
开胃消食用于湿浊中阻,Efficacy
不思饮食,Efficacy
湿温初起胸闷不饥,Efficacy
寒湿呕逆,Efficacy
胸腹胀痛,Efficacy
"食积不消
紅豆蔻：
温中燥湿",Efficacy
燥湿散寒,Efficacy
食积腹胀,Efficacy
"噎膈反胃
肉豆蔻：
温中涩肠",Efficacy
行气消食用于虚泻,Efficacy
冷痢,Efficacy
食少呕吐,Efficacy
宿食不消,Efficacy
化湿、温里药.,Category
武汉医药卫生,Literature
阴虚血燥者、大便燥结者、干燥综合症及糖尿病人忌服,Contraindication
厚朴: 燥湿消痰,Efficacy
"下气除满
厚朴花: 理气",Efficacy
易简方,Literature
阴虚液燥者、孕妇慎用厚朴恶泽泻、寒水石、硝石,Contraindication
发表解暑,Efficacy
化湿开胃,Efficacy
翟公炮炙论,Literature
时病论,Literature
阴虚血燥，胃气虚者慎用,Contraindication
芳香化湿,Efficacy
和胃止呕,Efficacy
"祛暑解表
祛暑解表",Efficacy
"化湿和胃
芳香化浊",Efficacy
和中止呕,Efficacy
阴虚者禁用,Contraindication
祛暑解表,Efficacy
"化湿和胃
祛暑解表",Efficacy
包会应验方,Literature
阴虚、阴虚火旺、邪实便秘者忌用,Contraindication
理气、行气调中,Efficacy
和胃醒脾,Efficacy
古今名医方论,Literature
解毒止痛、开窍醒神,Efficacy
开窍药.,Category
有毒，外用时注意不可入目，皮肤接触不慎会致烂肌肉，孕妇慎用,Contraindication
通窍醒神,Efficacy
辟秽利气,Efficacy
健康报,Literature
《诸病源侯论·疥侯,Literature
有毒，气虚者及孕妇忌服皮肤过敏慎用忌见火,Contraindication
开窍清神,Efficacy
医世得效方,Literature
阴虚火旺者慎服《本经逢原》：凡气虚少食，阴虚多火者禁用,Contraindication
开窍醒神,Efficacy
伤科补要,Literature
虚脱证禁用；本品无论内服或外用均能堕胎，故孕妇禁用长期大量使用麝香可能会出现头痛、恶心等,Contraindication
开窍化痰,Efficacy
醒脾安神,Efficacy
河南西部,Origin
湖北西北部,Origin
阴虚阳亢、烦躁汗多、精滑者慎服,Contraindication
开窍豁痰,Efficacy
醒神益智,Efficacy
阴虚阳亢，汗多、精滑忌服,Contraindication
开郁,Efficacy
小亚细亚南部,Origin
医药工业,Literature
阴虚多火人禁用,Contraindication
杀虫治虫积腹痛,Efficacy
驱虫药.,Category
怪证奇方,Literature
鹤虱有毒，孕妇禁用,Contraindication
杀虫消积.,Efficacy
杀虫消积,Efficacy
经验前方,Literature
物类相感志,Literature
解表、止痛,Efficacy
行气,Efficacy
驱蛔,Efficacy
祛风寒,Efficacy
辟秽浊,Efficacy
广西和云南,Origin
日华于本草,Literature
杀蛔、绦、蛲虫,Efficacy
黑龙汀,Origin
教育革命简报,Literature
阴虚内热及脾胃虚寒者不宜，孕妇慎用,Contraindication
利水药,Efficacy
驱虫药,Efficacy
鲍氏小儿方,Literature
止咳定喘,Efficacy
长江以南大部分地区,Origin
孕妇忌服醉鱼草全株有小毒，如若使用请遵循医嘱,Contraindication
服药时忌饮热茶，犯之即泻大量服用能引起呃逆、眩晕，呕吐等反应,Contraindication
温里药.,Category
阴虚火旺者禁服，肺、胃有热及热毒盛者禁用,Contraindication
阴虚火旺者禁服，多食损目发疮,Contraindication
丁香: 温中,Efficacy
暖肾,Efficacy
降逆母丁香: 温中降逆,Efficacy
祛寒疗疝,Efficacy
热病及阴虚内热者忌用不宜与郁金同用,Contraindication
温中下气,Efficacy
益肾补元,Efficacy
胃热盛者慎用,Contraindication
成熟果皮: 温中止痛,Efficacy
杀虫止痒种子: 利水消肿,Efficacy
温中散寒、下气,Efficacy
消痰,Efficacy
不可多服，孕妇慎服，阴虚有火者忌服,Contraindication
下气止痛,Efficacy
云南南部,Origin
独异志,Literature
"扁鹊心书"">扁鹊心书",Literature
水云录,Literature
阴虚血亏及胃有郁火者禁服,Contraindication
散风寒,Efficacy
通血脉,Efficacy
阴虚火旺、血热出血不宜；月经过多、盆腔炎、咽疼及其他热病患者不宜，失血和遗精病史者不宜孕妇不宜,Contraindication
中医方药学,Literature
长江以南各地,Origin
中医大宝库青秀山河提供,Literature
脾胃虚寒者不宜,Contraindication
凉血散瘀,Efficacy
《唐本草,Literature
孕妇及体虚者慎用,Contraindication
圣惠,Literature
脾胃虚寒证忌服下部虚寒之人，虽有湿证慎用,Contraindication
收涩止带,Efficacy
脾胃虚寒证忌服,Contraindication
新疆中草药单方验方选编,Literature
急救仙方,Literature
"阴虚胃弱，无湿热者忌服，久服伤人骨、损心肺《药性论》：""畏麻黄""",Contraindication
泻火除蒸,Efficacy
云南及湖北等地,Origin
十全博救方,Literature
医学正宗,Literature
虚寒者慎服,Contraindication
华北及山东,Origin
脾虚泄泻，胃弱食少者忌服,Contraindication
大便秘结、泻痢积滞未清者忌服,Contraindication
燥湿解毒,Efficacy
妇入良方,Literature
"舌苔厚腻,胃虚呕恶，脾虚泄泻，五更肾泻者慎服",Contraindication
脾胃虚寒者禁服不宜与藜芦同用《本草经疏》：久服能损肾气，肝、肾虚而无大热者勿服,Contraindication
利湿健胃,Efficacy
抗菌,Efficacy
浙江民间中药,Literature
广西中医药,Literature
肝肾阴虚者慎服,Contraindication
消痞散结,Efficacy
养阴生津,Efficacy
润肺清心,Efficacy
重楼玉钥,Literature
虚寒泄泻、湿浊中阻、风寒或寒痰咳喘者禁用《药性论》记载：麦冬恶苦柒麦冬畏木耳,Contraindication
滋阴生津、润肺止咳、清心除烦,Efficacy
中南及河北,Origin
脾胃虚寒泄泻，胃有痰饮湿浊及暴感风寒咳嗽者均忌服《雷公炮制药性解》：“忌鲫鱼”,Contraindication
养阴清肺、益胃生津,Efficacy
林仲先医案,Literature
风寒作嗽及肺胃虚寒者忌服；痰热咳嗽，脉实苔腻者慎服,Contraindication
养阴清肺,Efficacy
益胃生津,Efficacy
补气化痰、祛痰益气,Efficacy
贵州等省区,Origin
陕西全国中草药汇编,Literature
《纲目拾遗》：食之多吐人，其性劣反藜芦忌生冷饮食及浆水,Contraindication
热病阴伤,Efficacy
咳嗽烦渴,Efficacy
虚劳发热,Efficacy
消谷易饥,Efficacy
润燥止渴、小便频数,Efficacy
痰湿气滞者禁服，脾虚便溏者慎服,Contraindication
风寒咳嗽、脾胃虚寒、大便滑泄者忌服,Contraindication
润肺生津、滋阴养胃,Efficacy
一般人群均可食用，外感风寒、出血症、糖尿病患者慎用,Contraindication
滋阴潜阳,Efficacy
益肾强骨,Efficacy
养血补心,Efficacy
摄生秘剖,Literature
脾胃虚寒、内有寒湿及孕妇禁服龟甲恶沙参、蜚蠊,Contraindication
退热除蒸,Efficacy
医垒元戎,Literature
补益药治病与健身,Literature
全展选编?五宫科,Literature
脾胃虚寒，食少便溏、孕妇、肝虚无热禁服鳖甲忌苋菜相克,Contraindication
养阴清肺、久咳结,Efficacy
咽痛失音,Efficacy
瘰疬结核,Efficacy
溃疡不敛、敛疮,Efficacy
消翳,Efficacy
卫生鸿宝,Literature
经验各种秘方辑要,Literature
脾胃虚弱，有湿滞者慎用,Contraindication
生津养胃,Efficacy
滋阴清热,Efficacy
润肺益肾,Efficacy
明目强腰,Efficacy
《神农本草经,Literature
脾胃虚寒少用,Contraindication
生津益胃,Efficacy
清热养阴,Efficacy
医醇腆义,Literature
温热病早期阴未伤者、湿温病未化燥者、脾胃虚寒者均禁服,Contraindication
益气补中,Efficacy
彝医动物药,Literature
"集验方"">文堂集验方",Literature
内经类编试效方,Literature
随患居饮食谱,Literature
"肺胃虚寒，湿痰停滞及有表邪者忌用，《随患居饮食谱》：""病邪方炽勿投""",Contraindication
黄精易助湿邪、脾虚有湿、咳嗽痰多及中寒泄泻者均不宜服,Contraindication
西北等地,Origin
外感实热、脾虚泄泻者慎服,Contraindication
明目乌发、强腰膝,Efficacy
金华,Origin
兰溪,Origin
江苏淮阴,Origin
镇江,Origin
湖南衡阳,Origin
脾胃虚寒泄泻及阳虚者忌服脾胃虚寒及肾阳不足者禁服,Contraindication
消食化滞,Efficacy
新疆药用植物志,Literature
消食健胃,Efficacy
生津止咳,Efficacy
《南宁市药物志,Literature
脾胃处寒者慎服,Contraindication
健胃消食、利尿安神,Efficacy
华北及山东等地,Origin
花粉过敏者忌服,Contraindication
温胃,Efficacy
消炎止痛,Efficacy
阴虚阳亢，汗多、精滑者慎服,Contraindication
消食和中,Efficacy
健脾开胃,Efficacy
我国各地,Origin
行气消食,Efficacy
退乳消胀,Efficacy
孕妇、无积滞者慎服，妇女哺乳期禁用,Contraindication
我国北方,Origin
胃下垂者忌用,Contraindication
经济(验)方,Literature
脾阴不足、内无瘀血者、孕妇慎服,Contraindication
健脾和胃,Efficacy
消食调中,Efficacy
脾阴不足、胃火盛及孕妇慎用,Contraindication
健胃消食、涩精止遗,Efficacy
消食、收涩药,Category
全国大部分都有。,Origin
静月山人中医笔记经验整理,Literature
沈氏经验方,Literature
脾虚无积滞者慎服,Contraindication
下气定喘、消食除胀,Efficacy
《医林纂要,Literature
中国中医药报名医名方专栏,Literature
湖南中医杂志,Literature
中气虚弱者慎服,Contraindication
逐水消肿,Efficacy
破血消症,Efficacy
苦济方,Literature
泻水逐饮,Efficacy
虚弱者及孕妇忌用不宜与甘草同用,Contraindication
二便不利,Efficacy
华东及河北等地,Origin
中草药新医疗法资料,Literature
体弱者慎服，虚寒水肿者及孕妇禁服不宜与甘草同用,Contraindication
泻寒积,Efficacy
通关窍,Efficacy
逐痰,Efficacy
痈疽神秘验方,Literature
通二便,Efficacy
有毒，气虚、阴伤、脾胃衰弱者及孕妇禁用，不宜与甘草同用,Contraindication
解毒杀虫外用杀虫疗疮,Efficacy
泻下润下药,Category
脾肾不足之便溏、阳痿、遗精、带下慎服,Contraindication
脾虚泄泻者禁服，孕妇慎服,Contraindication
泻水通便,Efficacy
消痰涤饮,Efficacy
杀虫攻积,Efficacy
永类铃方,Literature
郑氏小儿方,Literature
体质虚弱、孕妇及胃弱气虚者、不胀满，不大便秘者忌服若湿热在血分，胃弱气虚人禁用,Contraindication
降气消痰,Efficacy
肺虚咳喘，脾虚便溏者禁服,Contraindication
消肿拔毒,Efficacy
泻下通滞,Efficacy
产于全国各地。,Origin
消痈,Efficacy
广东医学·祖国医学版,Literature
大便清泄及有湿痰者不宜，忌铁器,Contraindication
润肺,Efficacy
宽肠,Efficacy
我国华东,Origin
中南及西南等地,Origin
久虚咳嗽，脾虚便滑者不宜,Contraindication
泻热行滞,Efficacy
《饮片新参》：中寒泄泻者忌用体虚及孕妇、经期及哺乳期禁服用量过大，易致腹痛、恶心、呕吐,Contraindication
泻热通便,Efficacy
润燥软坚,Efficacy
清火消肿,Efficacy
泻下攻下药,Category
大部分地区均产。,Origin
香祖笔记,Literature
中药通报,Literature
清肺解暑,Efficacy
消积和胃,Efficacy
穷乡便方,Literature
易简方论,Literature
脾胃虚寒及孕妇忌服忌食苦参,Contraindication
清肝热、通便、杀虫疗疳,Efficacy
泻热通便、逐瘀通经、凉血解毒,Efficacy
济方,Literature
祛风活血,Efficacy
"孕妇禁服《得配本草》：""内服多不宜""",Contraindication
祛风燥湿,Efficacy
排脓拔毒、生肌止痛,Efficacy
简集方,Literature
怪症奇方,Literature
血虚者、内热实火者禁服不可久服未经严格炮制不可服,Contraindication
孕妇禁服，体质虚弱者慎服,Contraindication
