source,target,type
葛根汤,风寒,Prescription
三物黄芩汤,直肠癌,Prescription
三物黄芩汤,肠癌,Prescription
三物黄芩汤,阴虚,Prescription
养阴清肺汤,阴虚,Prescription
养阴清肺汤,白喉,Prescription
五积散,痛经,Prescription
五积散,慢性盆腔炎,Prescription
五积散,风寒,Prescription
五积散,头痛,Prescription
五积散,感冒,Prescription
五积散,闭经,Prescription
五积散,盆腔炎,Prescription
柴胡疏肝散,腹胀,Prescription
牛蒡解肌汤,急性咽炎,Prescription
牛蒡解肌汤,疮疡,Prescription
牛蒡解肌汤,咽炎,Prescription
牛蒡解肌汤,头痛,Prescription
牛蒡解肌汤,恶寒发热,Prescription
清经散,倒经,Prescription
清经散,闭经,Prescription
清经散,黄体功能不全,Prescription
玉液汤,干燥综合征,Prescription
玉液汤,气阴两虚,Prescription
玉液汤,肾病,Prescription
玉液汤,咽炎,Prescription
赤小豆当归散,狐惑,Prescription
赤小豆当归散,伤寒,Prescription
赤小豆当归散,痔疮,Prescription
赤小豆当归散,疮疡,Prescription
赤小豆当归散,尿路感染,Prescription
赤小豆当归散,脓肿,Prescription
柴胡桂枝汤,咳嗽,Prescription
柴胡桂枝汤,胆石,Prescription
柴胡桂枝汤,眩晕症,Prescription
柴胡桂枝汤,胰腺炎,Prescription
柴胡桂枝汤,风寒,Prescription
柴胡桂枝汤,头痛,Prescription
柴胡桂枝汤,眩晕,Prescription
柴胡桂枝汤,麻疹,Prescription
柴胡桂枝汤,喘证,Prescription
身痛逐瘀汤,脑外伤,Prescription
身痛逐瘀汤,神经炎,Prescription
身痛逐瘀汤,腰椎间盘突出,Prescription
身痛逐瘀汤,筋膜炎,Prescription
身痛逐瘀汤,脑外伤后综合征,Prescription
保元汤,贫血,Prescription
保元汤,惊恐症,Prescription
保元汤,冠心病,Prescription
保元汤,肾功能不全,Prescription
保元汤,慢性肾功能不全,Prescription
保元汤,白细胞减少症,Prescription
益气聪明汤,耳鸣,Prescription
益气聪明汤,耳聋,Prescription
黛蛤散（青蛤丸）,咳嗽,Prescription
黛蛤散（青蛤丸）,肺结核,Prescription
黛蛤散（青蛤丸）,耳鸣,Prescription
黛蛤散（青蛤丸）,肝火犯肺,Prescription
黛蛤散（青蛤丸）,眩晕,Prescription
猪苓汤,咳嗽,Prescription
猪苓汤,肾病,Prescription
猪苓汤,颅脑损伤,Prescription
猪苓汤,尿路感染,Prescription
猪苓汤,腹水,Prescription
三才封髓丹,早泄,Prescription
三才封髓丹,阴虚,Prescription
增液承气汤,尿潴留,Prescription
增液承气汤,有机磷农药中毒,Prescription
增液承气汤,农药中毒,Prescription
半夏秫米汤,痰饮,Prescription
半夏秫米汤,眩晕,Prescription
三圣散,中风,Prescription
盐汤探吐方,霍乱,Prescription
盐汤探吐方,腹胀,Prescription
救急稀涎散,中风,Prescription
救急稀涎散,脑外伤,Prescription
封髓丹,遗精,Prescription
五子衍宗丸,早泄,Prescription
五子衍宗丸,弱精,Prescription
五子衍宗丸,阳痿,Prescription
五子衍宗丸,肾虚,Prescription
五子衍宗丸,遗精,Prescription
五子衍宗丸,勃起功能障碍,Prescription
缩泉丸,遗尿,Prescription
缩泉丸,小儿遗尿,Prescription
水陆二仙丹,宫颈炎,Prescription
水陆二仙丹,糖尿病肾病,Prescription
水陆二仙丹,肾虚,Prescription
水陆二仙丹,肾病,Prescription
水陆二仙丹,遗精,Prescription
桂枝葛根汤（桂枝加葛根汤）,风寒,Prescription
建瓯汤,偏头痛,Prescription
建瓯汤,耳鸣,Prescription
建瓯汤,头痛,Prescription
建瓯汤,脑梗死,Prescription
建瓯汤,呃逆,Prescription
建瓯汤,眩晕,Prescription
厚朴七物汤,消化不良,Prescription
厚朴七物汤,胰腺炎,Prescription
厚朴七物汤,痔疮,Prescription
厚朴七物汤,习惯性便秘,Prescription
厚朴七物汤,肠胃型感冒,Prescription
厚朴七物汤,感冒,Prescription
生脉饮,气阴两虚,Prescription
生脉饮,慢性心力衰竭,Prescription
生脉饮,小细胞肺癌,Prescription
生脉饮,中风,Prescription
生脉饮,肺癌,Prescription
生脉饮,冠心病,Prescription
生脉饮,扩张型心肌病,Prescription
龟鹿二仙胶（龟鹿二仙膏、二仙胶、龟鹿二胶）,气胸,Prescription
龟鹿二仙胶（龟鹿二仙膏、二仙胶、龟鹿二胶）,阳痿,Prescription
龟鹿二仙胶（龟鹿二仙膏、二仙胶、龟鹿二胶）,贫血,Prescription
龟鹿二仙胶（龟鹿二仙膏、二仙胶、龟鹿二胶）,自发性气胸,Prescription
龟鹿二仙胶（龟鹿二仙膏、二仙胶、龟鹿二胶）,稳定型心绞痛,Prescription
龟鹿二仙胶（龟鹿二仙膏、二仙胶、龟鹿二胶）,不稳定型心绞痛,Prescription
龟鹿二仙胶（龟鹿二仙膏、二仙胶、龟鹿二胶）,痴呆,Prescription
龟鹿二仙胶（龟鹿二仙膏、二仙胶、龟鹿二胶）,绝经,Prescription
龟鹿二仙胶（龟鹿二仙膏、二仙胶、龟鹿二胶）,遗精,Prescription
龟鹿二仙胶（龟鹿二仙膏、二仙胶、龟鹿二胶）,崩漏,Prescription
开郁种玉汤,腹胀,Prescription
三甲复脉汤,面肌抽搐,Prescription
三甲复脉汤,围绝经期综合征,Prescription
三甲复脉汤,痴呆,Prescription
三甲复脉汤,头痛,Prescription
三甲复脉汤,绝经,Prescription
三甲复脉汤,甲状腺炎,Prescription
一甲复脉汤,手足心热,Prescription
助仙丹,耳鸣,Prescription
助仙丹,脾肾两虚,Prescription
助仙丹,闭经,Prescription
益经汤,耳鸣,Prescription
益经汤,腹胀,Prescription
益经汤,闭经,Prescription
益经汤,怔忡,Prescription
理中汤,霍乱,Prescription
理中汤,胃窦炎,Prescription
理中汤,崩漏,Prescription
麻黄附子甘草汤,头痛,Prescription
麻黄附子甘草汤,神经性头痛,Prescription
桃红四物汤,痛经,Prescription
桃红四物汤,偏头痛,Prescription
桃红四物汤,脉管炎,Prescription
桃红四物汤,血小板减少性紫癜,Prescription
桃红四物汤,慢性肾小球肾炎,Prescription
桃红四物汤,头痛,Prescription
桃红四物汤,冠心病,Prescription
桃红四物汤,麻疹,Prescription
桃红四物汤,肾小球肾炎,Prescription
桃红四物汤,闭经,Prescription
桂枝加附子汤,伤寒,Prescription
桂枝加附子汤,遗尿,Prescription
桂枝加附子汤,头痛,Prescription
导痰汤、苍附导痰丸、苍附导痰汤（苍附导痰丸）,痰饮,Prescription
导痰汤、苍附导痰丸、苍附导痰汤（苍附导痰丸）,头痛,Prescription
导痰汤、苍附导痰丸、苍附导痰汤（苍附导痰丸）,眩晕,Prescription
麻桂各半汤,咳嗽,Prescription
麻桂各半汤,慢性荨麻疹,Prescription
麻桂各半汤,尿毒症,Prescription
麻桂各半汤,风寒,Prescription
麻桂各半汤,麻疹,Prescription
麻桂各半汤,过敏性鼻炎,Prescription
升麻葛根汤,水痘,Prescription
升麻葛根汤,咳嗽,Prescription
升麻葛根汤,头痛,Prescription
升麻葛根汤,麻疹,Prescription
升麻葛根汤,痢疾,Prescription
海浮散,疮疡,Prescription
活络效灵丹,痛经,Prescription
活络效灵丹,原发性痛经,Prescription
活络效灵丹,疮疡,Prescription
活络效灵丹,高脂血症,Prescription
活络效灵丹,盆腔炎,Prescription
防已茯苓汤,类风湿关节炎,Prescription
防已茯苓汤,慢性心力衰竭,Prescription
防已茯苓汤,肾病,Prescription
防已茯苓汤,尿毒症,Prescription
防已茯苓汤,痛风,Prescription
防已茯苓汤,急性肾小球肾炎,Prescription
防已茯苓汤,肿胀,Prescription
防已茯苓汤,慢性肾炎,Prescription
防已茯苓汤,腹水,Prescription
防已茯苓汤,肾小球肾炎,Prescription
小续命汤,中风,Prescription
小续命汤,脑梗死,Prescription
小续命汤,湿痹,Prescription
散偏汤,风寒,Prescription
白金丸（矾郁丸，白玉化痰丸，癫痫白金丸）,黄疸,Prescription
抵当汤,癃闭,Prescription
子母两快汤,伤寒,Prescription
开胸顺气丸,消化不良,Prescription
开胸顺气丸,痢疾,Prescription
补络补管汤,咯血,Prescription
补络补管汤,出血性疾病,Prescription
栀子豆鼓汤（栀子豉汤）,食管炎,Prescription
甘草泻心汤,伤寒,Prescription
甘草泻心汤,中风,Prescription
茯苓杏仁甘草汤,胸痹,Prescription
神术散（别名：神术汤）,咳嗽,Prescription
神术散（别名：神术汤）,风寒,Prescription
神术散（别名：神术汤）,头痛,Prescription
神术散（别名：神术汤）,上呼吸道感染,Prescription
神术散（别名：神术汤）,呼吸道感染,Prescription
麻黄连翘赤小豆汤,咳嗽,Prescription
麻黄连翘赤小豆汤,慢性肾炎,Prescription
麻黄连翘赤小豆汤,麻疹,Prescription
仙遗粮汤,瘫痪,Prescription
甘草麻黄汤（别名：麻黄汤、麻黄甘草汤、二物汤、麻甘汤、走马通圣散）,伤寒,Prescription
甘草麻黄汤（别名：麻黄汤、麻黄甘草汤、二物汤、麻甘汤、走马通圣散）,头痛,Prescription
三黄汤,中风,Prescription
三黄汤,痔疮,Prescription
茯苓白术汤,伤寒,Prescription
会厌逐瘀汤,咳嗽,Prescription
会厌逐瘀汤,急性咽炎,Prescription
会厌逐瘀汤,声带小结,Prescription
会厌逐瘀汤,喉喑,Prescription
会厌逐瘀汤,声带息肉,Prescription
会厌逐瘀汤,咽炎,Prescription
会厌逐瘀汤,脑梗死,Prescription
会厌逐瘀汤,梅核气,Prescription
十六味流气饮,胆囊息肉,Prescription
十六味流气饮,甲状腺癌,Prescription
十六味流气饮,前列腺增生,Prescription
十六味流气饮,乳腺结节,Prescription
十六味流气饮,风寒,Prescription
十六味流气饮,乳腺增生,Prescription
十六味流气饮,淋巴结核,Prescription
柴胡加龙骨牡蛎汤,伤寒,Prescription
四磨汤,消化不良,Prescription
四磨汤,痞满,Prescription
四磨汤,功能性消化不良,Prescription
瓜蒌薤白白酒汤,冠心病,Prescription
瓜蒌薤白白酒汤,胸痹,Prescription
瓜蒌薤白白酒汤,支气管炎,Prescription
瓜蒌薤白白酒汤,痹证,Prescription
安魂汤,神经衰弱,Prescription
安魂汤,癔症,Prescription
安魂汤,痰饮,Prescription
千金鲤鱼汤（鲤鱼汤）,水过多,Prescription
千金鲤鱼汤（鲤鱼汤）,腹水,Prescription
生肌散,溃疡性结肠炎,Prescription
生肌散,疮疡,Prescription
蠲（juān）痹汤,类风湿关节炎,Prescription
蠲（juān）痹汤,巩膜炎,Prescription
蠲（juān）痹汤,强直性脊柱炎,Prescription
蠲（juān）痹汤,风寒,Prescription
蠲（juān）痹汤,湿痹,Prescription
蠲（juān）痹汤,痹证,Prescription
越婢汤,类风湿关节炎,Prescription
越婢汤,支气管炎,Prescription
越婢汤,麻疹,Prescription
荆防败毒散,过敏性皮炎,Prescription
荆防败毒散,水痘,Prescription
荆防败毒散,蛋白尿,Prescription
荆防败毒散,咳嗽,Prescription
荆防败毒散,急性上呼吸道感染,Prescription
荆防败毒散,类风湿关节炎,Prescription
荆防败毒散,肾病,Prescription
荆防败毒散,乳痈,Prescription
荆防败毒散,风寒,Prescription
荆防败毒散,神经炎,Prescription
荆防败毒散,疮疡,Prescription
荆防败毒散,滑膜炎,Prescription
荆防败毒散,上呼吸道感染,Prescription
荆防败毒散,眩晕,Prescription
荆防败毒散,麻疹,Prescription
荆防败毒散,感冒,Prescription
荆防败毒散,恶寒发热,Prescription
荆防败毒散,痢疾,Prescription
荆防败毒散,呼吸道感染,Prescription
荆防败毒散,病毒性上呼吸道感染,Prescription
荆防败毒散,咳嗽,Prescription
荆防败毒散,风寒,Prescription
荆防败毒散,化脓性腮腺炎,Prescription
荆防败毒散,痞满,Prescription
荆防败毒散,头痛,Prescription
荆防败毒散,上呼吸道感染,Prescription
荆防败毒散,感冒,Prescription
荆防败毒散,恶寒发热,Prescription
荆防败毒散,呼吸道感染,Prescription
黄芪建中汤,胃癌,Prescription
黄芪建中汤,食管炎,Prescription
黄芪建中汤,肺病,Prescription
黄芪建中汤,虚劳,Prescription
桂枝二越婢一汤,感冒,Prescription
当归四逆汤,痛经,Prescription
当归四逆汤,雷诺病,Prescription
当归四逆汤,脉管炎,Prescription
白通汤,伤寒,Prescription
干姜附子汤,伤寒,Prescription
温经汤,痛经,Prescription
温经汤,绝经,Prescription
温经汤,乳腺增生,Prescription
温经汤,崩漏,Prescription
大青龙汤,风寒,Prescription
大青龙汤,恶寒发热,Prescription
小青龙汤,咳嗽,Prescription
小青龙汤,恶寒发热,Prescription
麻黄汤,风寒,Prescription
麻黄汤,头痛,Prescription
麻黄汤,支气管炎,Prescription
麻黄汤,感冒,Prescription
麻黄汤,恶寒发热,Prescription
理冲汤,阴虚,Prescription
九味羌活汤,风寒,Prescription
九味羌活汤,头痛,Prescription
九味羌活汤,恶寒发热,Prescription
止嗽散,咳嗽,Prescription
桂枝汤,风寒,Prescription
桂枝汤,头痛,Prescription
香苏散,风寒,Prescription
香苏散,头痛,Prescription
正柴胡饮,风寒,Prescription
正柴胡饮,头痛,Prescription
加减葳蕤汤,咳嗽,Prescription
加减葳蕤汤,风寒,Prescription
加减葳蕤汤,头痛,Prescription
加减葳蕤汤,阴虚,Prescription
参苏饮,咳嗽,Prescription
参苏饮,风寒,Prescription
参苏饮,头痛,Prescription
参苏饮,恶寒发热,Prescription
败毒散,咳嗽,Prescription
败毒散,风寒,Prescription
败毒散,痞满,Prescription
柴葛解肌汤（又名“干葛解肌汤”“葛根解肌汤”“柴胡解肌汤”）,耳聋,Prescription
柴葛解肌汤（又名“干葛解肌汤”“葛根解肌汤”“柴胡解肌汤”）,风寒,Prescription
柴葛解肌汤（又名“干葛解肌汤”“葛根解肌汤”“柴胡解肌汤”）,头痛,Prescription
麻黄细辛附子汤,风寒,Prescription
银翘散,咳嗽,Prescription
银翘散,风寒,Prescription
银翘散,头痛,Prescription
玉女煎,头痛,Prescription
玉女煎,阴虚,Prescription
左金丸,霍乱,Prescription
芍药汤,痢疾,Prescription
竹叶石膏汤,伤寒,Prescription
白头翁汤,痢疾,Prescription
清胃散,头痛,Prescription
清骨散,肾阴虚,Prescription
清骨散,阴虚,Prescription
泻白散,咳嗽,Prescription
泻白散,肺热,Prescription
苇茎汤,咳嗽,Prescription
龙胆泻肝汤,耳聋,Prescription
龙胆泻肝汤,头痛,Prescription
龙胆泻肝汤,阴汗,Prescription
龙胆泻肝汤,筋痿,Prescription
普济消毒饮,大头瘟,Prescription
普济消毒饮,恶寒发热,Prescription
黄连解毒汤,黄疸,Prescription
当归六黄汤,阴虚,Prescription
朱砂安神丸,怔忡,Prescription
天王补心丹,手足心热,Prescription
天王补心丹,阴虚,Prescription
天王补心丹,怔忡,Prescription
酸枣仁汤,痰饮,Prescription
酸枣仁汤,眩晕,Prescription
酸枣仁汤,怔忡,Prescription
安宫牛黄丸,中风,Prescription
安宫牛黄丸,昏迷,Prescription
至宝丹,中风,Prescription
至宝丹,中暑,Prescription
苏合香丸,昏厥,Prescription
蒿芩清胆汤,呃逆,Prescription
达原饮,疟疾,Prescription
达原饮,头痛,Prescription
逍遥散,头痛,Prescription
吴茱萸汤,头痛,Prescription
理中丸,痞满,Prescription
理中丸,胸痹,Prescription
理中丸,崩漏,Prescription
清燥救肺汤,头痛,Prescription
杏苏散,咳嗽,Prescription
杏苏散,凉燥,Prescription
百合固金汤,咳嗽,Prescription
麦门冬汤,咳嗽,Prescription
麦门冬汤,手足心热,Prescription
麦门冬汤,呃逆,Prescription
补阳还五汤,气虚血瘀证,Prescription
补阳还五汤,尿失禁,Prescription
补阳还五汤,遗尿,Prescription
补阳还五汤,中风,Prescription
槐花散,痔疮,Prescription
鳖甲煎丸,症瘕,Prescription
鳖甲煎丸,疟疾,Prescription
黄土汤,崩漏,Prescription
咳血方,咳嗽,Prescription
咳血方,肝火犯肺,Prescription
十灰散,咯血,Prescription
桃核承气汤,痛经,Prescription
血府逐瘀汤,头痛,Prescription
血府逐瘀汤,呃逆,Prescription
血府逐瘀汤,怔忡,Prescription
橘皮竹茹汤,呃逆,Prescription
天台乌药散,痛经,Prescription
天台乌药散,肿胀,Prescription
定喘汤,咳嗽,Prescription
定喘汤,风寒,Prescription
枳实薤白桂枝汤,气胸,Prescription
枳实薤白桂枝汤,胸痹,Prescription
越鞠丸,腹胀,Prescription
旋覆代赭汤,呃逆,Prescription
小半夏汤,痰饮,Prescription
小半夏汤,呃逆,Prescription
半夏厚朴汤,梅核气,Prescription
葛花解酲汤,眩晕,Prescription
枳实消痞丸,痞满,Prescription
枳实导滞丸,腹胀,Prescription
香薷散,恶寒发热,Prescription
桂苓甘露飲,霍乱,Prescription
桂苓甘露飲,头痛,Prescription
清暑益气汤,霍乱,Prescription
清暑益气汤,头痛,Prescription
连朴饮,霍乱,Prescription
实脾散（实脾饮）,腹胀,Prescription
羌活胜湿汤,头痛,Prescription
羌活胜湿汤,痹证,Prescription
甘露消毒丹,腹胀,Prescription
八正散,淋证,Prescription
八正散,癃闭,Prescription
三仁汤,头痛,Prescription
平胃散,腹胀,Prescription
藿香正气散,风寒,Prescription
藿香正气散,头痛,Prescription
藿香正气散,恶寒发热,Prescription
独活寄生汤,痹证,Prescription
五苓散,风寒,Prescription
五苓散,痰饮,Prescription
五苓散,头痛,Prescription
济川煎,眩晕,Prescription
麻子仁丸 (脾約丸),脾约,Prescription
十枣汤,头痛,Prescription
十枣汤,腹胀,Prescription
大承气汤,伤寒,Prescription
大承气汤,痞满,Prescription
大承气汤,腹胀,Prescription
大承气汤,痢疾,Prescription
黄龙汤,腹胀,Prescription
左归丸,耳聋,Prescription
右归丸,阳痿,Prescription
右归丸,贫血,Prescription
右归丸,冠心病,Prescription
右归丸,遗精,Prescription
右归丸,支气管炎,Prescription
右归丸,多囊卵巢综合征,Prescription
龟鹿二仙胶,阳痿,Prescription
龟鹿二仙胶,遗精,Prescription
补中益气汤,崩漏,Prescription
归脾汤,怔忡,Prescription
归脾汤,崩漏,Prescription
当归补血汤,疮疡,Prescription
当归补血汤,头痛,Prescription
肾气丸,早泄,Prescription
肾气丸,阳痿,Prescription
肾气丸,痰饮,Prescription
炙甘草汤 (复脉汤),虚劳,Prescription
生脉散,气阴两虚,Prescription
八珍汤,怔忡,Prescription
大补阴丸,咳嗽,Prescription
大补阴丸,咯血,Prescription
大补阴丸,阴虚,Prescription
大补阴丸,遗精,Prescription
一贯煎,肾阴虚,Prescription
一贯煎,阴虚,Prescription
六味地黄丸,手足心热,Prescription
六味地黄丸,耳鸣,Prescription
六味地黄丸,肾阴虚,Prescription
六味地黄丸,耳聋,Prescription
六味地黄丸,阴虚,Prescription
六味地黄丸,遗精,Prescription
川芎茶调散,头痛,Prescription
镇肝熄风汤,耳鸣,Prescription
镇肝熄风汤,中风,Prescription
镇肝熄风汤,眩晕,Prescription
小活络丹,中风,Prescription
小活络丹,风寒,Prescription
小活络丹,湿痹,Prescription
小活络丹,痹证,Prescription
大秦艽汤,恶寒发热,Prescription
大定风珠,阴虚,Prescription
天麻钩藤饮,头痛,Prescription
天麻钩藤饮,眩晕,Prescription
桑螵蛸散,遗尿,Prescription
桑螵蛸散,遗精,Prescription
易黄汤,肾虚,Prescription
固经丸,手足心热,Prescription
固经丸,阴虚,Prescription
固经丸,崩漏,Prescription
九仙散,咳嗽,Prescription
牡蛎散,汗证,Prescription
四神丸,五更泄,Prescription
金锁固精丸,肾虚,Prescription
金锁固精丸,耳鸣,Prescription
金锁固精丸,遗精,Prescription
滚痰丸,耳鸣,Prescription
滚痰丸,眩晕,Prescription
滚痰丸,怔忡,Prescription
滚痰丸,昏迷,Prescription
苓甘五味姜辛汤,咳嗽,Prescription
贝母瓜蒌散,咳嗽,Prescription
清气化痰丸,咳嗽,Prescription
清气化痰丸,热咳,Prescription
半夏白术天麻汤,头痛,Prescription
半夏白术天麻汤,眩晕,Prescription
二陈汤,咳嗽,Prescription
三子养亲汤,咳嗽,Prescription
温胆汤,呃逆,Prescription
温胆汤,眩晕,Prescription
甘麦大枣汤,脏躁,Prescription
暖肾助火汤,早泄,Prescription
暖肾助火汤,阳痿,Prescription
暖肾助火汤,遗精,Prescription
五萎汤,脉痿,Prescription
五萎汤,筋痿,Prescription
癫狂梦醒汤,精神分裂症,Prescription
癫狂梦醒汤,中风,Prescription
癫狂梦醒汤,脑血管痉挛,Prescription
癫狂梦醒汤,痴呆,Prescription
薯蓣丸，又名“大山芋丸”,虚劳,Prescription
升阳益胃汤,肺病,Prescription
麻杏石甘汤,大叶性肺炎,Prescription
麻杏石甘汤,上呼吸道感染,Prescription
麻杏石甘汤,支气管炎,Prescription
麻杏石甘汤,麻疹,Prescription
麻杏石甘汤,感冒,Prescription
麻杏石甘汤,呼吸道感染,Prescription
温经摄血汤,肾虚,Prescription
黄连阿胶汤,心肾不交,Prescription
黄连阿胶汤,阴虚,Prescription
桂枝加龙骨牡蛎汤,宫颈炎,Prescription
桂枝加龙骨牡蛎汤,咳嗽,Prescription
桂枝加龙骨牡蛎汤,神经衰弱,Prescription
桂枝加龙骨牡蛎汤,早泄,Prescription
桂枝加龙骨牡蛎汤,脂溢性脱发,Prescription
桂枝加龙骨牡蛎汤,消化不良,Prescription
桂枝加龙骨牡蛎汤,夜惊,Prescription
桂枝加龙骨牡蛎汤,遗尿,Prescription
桂枝加龙骨牡蛎汤,变异性哮喘,Prescription
桂枝加龙骨牡蛎汤,围绝经期综合征,Prescription
桂枝加龙骨牡蛎汤,恐惧症,Prescription
桂枝加龙骨牡蛎汤,绝经,Prescription
桂枝加龙骨牡蛎汤,遗精,Prescription
桂枝加龙骨牡蛎汤,抽动秽语综合征,Prescription
桂枝加龙骨牡蛎汤,膀胱过度活动症,Prescription
桂枝加龙骨牡蛎汤,虚劳,Prescription
桂枝加龙骨牡蛎汤,眩晕,Prescription
桂枝加龙骨牡蛎汤,过敏性鼻炎,Prescription
桂枝加龙骨牡蛎汤,前列腺炎,Prescription
桂枝加龙骨牡蛎汤,慢性宫颈炎,Prescription
桂枝加龙骨牡蛎汤,睡眠障碍,Prescription
白术附子汤（桂枝附子去桂加白术汤）,类风湿关节炎,Prescription
白术附子汤（桂枝附子去桂加白术汤）,慢性心功能不全,Prescription
桂枝附子汤,类风湿关节炎,Prescription
桂枝附子汤,风寒,Prescription
桂枝附子汤,痛风,Prescription
红粉,瘰疬,Herb
红粉,疔疮,Herb
藤黄,烫伤,Herb
藤黄,肿瘤,Herb
炉甘石,麻疹,Herb
硼砂,咳嗽,Herb
硼砂,霉菌性阴道炎,Herb
土贝母,颈淋巴结结核,Herb
土贝母,瘰疬,Herb
土贝母,慢性淋巴结炎,Herb
土贝母,乳痈,Herb
土贝母,疮疡,Herb
土贝母,淋巴结结核,Herb
垂盆草,黄疸,Herb
垂盆草,烫伤,Herb
鸡骨草,黄疸,Herb
鸡骨草,瘰疬,Herb
鸡骨草,乳痈,Herb
虎杖,症瘕,Herb
虎杖,黄疸,Herb
虎杖,烫伤,Herb
茵陈,黄疸,Herb
白前,咳嗽,Herb
百部,咳嗽,Herb
百部,蛲虫病,Herb
紫菀,咳嗽,Herb
莪术,症瘕,Herb
莪术,积滞,Herb
莪术,宫颈癌,Herb
莪术,腹胀,Herb
三棱,咳嗽,Herb
三棱,症瘕,Herb
三棱,痛经,Herb
三棱,肺热咳嗽,Herb
三棱,热咳,Herb
三棱,肺热,Herb
三棱,闭经,Herb
山茱萸,阳痿,Herb
山茱萸,遗尿,Herb
山茱萸,耳鸣,Herb
山茱萸,遗精,Herb
山茱萸,眩晕,Herb
山茱萸,崩漏,Herb
血竭,痛经,Herb
血竭,瘰疬,Herb
血竭,臁疮,Herb
飞龙掌血,痛经,Herb
飞龙掌血,毒蛇咬伤,Herb
飞龙掌血,湿痹,Herb
飞龙掌血,闭经,Herb
飞龙掌血,崩漏,Herb
天仙子,风痹,Herb
青风藤,肿胀,Herb
青风藤,湿痹,Herb
钩藤,瘫痪,Herb
钩藤,中风,Herb
钩藤,惊风,Herb
钩藤,子痫,Herb
钩藤,眩晕,Herb
僵蚕,风热头痛,Herb
僵蚕,眩晕症,Herb
僵蚕,瘰疬,Herb
僵蚕,惊风,Herb
僵蚕,头痛,Herb
僵蚕,眩晕,Herb
莲子心,心肾不交,Herb
莲子心,遗精,Herb
莲子,遗精,Herb
莲子,崩漏,Herb
合欢花,火眼,Herb
合欢皮,瘰疬,Herb
茯神木,痰饮,Herb
茯神木,眩晕,Herb
柏子仁,遗精,Herb
龙齿,怔忡,Herb
朱砂,惊风,Herb
朱砂,疮疡,Herb
朱砂,眩晕,Herb
金礞石,症瘕,Herb
金礞石,惊风,Herb
青礞石,症瘕,Herb
青礞石,惊风,Herb
磁石,肾虚,Herb
磁石,耳鸣,Herb
磁石,耳聋,Herb
紫石英,咳嗽,Herb
紫石英,虚劳,Herb
白石英,黄疸,Herb
白石英,阳痿,Herb
白石英,风寒,Herb
白石英,湿痹,Herb
马宝,咳嗽,Herb
马宝,热咳,Herb
马宝,昏迷,Herb
琥珀,血尿,Herb
琥珀,惊风,Herb
琥珀,闭经,Herb
珍珠,惊风,Herb
珍珠,疮疡,Herb
珍珠,怔忡,Herb
乌药,腹胀,Herb
水红花子,瘰疬,Herb
水红花子,水臌,Herb
水红花子,火眼,Herb
水红花子,腹胀,Herb
斑蝥,瘰疬,Herb
喜树果,恶性肿瘤,Herb
喜树果,胃癌,Herb
喜树果,肠癌,Herb
喜树果,肿瘤,Herb
干漆,虫积,Herb
干漆,闭经,Herb
虻虫,干血痨,Herb
马钱子,恶性肿瘤,Herb
马钱子,瘫痪,Herb
马钱子,湿痹,Herb
马钱子,肿瘤,Herb
雪上一枝蒿,湿痹,Herb
大驳骨,湿痹,Herb
土鳖虫,症瘕,Herb
玳瑁,眩晕,Herb
全蝎,瘰疬,Herb
全蝎,中风,Herb
全蝎,惊风,Herb
全蝎,疮疡,Herb
全蝎,头痛,Herb
全蝎,湿痹,Herb
全蝎,淋巴结结核,Herb
蜈蚣,烫伤,Herb
蜈蚣,瘰疬,Herb
蜈蚣,中风,Herb
蜈蚣,惊风,Herb
蜈蚣,疮疡,Herb
蜈蚣,毒蛇咬伤,Herb
莲房,胎漏,Herb
莲房,痔疮,Herb
花蕊石,金疮,Herb
花蕊石,崩漏,Herb
蒲黄,崩漏,Herb
三七,症瘕,Herb
三七,崩漏,Herb
大蒜,疟疾,Herb
大蒜,积滞,Herb
大蒜,阿米巴痢疾,Herb
大蒜,疮疡,Herb
大蒜,肿胀,Herb
大蒜,感冒,Herb
大蒜,痢疾,Herb
沉香,肾虚,Herb
沉香,呃逆,Herb
沉香,腹胀,Herb
降香,胸痹,Herb
檀香,冠心病,Herb
蜘蛛香,咳嗽,Herb
蜘蛛香,风寒,Herb
蜘蛛香,感冒,Herb
蜘蛛香,腹胀,Herb
蜘蛛香,痢疾,Herb
九里香,流行性乙型脑炎,Herb
九里香,脑炎,Herb
千斤拔,湿痹,Herb
千斤拔,慢性肾炎,Herb
徐长卿,毒蛇咬伤,Herb
徐长卿,湿痹,Herb
徐长卿,腹水,Herb
徐长卿,麻疹,Herb
徐长卿,痢疾,Herb
金樱子,遗尿,Herb
金樱子,遗精,Herb
金樱子,崩漏,Herb
白果,遗精,Herb
覆盆子,早泄,Herb
覆盆子,阳痿,Herb
覆盆子,肾虚,Herb
覆盆子,遗尿,Herb
覆盆子,遗精,Herb
马兜铃,肺热,Herb
马兜铃,痔疮,Herb
枇杷叶,咳嗽,Herb
枇杷叶,肺热咳嗽,Herb
枇杷叶,热咳,Herb
枇杷叶,肺热,Herb
枇杷叶,呃逆,Herb
泽泻,痰饮,Herb
泽泻,遗精,Herb
泽泻,肿胀,Herb
泽泻,眩晕,Herb
猪苓,肿胀,Herb
薤白,胸痹,Herb
香附,消化不良,Herb
香附,痛经,Herb
香附,痞满,Herb
香附,腹胀,Herb
香附,崩漏,Herb
甘松,头痛,Herb
甘松,腹胀,Herb
化橘红,咳嗽,Herb
化橘红,积滞,Herb
化橘红,呃逆,Herb
橘核,乳痈,Herb
橘核,膀胱气痛,Herb
阿魏,疟疾,Herb
阿魏,积滞,Herb
阿魏,虫积,Herb
阿魏,痢疾,Herb
九香虫,阳痿,Herb
九香虫,肾虚,Herb
枳实,积滞,Herb
枳实,痞满,Herb
桑枝,风寒,Herb
桑枝,湿痹,Herb
茉莉花,头痛,Herb
玫瑰花,痢疾,Herb
香橼,咳嗽,Herb
香橼,痰饮,Herb
柿蒂,咳嗽,Herb
柿蒂,痰饮,Herb
佛手,痞满,Herb
佛手,咳嗽,Herb
佛手,消化不良,Herb
佛手,腹胀,Herb
川楝子,虫积,Herb
川楝子,腹胀,Herb
娑罗子,疟疾,Herb
娑罗子,腹胀,Herb
娑罗子,痢疾,Herb
大风子,麻风病,Herb
大风子,麻风,Herb
狼毒,咳嗽,Herb
狼毒,虫积,Herb
狼毒,腹胀,Herb
雷公藤,干燥综合征,Herb
雷公藤,红斑狼疮,Herb
雷公藤,肾病,Herb
雷公藤,麻风病,Herb
雷公藤,白塞病,Herb
雷公藤,肾小球肾炎,Herb
雷公藤,麻风,Herb
木槿皮,痔疮,Herb
皂角刺,麻风,Herb
雄黄,臁疮,Herb
雄黄,马牙,Herb
硫黄,阳痿,Herb
南瓜子,蛲虫病,Herb
南瓜子,痔疮,Herb
蛇床子,阳痿,Herb
蛇床子,湿痹,Herb
蛇床子,滴虫性阴道炎,Herb
蜂房,瘰疬,Herb
蜂房,乳痈,Herb
蜂房,疮疡,Herb
蜂房,龋齿,Herb
五倍子,遗精,Herb
五倍子,崩漏,Herb
南五味子,遗尿,Herb
南五味子,中暑,Herb
罂粟壳,遗尿,Herb
罂粟壳,中暑,Herb
诃子,遗精,Herb
诃子,崩漏,Herb
银杏叶,咳嗽,Herb
银杏叶,冠心病,Herb
银杏叶,怔忡,Herb
石榴皮,虫积,Herb
石榴皮,崩漏,Herb
禹余粮,崩漏,Herb
赤石脂,遗精,Herb
赤石脂,崩漏,Herb
肉豆蔻,腹胀,Herb
乌梅,钩虫病,Herb
乌梅,痢疾,Herb
糯稻根,丝虫病,Herb
糯稻根,阴虚发热,Herb
糯稻根,阴虚,Herb
红芪,蛋白尿,Herb
红芪,慢性肾炎,Herb
红芪,崩漏,Herb
浮小麦,阴虚发热,Herb
浮小麦,阴虚,Herb
地龙,肺热,Herb
牛黄,惊风,Herb
水牛角,惊风,Herb
水牛角,头痛,Herb
羚羊角,子痫,Herb
羚羊角,头痛,Herb
羚羊角,眩晕,Herb
枸骨叶,咯血,Herb
罗布麻叶,神经衰弱,Herb
罗布麻叶,眩晕,Herb
蒺藜,症瘕,Herb
蒺藜,瘰疬,Herb
蒺藜,头痛,Herb
石决明,青光眼,Herb
石决明,头痛,Herb
石决明,眩晕,Herb
赭石,耳鸣,Herb
赭石,呃逆,Herb
赭石,眩晕,Herb
赭石,崩漏,Herb
蝉花,惊风,Herb
龙骨,遗精,Herb
龙骨,怔忡,Herb
龙骨,崩漏,Herb
牡蛎,症瘕,Herb
牡蛎,瘰疬,Herb
牡蛎,耳鸣,Herb
牡蛎,遗精,Herb
牡蛎,眩晕,Herb
牡蛎,崩漏,Herb
海桐皮,湿痹,Herb
海桐皮,痢疾,Herb
狗脊,金疮,Herb
狗脊,遗尿,Herb
狗脊,湿痹,Herb
牛大力,咳嗽,Herb
牛大力,肺结核,Herb
牛大力,肾虚,Herb
牛大力,遗精,Herb
牛大力,腰肌劳损,Herb
牛大力,支气管炎,Herb
豨莶草,疟疾,Herb
豨莶草,黄疸,Herb
豨莶草,烫伤,Herb
豨莶草,湿痹,Herb
老鹳草,湿痹,Herb
老鹳草,痢疾,Herb
伸筋草,风寒,Herb
伸筋草,湿痹,Herb
千年健,湿痹,Herb
走马胎,产后风,Herb
乌梢蛇,瘰疬,Herb
乌梢蛇,中风,Herb
乌梢蛇,麻风,Herb
鹿衔草,咳嗽,Herb
鹿衔草,崩漏,Herb
桑寄生,胎漏,Herb
桑寄生,风寒,Herb
桑寄生,湿痹,Herb
木瓜,湿痹,Herb
木瓜,痢疾,Herb
油松节,风寒,Herb
油松节,湿痹,Herb
仙鹤草,咯血,Herb
仙鹤草,崩漏,Herb
仙鹤草,痢疾,Herb
仙鹤草,白痢,Herb
透骨草,瘫痪,Herb
透骨草,疮疡,Herb
透骨草,湿痹,Herb
透骨草,闭经,Herb
续断,遗精,Herb
续断,湿痹,Herb
鸡矢藤,咳嗽,Herb
鸡矢藤,黄疸,Herb
鸡矢藤,瘰疬,Herb
鸡矢藤,中暑,Herb
鸡矢藤,湿痹,Herb
鸡矢藤,腹胀,Herb
鸡矢藤,痢疾,Herb
穿山龙,胸痹,Herb
穿山龙,湿痹,Herb
五加皮,阳痿,Herb
五加皮,风寒,Herb
五加皮,湿痹,Herb
香加皮,风寒,Herb
香加皮,湿痹,Herb
两头尖,风寒,Herb
两头尖,湿痹,Herb
海风藤,产后风,Herb
海风藤,风寒,Herb
海风藤,腰肌劳损,Herb
海风藤,湿痹,Herb
槲寄生,胎漏,Herb
槲寄生,湿痹,Herb
扶芳藤,咯血,Herb
扶芳藤,腰肌劳损,Herb
扶芳藤,湿痹,Herb
金铁锁,湿痹,Herb
防己,湿痹,Herb
白英,黄疸,Herb
白英,乳痈,Herb
白英,湿痹,Herb
白英,腹水,Herb
白英,感冒,Herb
穿破石,黄疸,Herb
穿破石,肺结核,Herb
穿破石,贫血,Herb
穿破石,疔疮,Herb
穿破石,疮疡,Herb
穿破石,腰肌劳损,Herb
秦艽,黄疸,Herb
秦艽,头痛,Herb
秦艽,结核病,Herb
秦艽,湿痹,Herb
秦艽,虚劳,Herb
川乌,风寒,Herb
川乌,头痛,Herb
川乌,湿痹,Herb
草乌,风寒,Herb
草乌,湿痹,Herb
独活,风寒,Herb
独活,头痛,Herb
威灵仙,湿痹,Herb
海金沙,黄疸,Herb
海金沙,尿路感染,Herb
海金沙,痢疾,Herb
通草,膀胱炎,Herb
通草,急性膀胱炎,Herb
灯心草,黄疸,Herb
金钱草,咳嗽,Herb
金钱草,黄疸,Herb
金钱草,泌尿系结石,Herb
金钱草,毒蛇咬伤,Herb
金钱草,湿痹,Herb
车前草,热咳,Herb
车前草,肿胀,Herb
连钱草,黄疸,Herb
连钱草,毒蛇咬伤,Herb
枳椇子,热咳,Herb
枳椇子,肿胀,Herb
石韦,咳嗽,Herb
石韦,金疮,Herb
石韦,血尿,Herb
石韦,肺热咳嗽,Herb
石韦,热咳,Herb
石韦,肺热,Herb
石韦,崩漏,Herb
石韦,痢疾,Herb
薏苡仁,湿痹,Herb
薏苡仁,脾虚泄泻,Herb
滑石,黄疸,Herb
菝葜（bá qiā）,癌症,Herb
菝葜（bá qiā）,消化不良,Herb
菝葜（bá qiā）,乳糜尿,Herb
菝葜（bá qiā）,烫伤,Herb
菝葜（bá qiā）,瘰疬,Herb
菝葜（bá qiā）,疔疮,Herb
菝葜（bá qiā）,痔疮,Herb
菝葜（bá qiā）,痢疾,Herb
绵萆薢,遗精,Herb
赤小豆,黄疸,Herb
赤小豆,热痹,Herb
黑豆,风痹,Herb
黑豆,黄疸,Herb
黑豆,产后风,Herb
黑豆,肿胀,Herb
茯苓,痰饮,Herb
茯苓,遗精,Herb
茯苓,肿胀,Herb
白芥子,黄疸,Herb
白芥子,热痹,Herb
冬瓜皮,肿胀,Herb
生姜皮,风寒,Herb
生姜皮,感冒,Herb
大腹皮,湿阻,Herb
大腹皮,肿胀,Herb
大腹皮,腹胀,Herb
桑白皮,肺热,Herb
椒目,黄疸,Herb
椒目,热痹,Herb
猕猴桃,消化不良,Herb
猕猴桃,黄疸,Herb
猕猴桃,肺热,Herb
猕猴桃,痔疮,Herb
玉米须,黄疸,Herb
玉米须,乳痈,Herb
葫芦,黄疸,Herb
葫芦,肺病,Herb
葫芦,腹水,Herb
菊苣,黄疸,Herb
泽漆,疟疾,Herb
泽漆,瘰疬,Herb
泽漆,痰饮,Herb
金丝草,黄疸,Herb
金丝草,疔疮,Herb
金丝草,中暑,Herb
金丝草,尿路感染,Herb
金丝草,感冒,Herb
贯叶金丝桃,乳痈,Herb
竹茹,咳嗽,Herb
竹茹,热咳,Herb
竹茹,中风,Herb
桔梗,咳嗽,Herb
浙贝母,咳嗽,Herb
浙贝母,瘰疬,Herb
浙贝母,热咳,Herb
浙贝母,疮疡,Herb
平贝母,瘰疬,Herb
平贝母,乳痈,Herb
平贝母,肺热,Herb
平贝母,阴虚,Herb
平贝母,虚劳,Herb
川贝母,咳嗽,Herb
川贝母,乳痈,Herb
川贝母,咯血,Herb
川贝母,虚劳,Herb
胖大海,肺热,Herb
胖大海,头痛,Herb
瓦楞子,症瘕,Herb
瓦楞子,瘰疬,Herb
海浮石,瘰疬,Herb
胆南星,咳嗽,Herb
胆南星,热咳,Herb
胆南星,中风,Herb
瓜蒌,咳嗽,Herb
瓜蒌,黄疸,Herb
瓜蒌,肺热咳嗽,Herb
瓜蒌,热咳,Herb
瓜蒌,乳痈,Herb
瓜蒌,肺热,Herb
瓜蒌,痞满,Herb
瓜蒌,胸痹,Herb
木蝴蝶,咳嗽,Herb
木蝴蝶,肺热咳嗽,Herb
木蝴蝶,热咳,Herb
木蝴蝶,肺热,Herb
天竺黄,热咳,Herb
天竺黄,中风,Herb
天竺黄,惊风,Herb
海藻,瘰疬,Herb
海藻,痰饮,Herb
天南星,咳嗽,Herb
天南星,中风,Herb
天南星,惊风,Herb
天南星,眩晕,Herb
石吊兰,咳嗽,Herb
石吊兰,痛经,Herb
石吊兰,湿痹,Herb
白附子,瘰疬,Herb
白附子,中风,Herb
白附子,头痛,Herb
白附子,毒蛇咬伤,Herb
白芍,阴虚发热,Herb
白芍,头痛,Herb
白芍,阴虚,Herb
白芍,眩晕,Herb
白芍,崩漏,Herb
当归,症瘕,Herb
当归,痛经,Herb
当归,疮疡,Herb
当归,头痛,Herb
当归,湿痹,Herb
当归,眩晕,Herb
熟地黄,耳鸣,Herb
熟地黄,肾阴虚,Herb
熟地黄,阴虚,Herb
熟地黄,遗精,Herb
熟地黄,眩晕,Herb
熟地黄,怔忡,Herb
熟地黄,崩漏,Herb
熟地黄,咳嗽,Herb
熟地黄,阳痿,Herb
熟地黄,肾虚,Herb
熟地黄,热咳,Herb
熟地黄,耳鸣,Herb
熟地黄,耳聋,Herb
熟地黄,遗精,Herb
熟地黄,眩晕,Herb
熟地黄,崩漏,Herb
桑椹,瘰疬,Herb
桑椹,耳鸣,Herb
桑椹,眩晕,Herb
黑芝麻,风痹,Herb
黑芝麻,瘫痪,Herb
黑芝麻,耳鸣,Herb
黑芝麻,耳聋,Herb
海参,阳痿,Herb
阿胶,咳嗽,Herb
阿胶,胎漏,Herb
阿胶,血尿,Herb
阿胶,咯血,Herb
阿胶,眩晕,Herb
阿胶,崩漏,Herb
鹿茸,阳痿,Herb
鹿茸,耳鸣,Herb
鹿茸,耳聋,Herb
鹿茸,虚劳,Herb
鹿茸,眩晕,Herb
鹿茸,崩漏,Herb
片姜黄,痛经,Herb
片姜黄,胸痹,Herb
姜黄,症瘕,Herb
姜黄,风痹,Herb
姜黄,风寒,Herb
姜黄,痞满,Herb
姜黄,湿痹,Herb
甘草,咳嗽,Herb
炙甘草,心血管疾病,Herb
炙甘草,虚劳,Herb
天山雪莲,风寒,Herb
天山雪莲,湿痹,Herb
韭菜子,阳痿,Herb
韭菜子,肾虚,Herb
韭菜子,遗尿,Herb
韭菜子,遗精,Herb
菟丝子,阳痿,Herb
菟丝子,流产,Herb
菟丝子,遗精,Herb
海马,症瘕,Herb
海马,阳痿,Herb
海马,肾虚,Herb
海马,遗尿,Herb
海马,疔疮,Herb
淫羊藿,阳痿,Herb
淫羊藿,湿痹,Herb
锁阳,早泄,Herb
锁阳,阳痿,Herb
锁阳,血尿,Herb
锁阳,阴虚,Herb
肉苁蓉,阳痿,Herb
肉苁蓉,耳鸣,Herb
肉苁蓉,遗精,Herb
杜仲,阳痿,Herb
杜仲,肾虚,Herb
杜仲,痔疮,Herb
杜仲,习惯性流产,Herb
杜仲,流产,Herb
杜仲,湿痹,Herb
杜仲叶,肾虚,Herb
巴戟天,早泄,Herb
巴戟天,阳痿,Herb
巴戟天,肾虚,Herb
巴戟天,风寒,Herb
巴戟天,遗精,Herb
巴戟天,湿痹,Herb
仙茅,阳痿,Herb
仙茅,瘰疬,Herb
仙茅,崩漏,Herb
沙苑子,早泄,Herb
沙苑子,遗尿,Herb
沙苑子,遗精,Herb
沙苑子,眩晕,Herb
补骨脂,阳痿,Herb
补骨脂,遗尿,Herb
补骨脂,脾肾两虚,Herb
补骨脂,遗精,Herb
海龙,症瘕,Herb
海龙,阳痿,Herb
海龙,肾虚,Herb
海龙,瘰疬,Herb
海龙,疔疮,Herb
海龙,遗精,Herb
核桃仁,阳痿,Herb
核桃仁,遗精,Herb
蛤蚧,阳痿,Herb
蛤蚧,遗精,Herb
狗肾,阳痿,Herb
狗肾,遗精,Herb
阳起石,症瘕,Herb
阳起石,阳痿,Herb
阳起石,遗精,Herb
阳起石,崩漏,Herb
冬虫夏草,阳痿,Herb
冬虫夏草,咯血,Herb
冬虫夏草,痰饮,Herb
冬虫夏草,遗精,Herb
党参,咳嗽,Herb
土党参,咳嗽,Herb
土党参,遗尿,Herb
土党参,虚劳,Herb
土党参,脾虚泄泻,Herb
太子参,咳嗽,Herb
太子参,怔忡,Herb
红参,阳痿,Herb
红参,头痛,Herb
红参,眩晕,Herb
红参,崩漏,Herb
竹节参,咳嗽,Herb
竹节参,咯血,Herb
竹节参,习惯性便秘,Herb
竹节参,支气管炎,Herb
刺五加,风寒,Herb
刺五加,湿痹,Herb
灵芝,冠心病,Herb
灵芝,虚劳,Herb
灵芝,眩晕,Herb
灵芝,肿瘤,Herb
龙眼肉,冠心病,Herb
龙眼肉,眩晕,Herb
龙眼肉,怔忡,Herb
龙眼肉,崩漏,Herb
山药,咳嗽,Herb
山药,肾虚,Herb
山药,遗精,Herb
山药,虚劳,Herb
山药,脾虚泄泻,Herb
红景天,咳嗽,Herb
红景天,肺热咳嗽,Herb
红景天,热咳,Herb
红景天,中风,Herb
红景天,肺热,Herb
红景天,咯血,Herb
红景天,胸痹,Herb
红景天,偏瘫,Herb
大枣,脏躁,Herb
白扁豆,腹胀,Herb
绞股蓝,咳嗽,Herb
绞股蓝,虚劳,Herb
绞股蓝,高脂血症,Herb
绞股蓝,白细胞减少症,Herb
紫河车,咳嗽,Herb
紫河车,阳痿,Herb
紫河车,咯血,Herb
紫河车,遗精,Herb
紫河车,虚劳,Herb
楮实子,肾阴虚,Herb
楮实子,痴呆,Herb
楮实子,阴虚,Herb
楮实子,虚劳,Herb
白术,痰饮,Herb
白术,腹胀,Herb
人参叶,咳嗽,Herb
木耳,痔疮,Herb
木耳,咯血,Herb
木耳,崩漏,Herb
桑黄,症瘕,Herb
桑黄,脾虚泄泻,Herb
刺苋菜,痔疮,Herb
刺苋菜,毒蛇咬伤,Herb
刺苋菜,痢疾,Herb
刺苋菜,白痢,Herb
地榆,金疮,Herb
地榆,烧伤,Herb
地榆,疮疡,Herb
地榆,崩漏,Herb
茜草,黄疸,Herb
茜草,咯血,Herb
茜草,湿痹,Herb
茜草,崩漏,Herb
苎麻根,胎漏,Herb
苎麻根,癃闭,Herb
墨旱莲,耳鸣,Herb
墨旱莲,肾阴虚,Herb
墨旱莲,阴虚,Herb
墨旱莲,眩晕,Herb
墨旱莲,崩漏,Herb
槐花,中风,Herb
槐花,头痛,Herb
槐花,眩晕,Herb
槐花,崩漏,Herb
槐花,白痢,Herb
白茅根,黄疸,Herb
白茅根,肺热,Herb
荠菜,乳糜尿,Herb
荠菜,痢疾,Herb
荠菜,白痢,Herb
槐角,头痛,Herb
槐角,眩晕,Herb
槐角,崩漏,Herb
羊蹄根,外痔,Herb
羊蹄根,黄疸,Herb
羊蹄根,黄水疮,Herb
羊蹄根,血小板减少性紫癜,Herb
羊蹄草,睾丸炎,Herb
羊蹄草,急性肠炎,Herb
羊蹄草,疔疮,Herb
羊蹄草,疮疡,Herb
羊蹄草,上呼吸道感染,Herb
羊蹄草,痢疾,Herb
羊蹄草,呼吸道感染,Herb
马兰,咳嗽,Herb
马兰,疟疾,Herb
马兰,黄疸,Herb
马兰,痔疮,Herb
马兰,感冒,Herb
马兰,崩漏,Herb
铁苋,咳嗽,Herb
铁苋,疮疡,Herb
铁苋,腹胀,Herb
铁苋,崩漏,Herb
铁苋,痢疾,Herb
伏龙肝,崩漏,Herb
鸡冠花,崩漏,Herb
地稔根,咳嗽,Herb
地稔根,黄疸,Herb
地稔根,痛经,Herb
地稔根,瘰疬,Herb
地稔根,难产,Herb
地稔根,毒蛇咬伤,Herb
地稔根,崩漏,Herb
地稔根,痢疾,Herb
虫白蜡,疮疡,Herb
棕榈 zōng lǘ,金疮,Herb
棕榈 zōng lǘ,崩漏,Herb
紫珠叶,烧伤,Herb
紫珠叶,痔疮,Herb
紫珠叶,咯血,Herb
紫珠叶,毒蛇咬伤,Herb
紫珠叶,崩漏,Herb
白芨,溃疡病出血,Herb
白芨,烫伤,Herb
白芨,肺结核,Herb
白芨,肛裂,Herb
红药子,产后出血,Herb
红药子,烧伤,Herb
红药子,贫血,Herb
红药子,咯血,Herb
红药子,疮疡,Herb
红药子,毒蛇咬伤,Herb
红药子,上呼吸道感染,Herb
红药子,湿痹,Herb
红药子,崩漏,Herb
红药子,痢疾,Herb
红药子,呼吸道感染,Herb
落地生根,烫伤,Herb
落地生根,中耳炎,Herb
落地生根,乳痈,Herb
落地生根,火眼,Herb
白薇,阴虚发热,Herb
白薇,中暑,Herb
白薇,阴虚,Herb
白薇,肿瘤,Herb
肿节风,阑尾炎,Herb
肿节风,痛经,Herb
肿节风,口腔炎,Herb
肿节风,湿痹,Herb
肿节风,脓肿,Herb
肿节风,肿瘤,Herb
肿节风,胰腺癌,Herb
紫苏叶,咳嗽,Herb
紫苏叶,风寒,Herb
虎耳草,咳嗽,Herb
虎耳草,中耳炎,Herb
虎耳草,崩漏,Herb
玄参,瘰疬,Herb
玄参,白喉,Herb
荷叶,眩晕,Herb
荷叶,崩漏,Herb
红丝线,咳嗽,Herb
红丝线,瘰疬,Herb
红丝线,肺热咳嗽,Herb
红丝线,热咳,Herb
红丝线,肺热,Herb
红丝线,惊风,Herb
红丝线,毒蛇咬伤,Herb
木槿花（mujinhua）,咳嗽,Herb
木槿花（mujinhua）,烫伤,Herb
木槿花（mujinhua）,肺热咳嗽,Herb
木槿花（mujinhua）,热咳,Herb
木槿花（mujinhua）,肺热,Herb
木槿花（mujinhua）,痔疮,Herb
地骨皮,咳嗽,Herb
地骨皮,肺热咳嗽,Herb
地骨皮,热咳,Herb
地骨皮,肺热,Herb
地骨皮,咯血,Herb
地骨皮,阴虚,Herb
白头翁,瘰疬,Herb
白头翁,阿米巴痢疾,Herb
白头翁,痔疮,Herb
白头翁,痢疾,Herb
问荆,咳嗽,Herb
问荆,外痔,Herb
问荆,倒经,Herb
赤芍,症瘕,Herb
赤芍,痛经,Herb
赤芍,疮疡,Herb
赤芍,闭经,Herb
牡丹皮,痛经,Herb
紫草,烧伤,Herb
紫草,烫伤,Herb
紫草,疮疡,Herb
紫草,麻疹,Herb
青黛,咯血,Herb
苦丁茶,风热头痛,Herb
苦丁茶,头痛,Herb
苦丁茶,痢疾,Herb
野菊花,风热感冒,Herb
野菊花,白喉,Herb
野菊花,感冒,Herb
鱼胆草,咳嗽,Herb
鱼胆草,黄疸,Herb
鱼胆草,肺热咳嗽,Herb
鱼胆草,热咳,Herb
鱼胆草,肺热,Herb
鱼胆草,咽喉炎,Herb
鱼胆草,痢疾,Herb
竹沥,咳嗽,Herb
竹沥,中风,Herb
竹沥,肺热,Herb
竹沥,惊风,Herb
竹沥,昏迷,Herb
苦瓜,疔疮,Herb
苦瓜,中暑,Herb
苦瓜,痢疾,Herb
天花粉,黄疸,Herb
天花粉,肺热,Herb
天花粉,疮疡,Herb
方解石,黄疸,Herb
大青盐,赤痢,Herb
大青盐,遗尿,Herb
青葙子,眩晕,Herb
淡竹叶,口糜,Herb
布渣叶,消化不良,Herb
布渣叶,黄疸,Herb
布渣叶,中暑,Herb
布渣叶,感冒,Herb
芦根,咳嗽,Herb
芦根,霍乱,Herb
芦根,肺热咳嗽,Herb
芦根,热咳,Herb
芦根,肺热,Herb
栀子,黄疸,Herb
栀子,疮疡,Herb
石膏,烫伤,Herb
石膏,肺热,Herb
石膏,中暑,Herb
石膏,疮疡,Herb
石膏,头痛,Herb
龙胆,黄疸,Herb
龙胆,脑炎,Herb
龙胆,耳聋,Herb
龙胆,惊风,Herb
龙胆,疮疡,Herb
龙胆,头痛,Herb
水翁花,烧伤,Herb
水翁花,消化不良,Herb
水翁花,黄疸,Herb
水翁花,感冒,Herb
水翁花,麻风,Herb
水翁花,痢疾,Herb
鸡蛋花,咳嗽,Herb
鸡蛋花,黄疸,Herb
鸡蛋花,肺热咳嗽,Herb
鸡蛋花,热咳,Herb
鸡蛋花,肺热,Herb
鸡蛋花,中暑,Herb
鸡蛋花,感冒,Herb
鸡蛋花,痢疾,Herb
决明子,头痛,Herb
决明子,眩晕,Herb
知母,肺热,Herb
夏枯草,黄疸,Herb
夏枯草,肺结核,Herb
夏枯草,瘰疬,Herb
夏枯草,乳痈,Herb
夏枯草,头痛,Herb
夏枯草,眩晕,Herb
青蒿,疟疾,Herb
青蒿,黄疸,Herb
青蒿,阴虚发热,Herb
青蒿,阴虚,Herb
毛诃子（藏族习用药材）,黄水疮,Herb
石上柏,癌症,Herb
石上柏,咳嗽,Herb
石上柏,黄疸,Herb
石上柏,肺热咳嗽,Herb
石上柏,热咳,Herb
石上柏,肺热,Herb
石上柏,湿痹,Herb
黄藤,痢疾,Herb
水飞蓟,咳嗽,Herb
水飞蓟,黄疸,Herb
水飞蓟,胆石,Herb
水飞蓟,胆管炎,Herb
水飞蓟,慢性咳嗽,Herb
鸡眼草,黄疸,Herb
鸡眼草,疔疮,Herb
鸡眼草,痢疾,Herb
龙葵,癌症,Herb
龙葵,食管癌,Herb
龙葵,宫颈癌,Herb
龙葵,鼻咽癌,Herb
龙葵,崩漏,Herb
救必应,烫伤,Herb
救必应,感冒,Herb
吉祥草,咳嗽,Herb
吉祥草,黄疸,Herb
吉祥草,肺结核,Herb
吉祥草,肺热咳嗽,Herb
吉祥草,热咳,Herb
吉祥草,肺热,Herb
吉祥草,遗精,Herb
吉祥草,支气管炎,Herb
吉祥草,慢性肾盂肾炎,Herb
胆木,脓肿,Herb
胆木,咽喉炎,Herb
胆木,支气管炎,Herb
胆木,感冒,Herb
胆木,痢疾,Herb
穿心莲,烫伤,Herb
穿心莲,肺结核,Herb
穿心莲,毒蛇咬伤,Herb
穿心莲,感冒,Herb
飞扬草,消化不良,Herb
飞扬草,阿米巴痢疾,Herb
飞扬草,支气管炎,Herb
飞扬草,痢疾,Herb
马齿苋,痢疾,Herb
板蓝根,流行性乙型脑炎,Herb
板蓝根,脑炎,Herb
板蓝根,大头瘟,Herb
板蓝根,火眼,Herb
板蓝根,丹痧,Herb
板蓝根,感冒,Herb
南板蓝根,水痘,Herb
南板蓝根,大头瘟,Herb
南板蓝根,咽炎,Herb
南板蓝根,头痛,Herb
南板蓝根,感冒,Herb
仙人掌,咳嗽,Herb
仙人掌,冻伤,Herb
仙人掌,烫伤,Herb
仙人掌,乳痈,Herb
仙人掌,疔疮,Herb
仙人掌,痢疾,Herb
罗汉果,咳嗽,Herb
罗汉果,肺热,Herb
罗汉果,痰火,Herb
罗汉果,感冒,Herb
白花蛇舌草,阑尾炎,Herb
白花蛇舌草,黄疸,Herb
白花蛇舌草,毒蛇咬伤,Herb
白花蛇舌草,肿瘤,Herb
鼠妇,症瘕,Herb
鼠妇,惊风,Herb
葡萄，葡萄干,咳嗽,Herb
葡萄，葡萄干,慢性病,Herb
葡萄，葡萄干,湿痹,Herb
葡萄，葡萄干,痢疾,Herb
荸荠（biji）,癌症,Herb
荸荠（biji）,咳嗽,Herb
荸荠（biji）,黄疸,Herb
荸荠（biji）,肺热咳嗽,Herb
荸荠（biji）,热咳,Herb
荸荠（biji）,肺热,Herb
荸荠（biji）,痔疮,Herb
荸荠（biji）,口腔炎,Herb
荸荠（biji）,呃逆,Herb
荸荠（biji）,麻疹,Herb
荸荠（biji）,痢疾,Herb
桑螵蛸,早泄,Herb
桑螵蛸,阳痿,Herb
桑螵蛸,肾虚,Herb
桑螵蛸,遗尿,Herb
桑螵蛸,遗精,Herb
蟾蜍,症瘕,Herb
蟾蜍,瘰疬,Herb
蟾蜍,疔疮,Herb
蟾皮,瘰疬,Herb
蟾皮,肿瘤,Herb
蟾皮,腹胀,Herb
冬凌草,咽炎,Herb
冬凌草,头痛,Herb
冬凌草,慢性扁桃体炎,Herb
冬凌草,感冒,Herb
卷柏,咳嗽,Herb
卷柏,症瘕,Herb
卷柏,风寒,Herb
卷柏,头痛,Herb
卷柏,闭经,Herb
卷柏,崩漏,Herb
黄花倒水莲,高脂血症,Herb
王不留行,金疮,Herb
王不留行,胆石,Herb
王不留行,难产,Herb
鬼箭羽,症瘕,Herb
鬼箭羽,虫积,Herb
鸡血藤,瘫痪,Herb
鸡血藤,湿痹,Herb
水蛭,症瘕,Herb
益母草,胎漏,Herb
益母草,疮疡,Herb
益母草,难产,Herb
艾叶,崩漏,Herb
红花,痛经,Herb
西红花,症瘕,Herb
茺蔚子,头痛,Herb
刘寄奴,金疮,Herb
刘寄奴,症瘕,Herb
刘寄奴,产后血瘀,Herb
刘寄奴,泌尿系结石,Herb
刘寄奴,痔疮,Herb
刘寄奴,腹水,Herb
刘寄奴,腹胀,Herb
北刘寄奴,黄疸,Herb
北刘寄奴,腹胀,Herb
鼠尾草,黄疸,Herb
鼠尾草,痛经,Herb
鼠尾草,疮疡,Herb
泽兰,痛经,Herb
泽兰,腹水,Herb
桃仁,症瘕,Herb
桃仁,疟疾,Herb
桃仁,风痹,Herb
月季花,痛经,Herb
月季花,遗精,Herb
月季花,淋巴结结核,Herb
凌霄花,症瘕,Herb
凌霄花,难产,Herb
凌霄花,崩漏,Herb
马鞭草,症瘕,Herb
马鞭草,疟疾,Herb
马鞭草,黄疸,Herb
马鞭草,白喉,Herb
马鞭草,痢疾,Herb
牛膝,难产,Herb
川牛膝,症瘕,Herb
土牛膝,疟疾,Herb
土牛膝,痛经,Herb
土牛膝,淋证,Herb
土牛膝,白喉,Herb
土牛膝,痢疾,Herb
丹参,症瘕,Herb
丹参,痛经,Herb
丹参,热痹,Herb
丹参,疮疡,Herb
瓜子金,咳嗽,Herb
瓜子金,惊风,Herb
瓜子金,感冒,Herb
瓜子金,怔忡,Herb
预知子,痛经,Herb
郁金,黄疸,Herb
郁金,痛经,Herb
郁金,倒经,Herb
郁金,腹胀,Herb
乳香,阑尾炎,Herb
乳香,湿痹,Herb
小蓟,疔疮,Herb
西番莲,痛经,Herb
西番莲,头痛,Herb
西番莲,感冒,Herb
甜瓜子,咳嗽,Herb
甜瓜子,肺热咳嗽,Herb
甜瓜子,热咳,Herb
甜瓜子,肺热,Herb
苦石莲,痢疾,Herb
峨参,咳嗽,Herb
峨参,痛经,Herb
峨参,咯血,Herb
峨参,头痛,Herb
峨参,腹胀,Herb
苏木,痛经,Herb
陆英,麻疹,Herb
夏天无,中风,Herb
夏天无,偏瘫,Herb
夏天无,腰肌劳损,Herb
蓍草,阑尾炎,Herb
蓍草,急性肠炎,Herb
蓍草,毒蛇咬伤,Herb
蓍草,湿痹,Herb
蓍草,感冒,Herb
延胡索,症瘕,Herb
自然铜,烫伤,Herb
自然铜,疮疡,Herb
川芎,痛经,Herb
川芎,头痛,Herb
川芎,胸痹,Herb
川芎,湿痹,Herb
骨碎补,阑尾炎,Herb
骨碎补,肾虚,Herb
骨碎补,耳鸣,Herb
骨碎补,耳聋,Herb
骨碎补,湿痹,Herb
五灵脂,水过多,Herb
五灵脂,闭经,Herb
五灵脂,崩漏,Herb
没药,症瘕,Herb
没药,痛经,Herb
没药,疮疡,Herb
山楂叶,漆疮,Herb
山楂叶,耳鸣,Herb
山楂叶,胸痹,Herb
山楂叶,眩晕,Herb
山楂叶,高脂血症,Herb
丝瓜络,肺热,Herb
两面针,烫伤,Herb
两面针,毒蛇咬伤,Herb
两面针,湿痹,Herb
松花粉,黄水疮,Herb
松花粉,眩晕,Herb
西青果,咽喉炎,Herb
青果,咳嗽,Herb
白药子,金疮,Herb
白药子,阑尾炎,Herb
白药子,毒蛇咬伤,Herb
白药子,痢疾,Herb
北豆根,湿痹,Herb
北豆根,痢疾,Herb
山豆根,喉痈,Herb
山豆根,黄疸,Herb
山豆根,热咳,Herb
紫草茸,疮疡,Herb
紫草茸,麻疹,Herb
紫草茸,崩漏,Herb
臭灵丹草,疟疾,Herb
臭灵丹草,烫伤,Herb
臭灵丹草,中耳炎,Herb
臭灵丹草,中暑,Herb
臭灵丹草,口腔炎,Herb
臭灵丹草,毒蛇咬伤,Herb
臭灵丹草,咽喉炎,Herb
臭灵丹草,支气管炎,Herb
臭灵丹草,感冒,Herb
马勃,咳嗽,Herb
马勃,痔疮,Herb
马勃,咽喉炎,Herb
苦木,风热感冒,Herb
苦木,毒蛇咬伤,Herb
苦木,感冒,Herb
大青叶,黄疸,Herb
大青叶,急性肺炎,Herb
大青叶,咽喉炎,Herb
大青叶,感冒,Herb
大青叶,痢疾,Herb
木棉花,金疮,Herb
木棉花,痢疾,Herb
山银花,风热感冒,Herb
山银花,疔疮,Herb
山银花,感冒,Herb
金银花,风热感冒,Herb
金银花,疔疮,Herb
金银花,感冒,Herb
熊胆,黄疸,Herb
紫花地丁,黄疸,Herb
紫花地丁,疔疮,Herb
紫花地丁,咽炎,Herb
紫花地丁,毒蛇咬伤,Herb
紫花地丁,痢疾,Herb
蛇莓,癌症,Herb
蛇莓,咳嗽,Herb
蛇莓,黄疸,Herb
蛇莓,阿米巴痢疾,Herb
蛇莓,疔疮,Herb
蛇莓,惊风,Herb
蛇莓,白喉,Herb
蛇莓,毒蛇咬伤,Herb
蛇莓,感冒,Herb
蛇莓,痢疾,Herb
苦地丁,黄疸,Herb
苦地丁,角膜溃疡,Herb
苦地丁,疔疮,Herb
苦地丁,上呼吸道感染,Herb
苦地丁,支气管炎,Herb
苦地丁,感冒,Herb
苦地丁,淋巴结结核,Herb
苦地丁,呼吸道感染,Herb
苦地胆,黄疸,Herb
苦地胆,疔疮,Herb
苦地胆,腹水,Herb
杠板归,黄水疮,Herb
杠板归,痔疮,Herb
杠板归,上呼吸道感染,Herb
杠板归,龋齿,Herb
杠板归,痢疾,Herb
杠板归,呼吸道感染,Herb
地锦草,黄疸,Herb
地锦草,疔疮,Herb
地锦草,崩漏,Herb
金莲花,急性中耳炎,Herb
金莲花,中耳炎,Herb
金莲花,疔疮,Herb
金莲花,急性淋巴管炎,Herb
金莲花,慢性扁桃体炎,Herb
金莲花,感冒,Herb
瓦松,疟疾,Herb
瓦松,疔疮,Herb
瓦松,痔疮,Herb
半边莲,癌症,Herb
半边莲,阑尾炎,Herb
半边莲,黄疸,Herb
半边莲,疔疮,Herb
半边莲,足癣,Herb
半边莲,毒蛇咬伤,Herb
半边莲,腹水,Herb
半枝莲,黄疸,Herb
半枝莲,赤痢,Herb
半枝莲,瘰疬,Herb
半枝莲,疔疮,Herb
半枝莲,毒蛇咬伤,Herb
木鳖子,乳痈,Herb
木鳖子,疮疡,Herb
木鳖子,湿痹,Herb
天胡荽,咳嗽,Herb
天胡荽,黄疸,Herb
天胡荽,胆石,Herb
天胡荽,泌尿系结石,Herb
天胡荽,咽喉炎,Herb
天胡荽,腹水,Herb
天胡荽,感冒,Herb
千里光,黄疸,Herb
千里光,烫伤,Herb
千里光,伤寒,Herb
千里光,风热感冒,Herb
千里光,败血症,Herb
千里光,滴虫性阴道炎,Herb
千里光,感冒,Herb
千里光,痢疾,Herb
翻白草,疟疾,Herb
翻白草,瘰疬,Herb
翻白草,阿米巴痢疾,Herb
翻白草,崩漏,Herb
翻白草,痢疾,Herb
三白草,黄疸,Herb
三白草,疮疡,Herb
三白草,尿路感染,Herb
锦灯笼,咳嗽,Herb
锦灯笼,肺热咳嗽,Herb
锦灯笼,热咳,Herb
锦灯笼,肺热,Herb
锦灯笼,痢疾,Herb
山芝麻,咳嗽,Herb
山芝麻,疟疾,Herb
山芝麻,疔疮,Herb
山芝麻,痔疮,Herb
山芝麻,毒蛇咬伤,Herb
山芝麻,咽喉炎,Herb
山芝麻,麻疹,Herb
山芝麻,感冒,Herb
鸦胆子,疟疾,Herb
鸦胆子,痔疮,Herb
鸦胆子,痢疾,Herb
无患子,咳嗽,Herb
无患子,白喉,Herb
无患子,毒蛇咬伤,Herb
无患子,咽喉炎,Herb
无患子,支气管炎,Herb
无患子,感冒,Herb
黄药子,瘰疬,Herb
黄药子,咯血,Herb
黄药子,淋巴结结核,Herb
天葵子,咳嗽,Herb
天葵子,乳痈,Herb
天葵子,疔疮,Herb
天葵子,惊风,Herb
天葵子,毒蛇咬伤,Herb
漏芦,瘰疬,Herb
漏芦,乳痈,Herb
漏芦,痔疮,Herb
漏芦,湿痹,Herb
禹州漏芦,瘰疬,Herb
禹州漏芦,乳痈,Herb
荠苨（jini）,咳嗽,Herb
拳参,咳嗽,Herb
拳参,赤痢,Herb
拳参,瘰疬,Herb
拳参,肺热咳嗽,Herb
拳参,热咳,Herb
拳参,肺热,Herb
拳参,痔疮,Herb
拳参,毒蛇咬伤,Herb
金果榄,阑尾炎,Herb
金果榄,疔疮,Herb
金果榄,口腔炎,Herb
金果榄,慢性扁桃体炎,Herb
金果榄,咽喉炎,Herb
金果榄,痢疾,Herb
金荞麦,热咳,Herb
金荞麦,肺热,Herb
金荞麦,湿痹,Herb
金荞麦,脓肿,Herb
金荞麦,麻疹,Herb
金荞麦,痹证,Herb
金荞麦,痢疾,Herb
朱砂根,白喉,Herb
朱砂根,毒蛇咬伤,Herb
朱砂根,上呼吸道感染,Herb
朱砂根,支气管炎,Herb
朱砂根,腰腿痛,Herb
朱砂根,呼吸道感染,Herb
了哥王,瘰疬,Herb
了哥王,支气管炎,Herb
了哥王,闭经,Herb
了哥王,麻风,Herb
卜芥（bujie）,肺结核,Herb
卜芥（bujie）,伤寒,Herb
卜芥（bujie）,肠伤寒,Herb
卜芥（bujie）,毒蛇咬伤,Herb
狗肝菜,咳嗽,Herb
狗肝菜,流行性乙型脑炎,Herb
狗肝菜,脑炎,Herb
狗肝菜,肺热咳嗽,Herb
狗肝菜,热咳,Herb
狗肝菜,疔疮,Herb
狗肝菜,肺热,Herb
狗肝菜,惊风,Herb
狗肝菜,毒蛇咬伤,Herb
狗肝菜,感冒,Herb
狗肝菜,痢疾,Herb
石蝉草,咳嗽,Herb
石蝉草,烧伤,Herb
石蝉草,烫伤,Herb
石蝉草,肺结核,Herb
石蝉草,胃癌,Herb
石蝉草,肺热咳嗽,Herb
石蝉草,热咳,Herb
石蝉草,乳腺癌,Herb
石蝉草,肺热,Herb
石蝉草,肺癌,Herb
石蝉草,支气管炎,Herb
葫芦茶,硬皮病,Herb
葫芦茶,钩虫病,Herb
葫芦茶,黄疸,Herb
葫芦茶,中暑,Herb
葫芦茶,肺病,Herb
葫芦茶,感冒,Herb
葫芦茶,痢疾,Herb
青天葵,咳嗽,Herb
青天葵,肺结核,Herb
青天葵,精神病,Herb
青天葵,咯血,Herb
青天葵,口腔炎,Herb
青天葵,支气管炎,Herb
叶下珠,黄疸,Herb
叶下珠,痢疾,Herb
射干,咳嗽,Herb
射干,瘰疬,Herb
白蔹,胎死不下,Herb
白蔹,风痹,Herb
白蔹,烫伤,Herb
白蔹,瘰疬,Herb
白蔹,疮疡,Herb
白蔹,痢疾,Herb
重楼,惊风,Herb
重楼,毒蛇咬伤,Herb
七叶一枝花,阑尾炎,Herb
七叶一枝花,流行性乙型脑炎,Herb
七叶一枝花,脑炎,Herb
七叶一枝花,乳痈,Herb
七叶一枝花,疮疡,Herb
七叶一枝花,淋巴结结核,Herb
贯众,产后出血,Herb
贯众,风热感冒,Herb
贯众,疮疡,Herb
贯众,绦虫病,Herb
贯众,感冒,Herb
贯众,崩漏,Herb
连翘,风热感冒,Herb
连翘,乳痈,Herb
连翘,感冒,Herb
无花果,咳嗽,Herb
无花果,消化不良,Herb
无花果,痔疮,Herb
无花果,腹胀,Herb
无花果,痢疾,Herb
败酱草,阑尾炎,Herb
败酱草,疔疮,Herb
败酱草,痢疾,Herb
鱼腥草,疟疾,Herb
鱼腥草,痔疮,Herb
鱼腥草,疮疡,Herb
筋骨草,阑尾炎,Herb
筋骨草,烫伤,Herb
筋骨草,疮疡,Herb
筋骨草,咽炎,Herb
筋骨草,毒蛇咬伤,Herb
筋骨草,上呼吸道感染,Herb
筋骨草,支气管炎,Herb
筋骨草,呼吸道感染,Herb
山慈菇,瘰疬,Herb
山慈菇,淋巴结结核,Herb
鬼针草,疟疾,Herb
鬼针草,痔疮,Herb
鬼针草,痢疾,Herb
十大功劳,烫伤,Herb
十大功劳,肺结核,Herb
十大功劳,支气管炎,Herb
十大功劳,感冒,Herb
十大功劳,痢疾,Herb
十大功劳叶,黄疸,Herb
十大功劳叶,肺结核,Herb
十大功劳叶,耳鸣,Herb
十大功劳叶,黄疸性肝炎,Herb
十大功劳叶,感冒,Herb
蟛蜞菊[péng qí jú],疔疮,Herb
蟛蜞菊[péng qí jú],咯血,Herb
蟛蜞菊[péng qí jú],白喉,Herb
蟛蜞菊[péng qí jú],咽喉炎,Herb
蟛蜞菊[péng qí jú],支气管炎,Herb
蟛蜞菊[péng qí jú],麻疹,Herb
蟛蜞菊[péng qí jú],感冒,Herb
一支箭,烫伤,Herb
一支箭,痔疮,Herb
一支箭,毒蛇咬伤,Herb
委陵菜,赤痢,Herb
委陵菜,瘫痪,Herb
委陵菜,痔疮,Herb
委陵菜,咯血,Herb
委陵菜,咽喉炎,Herb
委陵菜,痢疾,Herb
络石藤,流产,Herb
络石藤,湿痹,Herb
母丁香,阴冷,Herb
风柜斗草,咳嗽,Herb
风柜斗草,肺热咳嗽,Herb
风柜斗草,热咳,Herb
风柜斗草,耳鸣,Herb
风柜斗草,肺热,Herb
风柜斗草,湿痹,Herb
金不换,消化不良,Herb
金不换,风寒,Herb
金不换,头痛,Herb
金不换,感冒,Herb
金不换,腹胀,Herb
蜂蜜,咳嗽,Herb
蜂蜜,烫伤,Herb
蜂蜜,疮疡,Herb
三棵针,黄疸,Herb
三棵针,疮疡,Herb
回春草,性功能障碍,Herb
通光散,黄疸,Herb
通光散,热咳,Herb
通光散,肺热,Herb
面根藤,消化不良,Herb
地牯牛,疟疾,Herb
地牯牛,瘰疬,Herb
车前子,咳嗽,Herb
车前子,湿痹,Herb
五香血藤,烫伤,Herb
五香血藤,遗尿,Herb
五香血藤,小儿遗尿,Herb
五香血藤,腹胀,Herb
地菍,贫血,Herb
地菍,腰腿痛,Herb
地菍,痢疾,Herb
地菍,盆腔炎,Herb
荔枝草,痔疮,Herb
荔枝草,腹水,Herb
荔枝草,崩漏,Herb
益智仁,遗尿,Herb
益智仁,气腹痛,Herb
益智仁,遗精,Herb
蝼蛄,瘰疬,Herb
百草霜,咯血,Herb
石龙子,瘰疬,Herb
石龙子,臁疮,Herb
石龙子,癃闭,Herb
蓝布正,咳嗽,Herb
蓝布正,惊风,Herb
蓝布正,头痛,Herb
蓝布正,腰腿痛,Herb
铁包金,精神分裂症,Herb
铁包金,疔疮,Herb
铁包金,麻疹,Herb
莲须,遗尿,Herb
莲须,崩漏,Herb
猕猴桃根,瘰疬,Herb
石莲子,遗精,Herb
老鹤草,湿痹,Herb
老鹤草,腹胀,Herb
芡实,遗精,Herb
芡实,脾虚泄泻,Herb
黄芪（黄耆）,蛋白尿,Herb
黄芪（黄耆）,慢性肾炎,Herb
黄芪（黄耆）,崩漏,Herb
腹水草,毒蛇咬伤,Herb
腹水草,腹水,Herb
萝藦,阳痿,Herb
萝藦,瘰疬,Herb
萝藦,疔疮,Herb
萝藦,遗精,Herb
一口钟,疟疾,Herb
一口钟,消化不良,Herb
一口钟,腹胀,Herb
千金藤,疟疾,Herb
千金藤,毒蛇咬伤,Herb
千金藤,湿痹,Herb
千金藤,痢疾,Herb
苦荬菜,黄疸,Herb
苦荬菜,乳痈,Herb
苦荬菜,淋证,Herb
苦荬菜,毒蛇咬伤,Herb
苦荬菜,痢疾,Herb
苣荬菜（大叶苣荬菜）,咳嗽,Herb
苣荬菜（大叶苣荬菜）,痔疮,Herb
苣荬菜（大叶苣荬菜）,内痔,Herb
苣荬菜（大叶苣荬菜）,疮疡,Herb
苣荬菜（大叶苣荬菜）,痢疾,Herb
剑麻,痔疮,Herb
剑麻,咯血,Herb
剑麻,疮疡,Herb
剑麻,痢疾,Herb
田基黄,阑尾炎,Herb
田基黄,黄疸,Herb
田基黄,毒蛇咬伤,Herb
田基黄,脓肿,Herb
田基黄,痢疾,Herb
紫金牛,咳嗽,Herb
紫金牛,肺结核,Herb
紫金牛,咯血,Herb
紫金牛,慢性肾炎,Herb
夜明砂,肝胆湿热,Herb
夜明砂,疟疾,Herb
夜明砂,小儿麻疹,Herb
夜明砂,瘰疬,Herb
夜明砂,麻疹,Herb
夜明砂,淋巴结核,Herb
饴糖,咳嗽,Herb
杏仁,咳嗽,Herb
杏仁,疮疡,Herb
黄鹌菜,血尿,Herb
黄鹌菜,乳痈,Herb
黄鹌菜,尿路感染,Herb
黄鹌菜,毒蛇咬伤,Herb
黄鹌菜,腹水,Herb
黄鹌菜,感冒,Herb
黄鹌菜,痢疾,Herb
掌叶半夏,咳嗽,Herb
掌叶半夏,中风,Herb
掌叶半夏,惊风,Herb
狗尾草,颈淋巴结结核,Herb
狗尾草,遗精,Herb
狗尾草,淋巴结结核,Herb
高丽参,阳痿,Herb
葶苈子,咳嗽,Herb
葶苈子,症瘕,Herb
葶苈子,伤寒,Herb
葶苈子,中风,Herb
葶苈子,痰饮,Herb
葶苈子,肿胀,Herb
辣木籽,癌症,Herb
辣木籽,神经衰弱,Herb
辣木籽,气胀,Herb
辣木籽,口腔炎,Herb
辣木籽,头痛,Herb
辣木籽,低血糖,Herb
辣木籽,咽喉炎,Herb
辣木籽,眩晕,Herb
大青根,黄疸,Herb
大青根,睾丸炎,Herb
大青根,热痹,Herb
大青根,头痛,Herb
大青根,麻疹,Herb
大青根,感冒,Herb
乌蕨,咳嗽,Herb
乌蕨,烫伤,Herb
乌蕨,热咳,Herb
乌蕨,风热感冒,Herb
乌蕨,中暑,Herb
乌蕨,疮疡,Herb
乌蕨,感冒,Herb
乌蕨,痢疾,Herb
乌蕨,白痢,Herb
回心草,神经衰弱,Herb
回心草,怔忡,Herb
蒲葵子,症瘕,Herb
蒲葵子,食管癌,Herb
蒲葵子,胃癌,Herb
蒲葵子,吞咽困难,Herb
蒲葵子,头痛,Herb
蒲葵子,贲门癌,Herb
蒲葵子,肿瘤,Herb
款冬花,咳嗽,Herb
款冬花,中风,Herb
款冬花,痰饮,Herb
款冬花,支气管炎,Herb
楤木根,瘰疬,Herb
楤木根,腹水,Herb
楤木根,痢疾,Herb
石见穿,黄疸,Herb
石见穿,痛经,Herb
石见穿,瘰疬,Herb
石见穿,乳痈,Herb
石见穿,痰饮,Herb
石见穿,麻风,Herb
石见穿,崩漏,Herb
紫珠草,咯血,Herb
紫珠草,湿痹,Herb
紫珠草,崩漏,Herb
刺楸树根,痔疮,Herb
刺三甲,咳嗽,Herb
刺三甲,黄疸,Herb
刺三甲,热咳,Herb
刺三甲,疮疡,Herb
刺三甲,感冒,Herb
扁豆根,痔疮,Herb
扁豆根,痢疾,Herb
扁竹根,腹胀,Herb
大血藤,丝虫病,Herb
大血藤,阑尾炎,Herb
大血藤,赤痢,Herb
大血藤,痛经,Herb
大血藤,湿痹,Herb
大血藤,麻风,Herb
大血藤,崩漏,Herb
大血藤,痢疾,Herb
大血藤,白痢,Herb
皂荚,咳嗽,Herb
皂荚,风痹,Herb
皂荚,中风,Herb
皂荚,腹胀,Herb
皂荚子,瘰疬,Herb
白丁香,中风,Herb
白丁香,疮疡,Herb
白丁香,龋齿,Herb
农吉利,恶性肿瘤,Herb
农吉利,胃癌,Herb
农吉利,耳鸣,Herb
农吉利,耳聋,Herb
农吉利,乳腺癌,Herb
农吉利,疔疮,Herb
农吉利,毒蛇咬伤,Herb
农吉利,湿痹,Herb
农吉利,眩晕,Herb
农吉利,肿瘤,Herb
农吉利,痢疾,Herb
三叶青,宫颈炎,Herb
三叶青,白喉,Herb
三叶青,毒蛇咬伤,Herb
三叶青,感冒,Herb
三叶青,淋巴结结核,Herb
三叶青,痢疾,Herb
泥胡菜,乳痈,Herb
泥胡菜,疔疮,Herb
凤尾草,黄疸,Herb
凤尾草,赤痢,Herb
凤尾草,瘰疬,Herb
凤尾草,伤寒,Herb
凤尾草,乳痈,Herb
凤尾草,疔疮,Herb
凤尾草,肺热,Herb
凤尾草,蛲虫病,Herb
凤尾草,惊风,Herb
凤尾草,尿路感染,Herb
凤尾草,遗精,Herb
凤尾草,感冒,Herb
凤尾草,崩漏,Herb
凤尾草,痢疾,Herb
鸡爪草,瘰疬,Herb
鸡爪草,风寒,Herb
鸡爪草,痢疾,Herb
秦皮,风痹,Herb
秦皮,风寒,Herb
秦皮,湿痹,Herb
云母,中风,Herb
云母,风寒,Herb
云母,眩晕,Herb
刺梨根,痔疮,Herb
刺梨根,遗精,Herb
刺梨根,崩漏,Herb
刺梨根,痢疾,Herb
马陆虫,痞满,Herb
马陆虫,麻风,Herb
昆布,咳嗽,Herb
昆布,瘰疬,Herb
昆布,痰饮,Herb
胡粉,症瘕,Herb
胡粉,疟疾,Herb
胡粉,烫伤,Herb
胡粉,虫积,Herb
胡粉,痢疾,Herb
2927,马牙,Herb
2927,崩漏,Herb
2960,乳痈,Herb
2960,疮疡,Herb
2960,痢疾,Herb
藁本,风寒,Herb
藁本,湿痹,Herb
藁本,感冒,Herb
葱白,伤寒,Herb
葱白,头痛,Herb
葱白,虫积,Herb
葱白,痢疾,Herb
鹅不食草,风寒头痛,Herb
鹅不食草,咳嗽,Herb
鹅不食草,疟疾,Herb
鹅不食草,耳聋,Herb
鹅不食草,风寒,Herb
鹅不食草,头痛,Herb
鹅不食草,湿痹,Herb
鹅不食草,感冒,Herb
苍耳子,风寒头痛,Herb
苍耳子,风寒,Herb
苍耳子,头痛,Herb
苍耳子,湿痹,Herb
胡荽,积滞,Herb
胡荽,肠结,Herb
胡荽,麻疹,Herb
374,麻疹,Herb
374,感冒,Herb
细辛,风寒,Herb
细辛,痰饮,Herb
细辛,头痛,Herb
细辛,湿痹,Herb
细辛,感冒,Herb
麻黄,咳嗽,Herb
麻黄,风寒,Herb
麻黄,感冒,Herb
桂枝,风寒,Herb
桂枝,痰饮,Herb
桂枝,感冒,Herb
荆芥,疮疡,Herb
荆芥,头痛,Herb
荆芥,麻疹,Herb
荆芥,感冒,Herb
荆芥,崩漏,Herb
506,风寒,Herb
506,痰饮,Herb
506,感冒,Herb
肉桂,痛经,Herb
肉桂,阳痿,Herb
五指毛桃,咳嗽,Herb
五指毛桃,湿痹,Herb
五指毛桃,腹水,Herb
五指毛桃,肿瘤,Herb
蛇胆,咳嗽,Herb
蛇胆,神经衰弱,Herb
蛇胆,肺热咳嗽,Herb
蛇胆,热咳,Herb
蛇胆,肺热,Herb
蛇胆,痔疮,Herb
蛇胆,惊风,Herb
蛇胆,支气管炎,Herb
火炭母,消化不良,Herb
火炭母,白喉,Herb
火炭母,毒蛇咬伤,Herb
火炭母,咽喉炎,Herb
火炭母,感冒,Herb
火炭母,痢疾,Herb
火炭母,霉菌性阴道炎,Herb
毛草龙,乳痈,Herb
毛草龙,疔疮,Herb
毛草龙,痔疮,Herb
毛草龙,毒蛇咬伤,Herb
毛草龙,感冒,Herb
九层塔,咳嗽,Herb
九层塔,热咳,Herb
九层塔,中暑,Herb
九层塔,头痛,Herb
九层塔,遗精,Herb
九层塔,湿痹,Herb
九层塔,感冒,Herb
九层塔,腹胀,Herb
防风,头痛,Herb
防风,湿痹,Herb
防风,感冒,Herb
防风草,疮疡,Herb
防风草,感冒,Herb
白芷,疮疡,Herb
白芷,头痛,Herb
罗勒,咳嗽,Herb
罗勒,热咳,Herb
罗勒,中暑,Herb
罗勒,头痛,Herb
罗勒,遗精,Herb
罗勒,湿痹,Herb
罗勒,感冒,Herb
罗勒,腹胀,Herb
六月寒,咳嗽,Herb
六月寒,烫伤,Herb
六月寒,感冒,Herb
藜芦,疟疾,Herb
藜芦,中风,Herb
胆矾,中风,Herb
胆矾,痔疮,Herb
甜瓜蒂,黄疸,Herb
甜瓜蒂,中风,Herb
草果,疟疾,Herb
草果,痞满,Herb
草果,腹胀,Herb
豆蔻,腹胀,Herb
厚朴,痰饮,Herb
厚朴,腹胀,Herb
佩兰,头痛,Herb
广藿香,足癣,Herb
广藿香,头痛,Herb
广藿香,感冒,Herb
藿香,湿阻,Herb
藿香,足癣,Herb
藿香,头痛,Herb
藿香,感冒,Herb
砂仁,痰饮,Herb
砂仁,肿胀,Herb
蟾酥,瘰疬,Herb
蟾酥,疔疮,Herb
安息香,中风,Herb
安息香,惊风,Herb
安息香,昏迷,Herb
麝香,瘰疬,Herb
麝香,中风,Herb
麝香,难产,Herb
麝香,昏迷,Herb
九节菖蒲,耳鸣,Herb
九节菖蒲,耳聋,Herb
九节菖蒲,湿痹,Herb
九节菖蒲,腹胀,Herb
石菖蒲,肿瘤,Herb
鹤虱,蛔虫病,Herb
鹤虱,蛲虫病,Herb
鹤虱,绦虫病,Herb
鹤虱,虫积,Herb
南鹤虱,绦虫病,Herb
南鹤虱,虫积,Herb
雷丸,虫积,Herb
榧子,痔疮,Herb
榧子,虫积,Herb
灵香草,蛔虫病,Herb
灵香草,头痛,Herb
灵香草,感冒,Herb
灵香草,腹胀,Herb
绵马贯众,产后出血,Herb
绵马贯众,风热感冒,Herb
绵马贯众,疮疡,Herb
绵马贯众,人工流产,Herb
绵马贯众,流产,Herb
绵马贯众,绦虫病,Herb
绵马贯众,感冒,Herb
槟榔,疟疾,Herb
槟榔,虫积,Herb
槟榔,腹胀,Herb
醉鱼草,咳嗽,Herb
醉鱼草,钩虫病,Herb
醉鱼草,感冒,Herb
使君子,蛔虫病,Herb
使君子,蛲虫病,Herb
使君子,虫积,Herb
小茴香,痛经,Herb
小茴香,腹胀,Herb
丁香,呃逆,Herb
丁香,阴冷,Herb
丁香,痢疾,Herb
刀豆,肾虚,Herb
刀豆,呃逆,Herb
刀豆,腹胀,Herb
花椒,痰饮,Herb
花椒,肿胀,Herb
花椒,虫积,Herb
荜茇,偏头痛,Herb
荜茇,头痛,Herb
荜澄茄,气胀,Herb
荜澄茄,痢疾,Herb
山柰,霍乱,Herb
山柰,湿痹,Herb
山柰,腹胀,Herb
桂皮,痛经,Herb
桂皮,湿痹,Herb
山胡椒,霍乱,Herb
山胡椒,阳痿,Herb
山胡椒,中风,Herb
溪黄草,黄疸,Herb
积雪草,黄疸,Herb
积雪草,气腹痛,Herb
积雪草,痢疾,Herb
酢浆草,黄疸,Herb
酢浆草,疔疮,Herb
酢浆草,麻疹,Herb
酢浆草,痢疾,Herb
白鲜皮,黄疸,Herb
白鲜皮,热痹,Herb
椿皮,崩漏,Herb
白矾,黄疸,Herb
黄柏,黄疸,Herb
黄柏,肺结核,Herb
黄柏,阴虚发热,Herb
黄柏,疮疡,Herb
黄柏,结核病,Herb
黄柏,阴虚,Herb
黄柏,尿路感染,Herb
黄柏,遗精,Herb
黄柏,淋巴结结核,Herb
凤眼草,崩漏,Herb
凤眼草,痢疾,Herb
青叶胆,过敏性皮炎,Herb
青叶胆,疟疾,Herb
青叶胆,黄疸,Herb
青叶胆,咽喉炎,Herb
青叶胆,感冒,Herb
关黄柏,黄疸,Herb
关黄柏,疮疡,Herb
关黄柏,遗精,Herb
番石榴叶,臁疮,Herb
番石榴叶,疔疮,Herb
番石榴叶,湿痹,Herb
番石榴叶,腹胀,Herb
黄芩,咳嗽,Herb
黄芩,黄疸,Herb
黄芩,肺热咳嗽,Herb
黄芩,热咳,Herb
黄芩,肺热,Herb
黄芩,痞满,Herb
黄连,黄疸,Herb
黄连,疔疮,Herb
黄连,热中,Herb
黄连,痞满,Herb
黄连,肿瘤,Herb
黄连,痢疾,Herb
苦参,黄疸,Herb
当药,消化不良,Herb
当药,黄疸,Herb
当药,毒蛇咬伤,Herb
当药,咽喉炎,Herb
当药,痢疾,Herb
土茯苓,瘰疬,Herb
土茯苓,疔疮,Herb
土茯苓,汞中毒,Herb
半夏,痰饮,Herb
半夏,头痛,Herb
半夏,眩晕,Herb
半夏,梅核气,Herb
山麦冬,咳嗽,Herb
山麦冬,虚劳,Herb
麦冬,咳嗽,Herb
麦冬,咯血,Herb
麦冬,阴虚,Herb
麦冬,白喉,Herb
麦冬,咽白喉,Herb
北沙参,肺热,Herb
南沙参,肺热,Herb
南沙参,阴虚,Herb
太白参,脾肾两虚,Herb
玉竹,阴虚,Herb
玉竹,眩晕,Herb
银耳,癌症,Herb
银耳,咳嗽,Herb
银耳,肺热咳嗽,Herb
银耳,热咳,Herb
银耳,肺热,Herb
银耳,阴虚,Herb
银耳,虚劳,Herb
银耳,支气管炎,Herb
龟甲,阴虚,Herb
龟甲,崩漏,Herb
鳖甲,疟疾,Herb
鳖甲,积滞,Herb
鳖甲,阴虚发热,Herb
鳖甲,阴虚,Herb
鳖甲,难产,Herb
鳖甲,肿胀,Herb
鳖甲,虚劳,Herb
鳖甲,腹胀,Herb
凤凰衣,肺热,Herb
凤凰衣,阴虚,Herb
凤凰衣,眩晕,Herb
凤凰衣,淋巴结核,Herb
铁皮石斛,低血糖,Herb
铁皮石斛,阴虚,Herb
铁皮石斛,肿瘤,Herb
燕窝,咳嗽,Herb
燕窝,咯血,Herb
燕窝,虚劳,Herb
燕窝,痨瘵,Herb
黄精,咳嗽,Herb
黄精,阳痿,Herb
黄精,耳鸣,Herb
黄精,阴虚,Herb
黄精,遗精,Herb
黄精,虚劳,Herb
枸杞子,咳嗽,Herb
枸杞子,阳痿,Herb
枸杞子,虚劳,Herb
女贞子,耳鸣,Herb
女贞子,阴虚,Herb
女贞子,眩晕,Herb
沙棘,咳嗽,Herb
沙棘,消化不良,Herb
余甘子,咳嗽,Herb
余甘子,消化不良,Herb
余甘子,腹胀,Herb
啤酒花,消化不良,Herb
啤酒花,肺结核,Herb
啤酒花,膀胱炎,Herb
啤酒花,腹胀,Herb
藏菖蒲,消化不良,Herb
藏菖蒲,积滞,Herb
藏菖蒲,白喉,Herb
藏菖蒲,炭疽,Herb
稻芽,积滞,Herb
稻芽,腹胀,Herb
麦芽,回乳,Herb
麦芽,腹胀,Herb
谷芽,腹胀,Herb
六神曲,小儿食积,Herb
六神曲,消化不良,Herb
六神曲,腹胀,Herb
鸡内金,遗尿,Herb
鸡内金,遗精,Herb
莱菔子,咳嗽,Herb
莱菔子,腹胀,Herb
千金子,症瘕,Herb
千金子,积滞,Herb
千金子,痰饮,Herb
千金子,肿胀,Herb
千金子,肿瘤,Herb
千金子,闭经,Herb
红大戟,瘰疬,Herb
大戟,瘰疬,Herb
大戟,水臌,Herb
大戟,痰饮,Herb
大戟,肿胀,Herb
大戟,慢性肾炎,Herb
巴豆,腹胀,Herb
甘遂,症瘕,Herb
甘遂,肿胀,Herb
芫花,痰饮,Herb
芫花,肿胀,Herb
火麻仁,风痹,Herb
火麻仁,胆石,Herb
火麻仁,痢疾,Herb
郁李仁,腹水,Herb
牵牛子,痰饮,Herb
牵牛子,绦虫病,Herb
牵牛子,肿胀,Herb
牵牛子,虫积,Herb
紫苏子,咳嗽,Herb
紫苏子,风寒,Herb
紫苏子,感冒,Herb
蓖麻子,瘰疬,Herb
番泻叶,积滞,Herb
番泻叶,肿胀,Herb
芒硝,黄疸,Herb
芒硝,积滞,Herb
芒硝,尿毒症,Herb
芒硝,乳痈,Herb
芒硝,痔疮,Herb
芒硝,子痫,Herb
芒硝,脑病,Herb
芒硝,药物中毒,Herb
芒硝,高血压脑病,Herb
玄明粉,积滞,Herb
玄明粉,腹胀,Herb
芦荟,瘰疬,Herb
芦荟,萎缩性鼻炎,Herb
芦荟,虫积,Herb
大黄,症瘕,Herb
大黄,黄疸,Herb
大黄,积滞,Herb
大黄,疔疮,Herb
大黄,痞满,Herb
大黄,痢疾,Herb
枫香脂,瘰疬,Herb
枫香脂,瘫痪,Herb
枫香脂,咯血,Herb
松香,金疮,Herb
松香,瘰疬,Herb
松香,黄水疮,Herb
松香,脉管炎,Herb
八角莲,瘰疬,Herb
八角莲,疔疮,Herb
