disease_name,department_name
泛细支气管炎,内科
泛细支气管炎,呼吸内科
急性肺炎,内科
急性肺炎,呼吸内科
胃窦炎,内科
胃窦炎,消化内科
间质性肺炎,内科
间质性肺炎,呼吸内科
胃出血,内科
胃出血,消化内科
神经性头痛,内科
神经性头痛,神经内科
病毒性感冒,内科
病毒性感冒,呼吸内科
脑炎,内科
脑炎,神经内科
肾病,内科
肾病,肾内科
神经性耳鸣,内科
神经性耳鸣,神经内科
食管炎,内科
食管炎,消化内科
眩晕症,内科
眩晕症,神经内科
鼻咽炎,内科
鼻咽炎,呼吸内科
肺热,内科
肺热,呼吸内科
支气管病,内科
支气管病,呼吸内科
肺纤维化,内科
肺纤维化,呼吸内科
肺病,内科
肺病,呼吸内科
小细胞肺癌,内科
小细胞肺癌,呼吸内科
化脓性扁桃体炎,内科
化脓性扁桃体炎,呼吸内科
陈旧性肺结核,内科
陈旧性肺结核,呼吸内科
糜烂性胃炎,内科
糜烂性胃炎,消化内科
肠粘连,内科
肠粘连,消化内科
胃肠湿热,内科
胃肠湿热,消化内科
胃柿石,内科
胃柿石,消化内科
慢性非萎缩性胃炎,内科
慢性非萎缩性胃炎,消化内科
贲门炎,内科
贲门炎,消化内科
寄生虫病,内科
寄生虫病,消化内科
慢性糜烂性胃炎,内科
慢性糜烂性胃炎,消化内科
溃疡性肠炎,内科
溃疡性肠炎,消化内科
泌尿感染,内科
泌尿感染,泌尿内科
膀胱过度活动症,内科
膀胱过度活动症,泌尿内科
β-氨基酸尿,内科
β-氨基酸尿,泌尿内科
氨基酸尿症,内科
氨基酸尿症,泌尿内科
安卡性肾炎,内科
安卡性肾炎,泌尿内科
肾虚,内科
肾虚,泌尿内科
膀胱炎,内科
膀胱炎,泌尿内科
尿道炎,内科
尿道炎,泌尿内科
遗尿症,内科
遗尿症,泌尿内科
尿路感染,内科
尿路感染,泌尿内科
肾上腺囊肿,内科
肾上腺囊肿,泌尿内科
冠状动脉供血不足,内科
冠状动脉供血不足,心内科
心房颤动,内科
心房颤动,心内科
急性冠脉综合征,内科
急性冠脉综合征,心内科
窦性心动过缓,内科
窦性心动过缓,心内科
高血压性心脏病,内科
高血压性心脏病,心内科
高脂血症,内科
高脂血症,心内科
室性心律失常,内科
室性心律失常,心内科
恶性高血压,内科
恶性高血压,心内科
心血管疾病,内科
心血管疾病,心内科
右束支传导阻滞,内科
右束支传导阻滞,心内科
老年人低血压,内科
老年人低血压,心内科
双主动脉弓,内科
双主动脉弓,心内科
血毒,内科
血毒,血液科
血稠,内科
血稠,血液科
血小板减少性紫癜,内科
血小板减少性紫癜,血液科
血瘀体质,内科
血瘀体质,血液科
血液病,内科
血液病,血液科
低钙血症,内科
低钙血症,血液科
溶血性黄疸,内科
溶血性黄疸,血液科
营养性贫血,内科
营养性贫血,血液科
老年人原发性...,内科
老年人原发性...,血液科
小细胞低色素性贫血,内科
小细胞低色素性贫血,血液科
老年人多发性骨髓瘤,内科
老年人多发性骨髓瘤,血液科
血栓形成,内科
血栓形成,血液科
老年人糖尿病,内科
老年人糖尿病,内分泌科
甲状腺炎,内科
甲状腺炎,内分泌科
高甘油三酯血症,内科
高甘油三酯血症,内分泌科
内分泌病,内科
内分泌病,内分泌科
甲状腺弥漫性病变,内科
甲状腺弥漫性病变,内分泌科
肾性水肿,内科
肾性水肿,内分泌科
甲状腺功能亢...,内科
甲状腺功能亢...,内分泌科
肢端肥大症,内科
肢端肥大症,内分泌科
发育迟缓,内科
发育迟缓,内分泌科
糖尿病和高血压,内科
糖尿病和高血压,内分泌科
甲状腺疾病,内科
甲状腺疾病,内分泌科
闭锁综合征,内科
闭锁综合征,神经内科
缺血性脑卒中,内科
缺血性脑卒中,神经内科
肌肉痉挛,内科
肌肉痉挛,神经内科
交感神经型颈椎病,内科
交感神经型颈椎病,神经内科
神经炎,内科
神经炎,神经内科
心脑血管疾病,内科
心脑血管疾病,神经内科
脑血管痉挛,内科
脑血管痉挛,神经内科
股神经痛,内科
股神经痛,神经内科
蛋白尿,内科
蛋白尿,肾内科
肾小球肾炎,内科
肾小球肾炎,肾内科
慢性肾功能不全,内科
慢性肾功能不全,肾内科
膀胱肿瘤,内科
膀胱肿瘤,肾内科
老年人肾病综合征,内科
老年人肾病综合征,肾内科
肾萎缩,内科
肾萎缩,肾内科
嗜血细胞综合症,内科
嗜血细胞综合症,肾内科
寄生虫性尿路感染,内科
寄生虫性尿路感染,肾内科
隐匿型肾炎,内科
隐匿型肾炎,肾内科
急性肾小球肾炎,内科
急性肾小球肾炎,肾内科
衣原体尿路感染,内科
衣原体尿路感染,肾内科
先天性肾上腺...,内科
先天性肾上腺...,遗传病科
遗传病,内科
遗传病,遗传病科
心-耳综合征,内科
心-耳综合征,遗传病科
沃纳综合征,内科
沃纳综合征,遗传病科
血色病,内科
血色病,遗传病科
血卟啉病,内科
血卟啉病,遗传病科
染色体异常,内科
染色体异常,遗传病科
小儿唐氏综合征,内科
小儿唐氏综合征,遗传病科
遗传性肥胖,内科
遗传性肥胖,遗传病科
多肌炎,内科
多肌炎,风湿免疫科
脊柱关节炎,内科
脊柱关节炎,风湿免疫科
老年人骨关节炎,内科
老年人骨关节炎,风湿免疫科
风湿性疾病,内科
风湿性疾病,风湿免疫科
斯蒂尔病,内科
斯蒂尔病,风湿免疫科
韦格纳肉芽肿,内科
韦格纳肉芽肿,风湿免疫科
系统性红斑狼...,内科
系统性红斑狼...,风湿免疫科
痛风石,内科
痛风石,风湿免疫科
慢性皮肤粘膜...,内科
慢性皮肤粘膜...,风湿免疫科
复发性多软骨炎性,内科
复发性多软骨炎性,风湿免疫科
吞噬功能缺陷病,内科
吞噬功能缺陷病,风湿免疫科
抗体免疫缺陷病,内科
抗体免疫缺陷病,风湿免疫科
乳腺结节,外科
乳腺结节,普外科
肾盂旁囊肿,外科
肾盂旁囊肿,泌尿外科
腹股沟淋巴结炎,外科
腹股沟淋巴结炎,感染科
肋软骨炎,外科
肋软骨炎,心胸外科
跟痛症,外科
跟痛症,骨外科
浸润性乳腺癌,外科
浸润性乳腺癌,普外科
筋膜炎,外科
筋膜炎,骨外科
骨膜炎,外科
骨膜炎,骨外科
骶髂关节炎,外科
骶髂关节炎,骨外科
化脓性乳腺炎,外科
化脓性乳腺炎,普外科
骨癌,外科
骨癌,骨外科
小叶增生,外科
小叶增生,普外科
铜绿假单胞菌感染,外科
铜绿假单胞菌感染,感染科
假单胞菌感染,外科
假单胞菌感染,感染科
甲周炎,外科
甲周炎,感染科
流感嗜血杆菌感染,外科
流感嗜血杆菌感染,感染科
败血症,外科
败血症,感染科
葡萄球菌感染,外科
葡萄球菌感染,感染科
囊虫病,外科
囊虫病,感染科
脾脓肿,外科
脾脓肿,感染科
混合性厌氧菌感染,外科
混合性厌氧菌感染,感染科
减压病,外科
减压病,感染科
口蹄疫,外科
口蹄疫,感染科
脉管炎,外科
脉管炎,普外科
乳腺囊肿,外科
乳腺囊肿,普外科
?N动脉陷迫综合征,外科
?N动脉陷迫综合征,普外科
血管炎,外科
血管炎,普外科
巨乳症,外科
巨乳症,普外科
外生殖器畸形,外科
外生殖器畸形,普外科
动静脉血管瘤,外科
动静脉血管瘤,普外科
毛细血管瘤,外科
毛细血管瘤,普外科
腰椎病,外科
腰椎病,骨外科
椎管狭窄,外科
椎管狭窄,骨外科
骨结核,外科
骨结核,骨外科
跟腱炎,外科
跟腱炎,骨外科
许莫氏结节,外科
许莫氏结节,骨外科
骨裂,外科
骨裂,骨外科
膝关节韧带损伤,外科
膝关节韧带损伤,骨外科
室管膜肿瘤,外科
室管膜肿瘤,神经外科
蛛网膜囊肿,外科
蛛网膜囊肿,神经外科
脑水肿,外科
脑水肿,神经外科
骶管囊肿,外科
骶管囊肿,神经外科
风湿免疫病,外科
风湿免疫病,神经外科
透明隔囊肿,外科
透明隔囊肿,神经外科
脑囊肿,外科
脑囊肿,神经外科
颅脑损伤,外科
颅脑损伤,神经外科
髓母细胞瘤,外科
髓母细胞瘤,神经外科
自发性蛛网膜...,外科
自发性蛛网膜...,神经外科
脑血栓形成,外科
脑血栓形成,神经外科
脊髓血管畸形,外科
脊髓血管畸形,神经外科
乳腺疾病,外科
乳腺疾病,心胸外科
弥漫性胸膜间皮瘤,外科
弥漫性胸膜间皮瘤,心胸外科
乳糜胸,外科
乳糜胸,心胸外科
空气栓塞,外科
空气栓塞,心胸外科
张力性气胸,外科
张力性气胸,心胸外科
胸腺癌,外科
胸腺癌,心胸外科
胸壁深部软组织感染,外科
胸壁深部软组织感染,心胸外科
肺泡癌,外科
肺泡癌,心胸外科
肺不发育或发育不全,外科
肺不发育或发育不全,心胸外科
先天性胸骨后膈疝,外科
先天性胸骨后膈疝,心胸外科
胸壁软组织肿瘤,外科
胸壁软组织肿瘤,心胸外科
胆管结石,外科
胆管结石,肝胆外科
胆囊息肉样病变,外科
胆囊息肉样病变,肝胆外科
胆囊囊肿,外科
胆囊囊肿,肝胆外科
黄疸性肝炎,外科
黄疸性肝炎,肝胆外科
先天性肝内胆...,外科
先天性肝内胆...,肝胆外科
胰腺肉瘤,外科
胰腺肉瘤,肝胆外科
急性胆管炎,外科
急性胆管炎,肝胆外科
肝结石,外科
肝结石,肝胆外科
急性梗阻性化...,外科
急性梗阻性化...,肝胆外科
老年人胆囊癌,外科
老年人胆囊癌,肝胆外科
老年人急性胰腺炎,外科
老年人急性胰腺炎,肝胆外科
胆道结石,外科
胆道结石,肝胆外科
前列腺病,外科
前列腺病,泌尿外科
男假两性畸形,外科
男假两性畸形,泌尿外科
急性尿道炎,外科
急性尿道炎,泌尿外科
马蹄形肾,外科
马蹄形肾,泌尿外科
睾丸囊肿,外科
睾丸囊肿,泌尿外科
滴虫性尿道炎,外科
滴虫性尿道炎,泌尿外科
泌尿生殖系放线菌病,外科
泌尿生殖系放线菌病,泌尿外科
肾钙乳,外科
肾钙乳,泌尿外科
泌尿系结石,外科
泌尿系结石,泌尿外科
霉菌性尿道炎,外科
霉菌性尿道炎,泌尿外科
阴囊癌,外科
阴囊癌,泌尿外科
冻伤,外科
冻伤,烧伤科
浸渍足,外科
浸渍足,烧伤科
外阴烧伤、烫...,外科
外阴烧伤、烫...,烧伤科
小儿触电与雷击,外科
小儿触电与雷击,烧伤科
触电,外科
触电,烧伤科
烧伤败血症,外科
烧伤败血症,烧伤科
电灼伤,外科
电灼伤,烧伤科
烧伤休克,外科
烧伤休克,烧伤科
烧伤,外科
烧伤,烧伤科
烧伤感染,外科
烧伤感染,烧伤科
热烧伤,外科
热烧伤,烧伤科
化学烧伤,外科
化学烧伤,烧伤科
肛门息肉,外科
肛门息肉,肛肠科
肛肠疾病,外科
肛肠疾病,肛肠科
小肠炎,外科
小肠炎,肛肠科
肛乳头瘤,外科
肛乳头瘤,肛肠科
瘘疮,外科
瘘疮,肛肠科
肛管直肠周围脓肿,外科
肛管直肠周围脓肿,肛肠科
内痔,外科
内痔,肛肠科
外痔,外科
外痔,肛肠科
肛提肌综合征,外科
肛提肌综合征,肛肠科
肛周湿疹,外科
肛周湿疹,肛肠科
肛裂,外科
肛裂,肛肠科
会阴下降综合征,外科
会阴下降综合征,肛肠科
女性假两性畸形,外科
女性假两性畸形,整形美容科
先天性并指多指畸形,外科
先天性并指多指畸形,整形美容科
小颌畸形综合征,外科
小颌畸形综合征,整形美容科
排卵期出血,妇产科
排卵期出血,妇科
妇科炎症,妇产科
妇科炎症,妇科
妇科病,妇产科
妇科病,妇科
宫颈湿疣,妇产科
宫颈湿疣,妇科
无脑儿,妇产科
无脑儿,产科
宫颈癌前病变,妇产科
宫颈癌前病变,妇科
子宫内膜厚,妇产科
子宫内膜厚,妇科
盆腔疾病,妇产科
盆腔疾病,妇科
子宫囊肿,妇产科
子宫囊肿,妇科
人工流产,妇产科
人工流产,产科
绝经后子宫颈癌,妇产科
绝经后子宫颈癌,妇科
混合型阴道炎,妇产科
混合型阴道炎,妇科
外阴疖病,妇产科
外阴疖病,妇科
原发性痛经,妇产科
原发性痛经,妇科
绝经,妇产科
绝经,妇科
产后风,妇产科
产后风,产科
早孕反应,妇产科
早孕反应,产科
胚胎停育,妇产科
胚胎停育,产科
习惯性流产,妇产科
习惯性流产,产科
妊娠合并风湿...,妇产科
妊娠合并风湿...,产科
妊娠疱疹,妇产科
妊娠疱疹,产科
完全流产,妇产科
完全流产,产科
妊娠痒疹,妇产科
妊娠痒疹,产科
胎儿生长受限,妇产科
胎儿生长受限,产科
早产,妇产科
早产,产科
小儿腹泻病,儿科
小儿腹泻病,小儿内科
新生儿乙型肝炎,儿科
新生儿乙型肝炎,小儿内科
小儿贲门失弛缓症,儿科
小儿贲门失弛缓症,儿科综合
小儿急性上呼...,儿科
小儿急性上呼...,小儿内科
小儿肾病综合征,儿科
小儿肾病综合征,儿科综合
母乳性腹泻,儿科
母乳性腹泻,小儿内科
婴儿痉挛症,儿科
婴儿痉挛症,小儿内科
小儿胃肠炎,儿科
小儿胃肠炎,小儿内科
小儿急性胃炎,儿科
小儿急性胃炎,小儿内科
小儿烫伤,儿科
小儿烫伤,小儿外科
小儿红白血病,儿科
小儿红白血病,儿科综合
小儿甲状腺功...,儿科
小儿甲状腺功...,儿科综合
小儿结膜吸吮线虫病,儿科
小儿结膜吸吮线虫病,儿科综合
小儿溃疡性结肠炎,儿科
小儿溃疡性结肠炎,儿科综合
小儿家族性复...,儿科
小儿家族性复...,儿科综合
小儿胃结块症,儿科
小儿胃结块症,儿科综合
小儿肌阵挛性癫痫,儿科
小儿肌阵挛性癫痫,儿科综合
小儿选择性免...,儿科
小儿选择性免...,儿科综合
小儿神经性厌食,儿科
小儿神经性厌食,儿科综合
小儿遗尿,儿科
小儿遗尿,儿科综合
小儿肠套叠,儿科
小儿肠套叠,小儿外科
新生儿先天性膈疝,儿科
新生儿先天性膈疝,小儿外科
小儿先天性胆...,儿科
小儿先天性胆...,小儿外科
脐膨出,儿科
脐膨出,小儿外科
婴幼儿脐疝,儿科
婴幼儿脐疝,小儿外科
新生儿尿布皮炎,儿科
新生儿尿布皮炎,小儿外科
新生儿皮下坏疽,儿科
新生儿皮下坏疽,小儿外科
小儿两性畸形,儿科
小儿两性畸形,小儿外科
小儿输尿管脱垂,儿科
小儿输尿管脱垂,小儿外科
小儿指甲-髌...,儿科
小儿指甲-髌...,小儿外科
小儿睾丸扭转,儿科
小儿睾丸扭转,小儿外科
小儿癫痫,儿科
小儿癫痫,小儿内科
幼年型类风湿...,儿科
幼年型类风湿...,小儿内科
小儿急性血行...,儿科
小儿急性血行...,小儿内科
小儿干燥综合征,儿科
小儿干燥综合征,小儿内科
小儿心肌炎,儿科
小儿心肌炎,小儿内科
念珠菌性包皮龟头炎,男科
龟头珍珠疹,男科
龟头癌,男科
滴虫性包皮龟头炎,男科
男科病,男科
睾丸鞘膜积液,男科
阴茎珍珠疹,男科
蹼状阴茎,男科
急性包皮炎,男科
血精症,男科
阴茎淋巴管炎,男科
睾丸畸形,男科
包茎,男科
包皮炎,男科
包皮龟头炎,男科
包皮阴茎头炎,男科
不射精症,男科
包皮过长,男科
包茎过长,男科
勃起功能障碍,男科
包皮水肿,男科
多睾症,男科
非淋性前列腺炎,男科
附睾炎,男科
非细菌性前列腺炎,男科
附睾畸形,男科
睾丸扭转,男科
睾丸炎,男科
睾丸损伤,男科
龟头炎,男科
睾丸畸胎瘤,男科
精子畸形,男科
精囊结石,男科
急性细菌性前列腺炎,男科
急性附睾炎,男科
精囊囊肿,男科
急性腮腺炎性睾丸炎,男科
急性非特异性睾丸炎,男科
精液不液化,男科
精囊炎,男科
精索静脉曲张,男科
老年男性性功能障碍,男科
淋病合并症前列腺炎,男科
淋病合并症精囊炎,男科
良性前列腺增生,男科
慢性附睾炎,男科
慢性细菌性前列腺炎,男科
男性病,男科
念珠龟头炎,男科
男性生殖器外伤,男科
尿道与阴茎结核,男科
男性生殖器畸形,男科
男性不育症,男科
男生殖系结核,男科
男性生殖腺机...,男科
男性更年期综合症,男科
嵌顿包茎,男科
前列腺异位,男科
前列腺囊肿,男科
前列腺钙化,男科
弱精,男科
输精管堵塞,男科
射精功能障碍,男科
少精子症,男科
死精症,男科
输精管缺如,男科
神经性阳痿,男科
特异性前列腺炎,男科
无睾症,男科
无精症,男科
先天性睾丸发育不全,男科
小阴茎,男科
性功能障碍,男科
细菌性前列腺炎,男科
阴囊坏疽,男科
阴茎扭转,男科
阴茎离断伤,男科
阴囊损伤,男科
阴茎前阴囊,男科
阳痿,男科
隐睾,男科
阴囊潮湿,男科
遗精,男科
阴茎头包皮炎,男科
重复阴茎,男科
早泄,男科
珍珠丘疹,男科
过敏性皮炎,皮肤性病科
过敏性皮炎,皮肤科
烫伤,皮肤性病科
烫伤,皮肤科
慢性荨麻疹,皮肤性病科
慢性荨麻疹,皮肤科
脂溢性脱发,皮肤性病科
脂溢性脱发,皮肤科
自身敏感性皮炎,皮肤性病科
自身敏感性皮炎,皮肤科
头部脂溢性皮炎,皮肤性病科
头部脂溢性皮炎,皮肤科
先天性少白头,皮肤性病科
先天性少白头,皮肤科
足癣,皮肤性病科
足癣,皮肤科
丝状疣,皮肤性病科
丝状疣,皮肤科
阴囊炎,皮肤性病科
阴囊炎,皮肤科
急性荨麻疹,皮肤性病科
急性荨麻疹,皮肤科
白化病,皮肤性病科
白化病,皮肤科
急性淋病,皮肤性病科
急性淋病,性病科
梅毒性角膜病变,皮肤性病科
梅毒性角膜病变,性病科
儿童尖锐湿疣,皮肤性病科
儿童尖锐湿疣,性病科
梅毒性巩膜炎,皮肤性病科
梅毒性巩膜炎,性病科
老年人神经梅毒,皮肤性病科
老年人神经梅毒,性病科
一期梅毒,皮肤性病科
一期梅毒,性病科
性病性淋巴肉芽肿,皮肤性病科
性病性淋巴肉芽肿,性病科
男性尖锐湿疣,皮肤性病科
男性尖锐湿疣,性病科
毛滴虫病,皮肤性病科
毛滴虫病,性病科
阴部鲍恩样丘疹病,皮肤性病科
阴部鲍恩样丘疹病,性病科
肛门尖锐湿疣,皮肤性病科
肛门尖锐湿疣,性病科
女性尖锐湿疣,皮肤性病科
女性尖锐湿疣,性病科
白毛舌,五官科
白毛舌,口腔科
耳石症,五官科
耳石症,耳鼻喉科
反流性喉炎,五官科
反流性喉炎,耳鼻喉科
咽喉癌,五官科
咽喉癌,耳鼻喉科
飞蚊症,五官科
飞蚊症,眼科
口腔炎,五官科
口腔炎,口腔科
唇炎,五官科
唇炎,口腔科
舌炎,五官科
舌炎,口腔科
口腔干燥综合征,五官科
口腔干燥综合征,口腔科
牙结石,五官科
牙结石,口腔科
蝶窦炎,五官科
蝶窦炎,耳鼻喉科
口周湿疹,五官科
口周湿疹,口腔科
黄斑变性,五官科
黄斑变性,眼科
虹膜炎,五官科
虹膜炎,眼科
病毒性结膜炎,五官科
病毒性结膜炎,眼科
慢性卡他性结膜炎,五官科
慢性卡他性结膜炎,眼科
视网膜脱落,五官科
视网膜脱落,眼科
眼结石,五官科
眼结石,眼科
流行性角结膜炎,五官科
流行性角结膜炎,眼科
眼外伤,五官科
眼外伤,眼科
过敏性结膜炎,五官科
过敏性结膜炎,眼科
老视,五官科
老视,眼科
原发性开角型青光眼,五官科
原发性开角型青光眼,眼科
牙斑,五官科
牙斑,口腔科
牙周脓肿,五官科
牙周脓肿,口腔科
裂纹舌,五官科
裂纹舌,口腔科
牙病,五官科
牙病,口腔科
慢性牙周炎,五官科
慢性牙周炎,口腔科
会厌囊肿,五官科
会厌囊肿,耳鼻喉科
鼻外伤,五官科
鼻外伤,耳鼻喉科
喉肿瘤,五官科
喉肿瘤,耳鼻喉科
梅尼埃病,五官科
梅尼埃病,耳鼻喉科
喉切伤,五官科
喉切伤,耳鼻喉科
筛窦炎,五官科
筛窦炎,耳鼻喉科
化脓性中耳炎,五官科
化脓性中耳炎,耳鼻喉科
喉淀粉样变,五官科
喉淀粉样变,耳鼻喉科
脑癌,肿瘤科
脑癌,肿瘤内科
癌症,肿瘤科
癌症,肿瘤内科
肿瘤,肿瘤科
肿瘤,肿瘤内科
睾丸癌,肿瘤科
睾丸癌,肿瘤外科
乳房肉瘤,肿瘤科
乳房肉瘤,肿瘤外科
生殖细胞瘤,肿瘤科
生殖细胞瘤,肿瘤内科
扁桃体癌,肿瘤科
扁桃体癌,肿瘤内科
乳腺肿瘤,肿瘤科
乳腺肿瘤,肿瘤外科
肛周肿瘤,肿瘤科
肛周肿瘤,肿瘤内科
肾肿瘤,肿瘤科
肾肿瘤,肿瘤外科
绝经期乳腺癌,肿瘤科
绝经期乳腺癌,肿瘤外科
错构瘤,肿瘤科
错构瘤,肿瘤外科
恶性肿瘤,肿瘤科
恶性肿瘤,肿瘤内科
乙状结肠癌,肿瘤科
乙状结肠癌,肿瘤内科
甲状腺乳头癌,肿瘤科
甲状腺乳头癌,肿瘤内科
癌性疼痛,肿瘤科
癌性疼痛,肿瘤内科
尤因肉瘤,肿瘤科
尤因肉瘤,肿瘤内科
阴道粒细胞肉瘤,肿瘤科
阴道粒细胞肉瘤,肿瘤内科
胰头癌,肿瘤科
胰头癌,肿瘤外科
乳房外湿疹样癌,肿瘤科
乳房外湿疹样癌,肿瘤外科
软纤维瘤,肿瘤科
软纤维瘤,肿瘤外科
宫颈腺癌,肿瘤科
宫颈腺癌,肿瘤外科
阑尾类癌,肿瘤科
阑尾类癌,肿瘤外科
角膜鳞状细胞癌,肿瘤科
角膜鳞状细胞癌,肿瘤外科
精神病,精神科
社交恐惧症,精神科
睡眠障碍,精神科
前庭功能紊乱,精神科
密集恐惧症,精神科
精神障碍,精神科
躁狂抑郁症,精神科
梦游症,精神科
抽动障碍,精神科
恐怖症,精神科
寄生虫妄想,精神科
强迫型人格障碍,精神科
阿尔茨海默病性痴呆,精神科
阿斯伯格综合症,精神科
表演型人格障碍,精神科
拔毛狂,精神科
产后精神病,精神科
创伤后应激障碍,精神科
冲动型人格障碍,精神科
产后抑郁症,精神科
抽动秽语综合征,精神科
臭汗恐惧症,精神科
单纯型精神分裂症,精神科
单次发作抑郁症,精神科
儿童期精神障...,精神科
分裂情感性障碍,精神科
发作性嗜睡强...,精神科
发作性睡病,精神科
反应性精神病,精神科
分裂情感性精神病,精神科
反社会人格障...,精神科
反社会人格障碍,精神科
孤独症,精神科
工业中毒所致...,精神科
肝豆状核变性...,精神科
孤独症谱系障碍,精神科
感应性妄想性障碍,精神科
广泛性焦虑障碍,精神科
急性应激反应,精神科
惊恐症,精神科
疾病恐怖,精神科
急性妄想发作,精神科
精神发育迟缓,精神科
酒精伴发的精神障碍,精神科
酒精所致精神障碍,精神科
精神分裂症,精神科
精神发育迟滞,精神科
恐惧症,精神科
恐怖性焦虑障碍,精神科
口水强迫症,精神科
恐缩症,精神科
克-雅氏病性痴呆,精神科
空巢综合症,精神科
老年期谵妄,精神科
老年人神经症,精神科
旅途精神病,精神科
老年期抑郁障碍,精神科
老年人睡眠障碍,精神科
老年期抑郁症,精神科
脑外伤所致精神障碍,精神科
脑外伤伴发的...,精神科
帕金森病性痴呆,精神科
品行障碍,精神科
皮肤行为症,精神科
皮克病性痴呆,精神科
偏执性精神障碍,精神科
偏执狂,精神科
皮质性遗忘症,精神科
强迫性障碍,精神科
其他类精神活...,精神科
躯体疾病伴发...,精神科
强迫症,精神科
情感障碍,精神科
气功所致精神障碍,精神科
情感性心境障碍,精神科
躯体形式障碍,精神科
躯体感染伴发...,精神科
青春型精神分裂症,精神科
染色体异常伴...,精神科
人格解体-现...,精神科
人格障碍,精神科
失眠抑郁,精神科
肾上腺皮质功...,精神科
睡眠型癫痫,精神科
植物神经功能障碍,精神科
丧偶后适应性障碍,精神科
肾性脑病,精神科
散发性脑炎伴...,精神科
双性恋,精神科
水、电解质紊...,精神科
适应障碍,精神科
围术期伴发的...,精神科
妄想症,精神科
性功能异常伴...,精神科
性欲亢进,精神科
性兴奋障碍,精神科
性变态,精神科
学习技能发育障碍,精神科
烟草依赖综合症,精神科
延迟性应激反应,精神科
月经周期性精神病,精神科
幽闭空间恐惧症,精神科
抑郁性神经症,精神科
癔球症,精神科
癔症,精神科
夜惊,精神科
转换性障碍,精神科
躁狂症,精神科
自闭症,精神科
注意缺陷障碍,精神科
谵妄综合征,精神科
致死性家族性失眠症,精神科
痢疾,传染科
解脲支原体感染,传染科
淋巴结核,传染科
流行性脑脊髓膜炎,传染科
EB病毒感染,传染科
寻常狼疮,传染科
结肠阿米巴,传染科
广州管圆线虫病,传染科
高致病性禽流...,传染科
结核性盆腔炎,传染科
链球菌感染,传染科
继发性肺结核,传染科
埃利希体病,传染科
埃里希体病,传染科
艾滋病,传染科
阿根廷出血热,传染科
A链球菌群感染,传染科
埃及血吸虫病,传染科
埃博拉病毒病,传染科
艾滋病神经系统损害,传染科
不动杆菌感染,传染科
斑疹伤寒,传染科
鼻结核,传染科
巴贝虫病,传染科
布氏菌病,传染科
白喉,传染科
白痢,传染科
白蛉热,传染科
病毒性出血热,传染科
巴西紫热,传染科
鼻疽,传染科
布鲁菌病,传染科
肠伤寒,传染科
肠道厌氧菌感染,传染科
肠结核,传染科
肠道传染病,传染科
查加斯病,传染科
传染性单核细...,传染科
肠道病毒71型感染,传染科
产气杆菌肠炎,传染科
单纯疱疹病毒感染症,传染科
丹毒丝菌病,传染科
登革出血热,传染科
短膜壳绦虫病,传染科
单纯疱疹性脑炎,传染科
登革热,传染科
地方性斑疹伤寒,传染科
单纯疱疹,传染科
单纯性疱疹,传染科
东方马型脑炎,传染科
颚口线虫病,传染科
鄂木斯克出血热,传染科
发热伴血小板...,传染科
副伤寒,传染科
肺门淋巴结核,传染科
附红细胞体病,传染科
肺结核瘤,传染科
肺鼠疫,传染科
肺炭疽,传染科
肺吸虫病,传染科
肺结核,传染科
肺包虫病,传染科
非结核性分枝杆菌病,传染科
非01霍乱弧菌肠炎,传染科
钩虫病,传染科
弓形虫病,传染科
钩端螺旋体病,传染科
弓形体病,传染科
冠状病毒感染,传染科
钩端螺旋体病...,传染科
回归热,传染科
黄热病,传染科
霍乱,传染科
H7n7,传染科
H7N9型禽流感,传染科
获得性免疫缺...,传染科
黑热病,传染科
华支睾吸虫病,传染科
汉坦病毒肺综合征,传染科
急性丙肝,传染科
急性播散性脑脊髓炎,传染科
肩关节结核,传染科
结核性脓胸,传染科
结核病,传染科
甲型副伤寒,传染科
甲流,传染科
巨细胞病毒病,传染科
科罗拉多蜱热,传染科
口蹄病,传染科
抗-HCVAg阳性,传染科
夸赛纳森林病,传染科
卡他莫拉菌感染,传染科
康诺尔立克次...,传染科
狂犬病,传染科
克里米亚-刚...,传染科
溃疡性皮肤结核,传染科
寇热,传染科
库鲁病,传染科
柯萨奇病毒和...,传染科
淋巴丝虫病,传染科
淋球菌感染,传染科
淋巴结结核,传染科
老年人肺结核病,传染科
流行性斑疹伤寒,传染科
利斯特菌病,传染科
老年人肺结核,传染科
流行性乙型脑炎,传染科
泌尿生殖系支...,传染科
慢性细菌性痢疾,传染科
麻风性角膜病变,传染科
麻风,传染科
猫抓病,传染科
马尔堡病毒病,传染科
麻疹,传染科
麻风病,传染科
慢性阿米巴性痢疾,传染科
慢性阿米巴病肠炎,传染科
湄公血吸虫病,传染科
毛圆线虫病,传染科
念珠菌病,传染科
脑弓形体病,传染科
男性生殖系结核,传染科
牛带绦虫病,传染科
诺卡菌病,传染科
内脏血吸虫炎,传染科
内脏利什曼病,传染科
疟疾肾病,传染科
诺卡放线菌病,传染科
疟疾,传染科
脑结核瘤,传染科
难辨芽胞杆菌肠炎,传染科
皮下裂头蚴病,传染科
盘尾丝虫病,传染科
皮肤阿米巴病,传染科
皮肤炭疽,传染科
皮肤幼虫移行症,传染科
片吸虫病,传染科
品他病,传染科
皮肤颌口虫病,传染科
球孢子菌病,传染科
禽流感,传染科
气性坏疽病,传染科
Q热,传染科
奇孔古尼亚病...,传染科
曲霉病,传染科
羌虫病,传染科
输血后肝炎,传染科
溶组织内阿米巴病,传染科
人类T淋巴细...,传染科
日本血吸虫病,传染科
肉孢子虫病,传染科
乳房棘球蚴病,传染科
乳房结核,传染科
瑞列绦虫病,传染科
鼠咬热,传染科
四川并殖吸虫病,传染科
森林脑炎,传染科
散发性脑炎,传染科
苏格兰脑炎,传染科
鼠疫,传染科
水痘,传染科
伤寒与副伤寒,传染科
丝虫病,传染科
伤寒,传染科
梭状芽胞杆菌...,传染科
鼠疫耶尔森菌肺炎,传染科
兔热病,传染科
天花,传染科
炭疽病,传染科
炭疽,传染科
弯曲菌性肠炎,传染科
弯曲菌肠炎,传染科
弯曲菌感染,传染科
微小病毒感染,传染科
尾蚴性皮炎,传染科
委内瑞拉马脑炎,传染科
卫氏并殖吸虫病,传染科
小儿结核性胸膜炎,传染科
西伯利亚立克...,传染科
腺病毒感染,传染科
小儿结核性脑膜炎,传染科
小儿麻疹,传染科
小儿细菌性痢疾,传染科
小儿雅司病,传染科
胸壁结核,传染科
西方马型脑炎,传染科
涎腺结核,传染科
小儿人类细小...,传染科
阴茎结核疹,传染科
咽白喉,传染科
隐球菌病,传染科
医院内感染,传染科
亚急性硬化性全脑炎,传染科
咽部结核,传染科
咽结合膜热,传染科
乙脑伴发的精神障碍,传染科
眼睑炭疽,传染科
鹦鹉热,传染科
阴沟肠杆菌感染,传染科
原发性皮肤结...,传染科
支原体感染,传染科
组织胞浆菌病,传染科
中间型链球菌感染,传染科
战壕热,传染科
自由生活阿米巴感染,传染科
致肠细胞病变...,传染科
猪带绦虫病,传染科
锥虫病,传染科
阴虚,中医科
阴虚,中医综合
五更泻,中医科
五更泻,中医综合
体寒,中医科
体寒,中医综合
风热头痛,中医科
风热头痛,中医综合
体质性低血压,中医科
体质性低血压,中医综合
黧黑斑,中医科
黧黑斑,中医综合
虚劳,中医科
虚劳,中医综合
血虚眩晕,中医科
血虚眩晕,中医综合
风热感冒,中医科
风热感冒,中医综合
心气虚,中医科
心气虚,中医综合
小儿乳积,中医科
小儿乳积,中医综合
阴冷,中医科
阴冷,中医综合
白屑风,中医科
白屑风,中医综合
白睛溢血,中医科
白睛溢血,中医综合
白秃疮,中医科
白秃疮,中医综合
奔豚气,中医科
奔豚气,中医综合
痹证,中医科
痹证,中医综合
唇疱疹,中医科
唇疱疹,中医综合
产后血瘀,中医科
产后血瘀,中医综合
虫臌,中医科
虫臌,中医综合
肠郁,中医科
肠郁,中医综合
喘证,中医科
喘证,中医综合
产后血虚热,中医科
产后血虚热,中医综合
赤脉传睛,中医科
赤脉传睛,中医综合
赤痢,中医科
赤痢,中医综合
垂痈,中医科
垂痈,中医综合
疮疡,中医科
疮疡,中医综合
虫积,中医科
虫积,中医综合
赤丝虬脉,中医科
赤丝虬脉,中医综合
大肠湿热,中医科
大肠湿热,中医综合
癫狂病,中医科
癫狂病,中医综合
胆胀,中医科
胆胀,中医综合
带下病,中医科
带下病,中医综合
丹痧,中医科
丹痧,中医综合
胆热,中医科
胆热,中医综合
癫病,中医科
癫病,中医综合
大头瘟,中医科
大头瘟,中医综合
疔疮,中医科
疔疮,中医综合
毒热侵肤,中医科
毒热侵肤,中医综合
胆石,中医科
胆石,中医综合
顿呛,中医科
顿呛,中医综合
耳疔,中医科
耳疔,中医综合
恶寒发热,中医科
恶寒发热,中医综合
耳痈,中医科
耳痈,中医综合
耳疮,中医科
耳疮,中医综合
儿童顿咳,中医科
儿童顿咳,中医综合
耳疖,中医科
耳疖,中医综合
肺热咳嗽,中医科
肺热咳嗽,中医综合
风寒头痛,中医科
风寒头痛,中医综合
风寒,中医科
风寒,中医综合
肺气虚,中医科
肺气虚,中医综合
肺咳,中医科
肺咳,中医综合
风寒犯肺,中医科
风寒犯肺,中医综合
肥气,中医科
肥气,中医综合
伏暑,中医科
伏暑,中医综合
房事头疼症,中医科
房事头疼症,中医综合
风痹,中医科
风痹,中医综合
干血痨,中医科
干血痨,中医综合
肝胆湿热,中医科
肝胆湿热,中医综合
肝脾湿热,中医科
肝脾湿热,中医综合
鼓胀,中医科
鼓胀,中医综合
肝火眩晕,中医科
肝火眩晕,中医综合
肝火犯肺,中医科
肝火犯肺,中医综合
肝气不舒,中医科
肝气不舒,中医综合
关格,中医科
关格,中医综合
肝血虚证,中医科
肝血虚证,中医综合
过敏性眼睑皮肤炎,中医科
过敏性眼睑皮肤炎,中医综合
肝风内动证,中医科
肝风内动证,中医综合
肝厥,中医科
肝厥,中医综合
寒痹,中医科
寒痹,中医综合
回乳,中医科
回乳,中医综合
花翳自陷,中医科
花翳自陷,中医综合
红斑型天疱疮,中医科
红斑型天疱疮,中医综合
环跳疽,中医科
环跳疽,中医综合
喉痈,中医科
喉痈,中医综合
狐惑,中医科
狐惑,中医综合
混睛帐,中医科
混睛帐,中医综合
寒湿困脾,中医科
寒湿困脾,中医综合
黄体功能不全性不孕,中医科
黄体功能不全性不孕,中医综合
黄水疮,中医科
黄水疮,中医综合
积滞,中医科
积滞,中医综合
惊风,中医科
惊风,中医综合
酒胀,中医科
酒胀,中医综合
精瘀证,中医科
精瘀证,中医综合
脊疳,中医科
脊疳,中医综合
精子增多症,中医科
精子增多症,中医综合
椒疮,中医科
椒疮,中医综合
筋痿,中医科
筋痿,中医综合
筋瘤,中医科
筋瘤,中医综合
经行流涎,中医科
经行流涎,中医综合
金疮,中医科
金疮,中医综合
久泄,中医科
久泄,中医综合
口糜,中医科
口糜,中医综合
客忤,中医科
客忤,中医综合
苦夏,中医科
苦夏,中医综合
狂病,中医科
狂病,中医综合
瘰疬,中医科
瘰疬,中医综合
离位皮炎,中医科
离位皮炎,中医综合
淋证,中医科
淋证,中医综合
凉燥,中医科
凉燥,中医综合
痨瘵,中医科
痨瘵,中医综合
挛痹,中医科
挛痹,中医综合
癃闭,中医科
癃闭,中医综合
六瘤,中医科
六瘤,中医综合
臁疮,中医科
臁疮,中医综合
偻附,中医科
偻附,中医综合
流痰,中医科
流痰,中医综合
明癣,中医科
明癣,中医综合
瞀瘛,中医科
瞀瘛,中医综合
脉痹,中医科
脉痹,中医综合
脉痿,中医科
脉痿,中医综合
慢惊风,中医科
慢惊风,中医综合
猛兽伤,中医科
猛兽伤,中医综合
马牙,中医科
马牙,中医综合
面游风,中医科
面游风,中医综合
梅核气,中医科
梅核气,中医综合
猫眼疮,中医科
猫眼疮,中医综合
慢脾风,中医科
慢脾风,中医综合
脉溢,中医科
脉溢,中医综合
脑鸣,中医科
脑鸣,中医综合
尿精,中医科
尿精,中医综合
囊痈,中医科
囊痈,中医综合
内伤发热,中医科
内伤发热,中医综合
女子梦交,中医科
女子梦交,中医综合
脑萎,中医科
脑萎,中医综合
脑痨,中医科
脑痨,中医综合
男科外伤,中医科
男科外伤,中医综合
尿毒症昏迷,中医科
尿毒症昏迷,中医综合
奶麻,中医科
奶麻,中医综合
脓包疮,中医科
脓包疮,中医综合
脓窠疮,中医科
脓窠疮,中医综合
脾肾两虚,中医科
脾肾两虚,中医综合
盆腔炎症性不孕症,中医科
盆腔炎症性不孕症,中医综合
脾劳,中医科
脾劳,中医综合
皮痹,中医科
皮痹,中医综合
偏沮,中医科
偏沮,中医综合
睥翻粘睑,中医科
睥翻粘睑,中医综合
痞气,中医科
痞气,中医综合
痞满,中医科
痞满,中医综合
脾约,中医科
脾约,中医综合
脾虚泄泻,中医科
脾虚泄泻,中医综合
脾水,中医科
脾水,中医综合
脾疳,中医科
脾疳,中医综合
气疝,中医科
气疝,中医综合
气腹痛,中医科
气腹痛,中医综合
秋燥,中医科
秋燥,中医综合
气阴两虚,中医科
气阴两虚,中医综合
气虚眩晕,中医科
气虚眩晕,中医综合
气虚血瘀证,中医科
气虚血瘀证,中医综合
气胀,中医科
气胀,中医综合
憩室病,中医科
憩室病,中医综合
漆疮,中医科
漆疮,中医综合
气瘤,中医科
气瘤,中医综合
气秘,中医科
气秘,中医综合
千日疮,中医科
千日疮,中医综合
热毒冲心,中医科
热毒冲心,中医综合
热伤风,中医科
热伤风,中医综合
热咳,中医科
热咳,中医综合
热痹,中医科
热痹,中医综合
乳痈,中医科
乳痈,中医综合
乳痨,中医科
乳痨,中医综合
肉痉,中医科
肉痉,中医综合
肉痹,中医科
肉痹,中医综合
蓐劳,中医科
蓐劳,中医综合
热中,中医科
热中,中医综合
热汗,中医科
热汗,中医综合
乳泣,中医科
乳泣,中医综合
色素斑,中医科
色素斑,中医综合
食积胃病,中医科
食积胃病,中医综合
湿阻,中医科
湿阻,中医综合
湿痹,中医科
湿痹,中医综合
水臌,中医科
水臌,中医综合
水疥,中医科
水疥,中医综合
宿醉,中医科
宿醉,中医综合
三痹,中医科
三痹,中医综合
食管痹,中医科
食管痹,中医综合
湿热蕴脾,中医科
湿热蕴脾,中医综合
手足心热,中医科
手足心热,中医综合
神思间病,中医科
神思间病,中医综合
痰饮,中医科
痰饮,中医综合
胎漏,中医科
胎漏,中医综合
头风病,中医科
头风病,中医综合
脱阳,中医科
脱阳,中医综合
痰浊头痛,中医科
痰浊头痛,中医综合
胎赤,中医科
胎赤,中医综合
痰火扰心,中医科
痰火扰心,中医综合
太阳中风,中医科
太阳中风,中医综合
胎死不下,中医科
胎死不下,中医综合
痰火,中医科
痰火,中医综合
??,中医科
??,中医综合
胃肠积液,中医科
胃肠积液,中医综合
维生素Ａ缺乏...,中医科
维生素Ａ缺乏...,中医综合
蚊子叮咬,中医科
蚊子叮咬,中医综合
五脏痹,中医科
五脏痹,中医综合
胃纳呆滞,中医科
胃纳呆滞,中医综合
五积,中医科
五积,中医综合
五更泄,中医科
五更泄,中医综合
痿病,中医科
痿病,中医综合
痿证,中医科
痿证,中医综合
五硬,中医科
五硬,中医综合
心肾不交,中医科
心肾不交,中医综合
小儿食积,中医科
小儿食积,中医综合
小儿泄泻,中医科
小儿泄泻,中医综合
虚寒咳嗽,中医科
虚寒咳嗽,中医综合
下焦湿热,中医科
下焦湿热,中医综合
胸痹,中医科
胸痹,中医综合
小肠实热,中医科
小肠实热,中医综合
血瘤,中医科
血瘤,中医综合
阴汗,中医科
阴汗,中医综合
阴吹,中医科
阴吹,中医综合
月劳病,中医科
月劳病,中医综合
阳虚发热,中医科
阳虚发热,中医综合
眼睑热性疱疹,中医科
眼睑热性疱疹,中医综合
阴道壁脱垂,中医科
阴道壁脱垂,中医综合
瘀血头痛,中医科
瘀血头痛,中医综合
阴挺,中医科
阴挺,中医综合
阴虚发热,中医科
阴虚发热,中医综合
眼睑丹毒,中医科
眼睑丹毒,中医综合
肿胀,中医科
肿胀,中医综合
重瞳,中医科
重瞳,中医综合
坐板疮,中医科
坐板疮,中医综合
中满,中医科
中满,中医综合
脏躁,中医科
脏躁,中医综合
蜘蛛咬伤,中医科
蜘蛛咬伤,中医综合
指疔,中医科
指疔,中医综合
症瘕,中医科
症瘕,中医综合
中风,中医科
中风,中医综合
燥邪犯肺,中医科
燥邪犯肺,中医综合
走黄,中医科
走黄,中医综合
怔忡,中医科
怔忡,中医综合
甲醛中毒,急诊科
百草枯中毒,急诊科
热衰竭,急诊科
小儿气管、支...,急诊科
电解质紊乱,急诊科
药物中毒,急诊科
老年人高钾血症,急诊科
脑外伤,急诊科
胃溃疡性穿孔,急诊科
急性酒中毒,急诊科
小肠扭转,急诊科
高原病,急诊科
氨基甲酸酯类...,急诊科
阿片类药物中毒,急诊科
安眠药中毒,急诊科
阿片中毒,急诊科
氨气中毒,急诊科
苯中毒,急诊科
钡中毒,急诊科
变形杆菌食物中毒,急诊科
蓖麻子中毒,急诊科
铋中毒,急诊科
苯丙胺中毒,急诊科
苯海拉明中毒,急诊科
产褥中暑,急诊科
粗制棉子油中毒,急诊科
苍耳中毒,急诊科
猝死,急诊科
低血容量性休克,急诊科
代谢性碱中毒,急诊科
毒蕈中毒,急诊科
多系统器官功能衰竭,急诊科
对乙酰氨基酚中毒,急诊科
毒蛇咬伤,急诊科
颠茄碱类植物...,急诊科
低钾血症,急诊科
低渗性脱水,急诊科
等渗性脱水,急诊科
敌鼠中毒,急诊科
二硫化碳中毒,急诊科
二氧化硫中毒,急诊科
福尔马林中毒,急诊科
发芽马铃薯中毒,急诊科
副溶血性弧菌...,急诊科
吩噻嗪类抗精...,急诊科
复合型酸碱失衡,急诊科
酚类中毒,急诊科
高钠血症,急诊科
高原适应不全症,急诊科
光气中毒,急诊科
高原脑水肿,急诊科
高原肺水肿,急诊科
高钾血症,急诊科
高渗性脱水,急诊科
高锰酸钾中毒,急诊科
汞中毒,急诊科
过敏性休克,急诊科
感染性休克,急诊科
黄曲霉素中毒,急诊科
含亚硝酸盐类...,急诊科
河豚毒素中毒,急诊科
急性高原病,急诊科
急性硫化氢中毒,急诊科
菌血症,急诊科
酒精中毒,急诊科
挤压综合征,急诊科
局部麻醉药中毒,急诊科
甲醇中毒,急诊科
颈部勒伤,急诊科
咖啡因与氨茶碱中毒,急诊科
可拉明中毒,急诊科
奎宁中毒,急诊科
老年人心源性休克,急诊科
老年人低钠血症,急诊科
老年人高钠血症,急诊科
老年人脑心综合征,急诊科
老年人脱水,急诊科
老年性昏迷,急诊科
氯气中毒,急诊科
老年人颅内压增高,急诊科
老年人细菌性脑膜炎,急诊科
老年人急性左心衰竭,急诊科
老年人嗜铬细...,急诊科
曼陀罗中毒,急诊科
煤气中毒,急诊科
麻黄碱中毒,急诊科
马桑果中毒,急诊科
锰中毒,急诊科
灭虫灵中毒,急诊科
木薯中毒,急诊科
棉子中毒,急诊科
脓毒症,急诊科
拟除虫菊类农药中毒,急诊科
镍中毒,急诊科
农药中毒,急诊科
钠过多,急诊科
农药中毒所致...,急诊科
脓毒性休克,急诊科
拟除虫菊酯类...,急诊科
葡萄球菌性食物中毒,急诊科
铍中毒,急诊科
吡唑酮类中毒,急诊科
葡萄球菌食物中毒,急诊科
硼酸中毒,急诊科
葡萄球菌中毒...,急诊科
氰化物中毒,急诊科
强酸、强碱中毒,急诊科
汽油、煤油中毒,急诊科
汽油中毒,急诊科
强碱类中毒,急诊科
驱蛔灵中毒,急诊科
铅中毒,急诊科
强酸类中毒,急诊科
乳酸性酸中毒,急诊科
肉毒中毒,急诊科
热射病,急诊科
热痉挛,急诊科
输卵管妊娠破裂,急诊科
失血性休克,急诊科
水过多,急诊科
水杨酸类中毒,急诊科
损伤性休克,急诊科
士的宁中毒,急诊科
肾上腺素中毒,急诊科
三环类抗忧郁药中毒,急诊科
杀鼠剂中毒,急诊科
食物中毒,急诊科
神经型食物中毒,急诊科
四氯化碳中毒,急诊科
脱水,急诊科
锑中毒,急诊科
铁中毒,急诊科
铊中毒,急诊科
羰基镍中毒,急诊科
体温过低,急诊科
无机碱皮肤损伤,急诊科
无机磷中毒,急诊科
五氯酚钠中毒,急诊科
胃肠型食物中毒,急诊科
小儿胃肠道异...,急诊科
小儿淹溺,急诊科
小儿汞中毒,急诊科
小儿急性阑尾炎,急诊科
小儿一氧化碳中毒,急诊科
小儿中暑和暑热症,急诊科
锌中毒,急诊科
小儿食管异物,急诊科
小儿心搏呼吸...,急诊科
新生儿休克,急诊科
银杏中毒,急诊科
缢死,急诊科
有机磷农药中毒,急诊科
鱼胆中毒,急诊科
鱼肝中毒,急诊科
乙醚中毒,急诊科
亚硝酸盐中毒,急诊科
有机氯杀虫剂中毒,急诊科
乙酰苯胺类中毒,急诊科
乙胺嘧啶中毒,急诊科
一氧化碳中毒,急诊科
重金属中毒性肾病,急诊科
中暑衰竭,急诊科
真菌性食物中毒,急诊科
真菌中毒症,急诊科
中枢神经兴奋药中毒,急诊科
镇静、安定、...,急诊科
中暑痉挛,急诊科
中毒性休克综合征,急诊科
中暑,急诊科
泛细支气管炎,内科
泛细支气管炎,呼吸内科
急性肺炎,内科
急性肺炎,呼吸内科
间质性肺炎,内科
间质性肺炎,呼吸内科
病毒性感冒,内科
病毒性感冒,呼吸内科
鼻咽炎,内科
鼻咽炎,呼吸内科
肺热,内科
肺热,呼吸内科
支气管病,内科
支气管病,呼吸内科
肺纤维化,内科
肺纤维化,呼吸内科
肺病,内科
肺病,呼吸内科
小细胞肺癌,内科
小细胞肺癌,呼吸内科
化脓性扁桃体炎,内科
化脓性扁桃体炎,呼吸内科
陈旧性肺结核,内科
陈旧性肺结核,呼吸内科
阿司匹林诱发哮喘,内科
阿司匹林诱发哮喘,呼吸内科
鼻旁窦支气管综合征,内科
鼻旁窦支气管综合征,呼吸内科
病毒性上呼吸道感染,内科
病毒性上呼吸道感染,呼吸内科
变异性哮喘,内科
变异性哮喘,呼吸内科
办公室综合症,内科
办公室综合症,呼吸内科
布氏菌肺炎,内科
布氏菌肺炎,呼吸内科
不动纤毛综合征,内科
不动纤毛综合征,呼吸内科
不动杆菌肺炎,内科
不动杆菌肺炎,呼吸内科
表皮葡萄球菌肺炎,内科
表皮葡萄球菌肺炎,呼吸内科
变形杆菌肺炎,内科
变形杆菌肺炎,呼吸内科
闭锁肺综合征,内科
闭锁肺综合征,呼吸内科
尘螨过敏性哮喘,内科
尘螨过敏性哮喘,呼吸内科
喘息样支气管炎,内科
喘息样支气管炎,呼吸内科
成人呼吸窘迫综合征,内科
成人呼吸窘迫综合征,呼吸内科
产碱杆菌肺炎,内科
产碱杆菌肺炎,呼吸内科
肠杆菌肺炎,内科
肠杆菌肺炎,呼吸内科
肠球菌肺炎,内科
肠球菌肺炎,呼吸内科
低氯性碱中毒,内科
低氯性碱中毒,呼吸内科
多重肺部感染,内科
多重肺部感染,呼吸内科
大咯血,内科
大咯血,呼吸内科
单纯性肺嗜酸...,内科
单纯性肺嗜酸...,呼吸内科
单纯疱疹病毒肺炎,内科
单纯疱疹病毒肺炎,呼吸内科
胆固醇肺炎,内科
胆固醇肺炎,呼吸内科
大肠埃希杆菌肺炎,内科
大肠埃希杆菌肺炎,呼吸内科
大叶性肺炎,内科
大叶性肺炎,呼吸内科
胆咳,内科
胆咳,呼吸内科
二氧化氮中毒,内科
二氧化氮中毒,呼吸内科
肺结节,内科
肺结节,呼吸内科
肺部真菌感染,内科
肺部真菌感染,呼吸内科
肺疟疾病,内科
肺疟疾病,呼吸内科
非结核分枝杆菌病,内科
非结核分枝杆菌病,呼吸内科
蜂窝肺综合征,内科
蜂窝肺综合征,呼吸内科
肺螨病,内科
肺螨病,呼吸内科
肺功能衰竭,内科
肺功能衰竭,呼吸内科
肺真菌病,内科
肺真菌病,呼吸内科
肝肺综合征,内科
肝肺综合征,呼吸内科
过敏性咽炎,内科
过敏性咽炎,呼吸内科
感冒,内科
感冒,呼吸内科
Goodpa...,内科
Goodpa...,呼吸内科
过敏性肺炎,内科
过敏性肺炎,呼吸内科
钩端螺旋体肺炎,内科
钩端螺旋体肺炎,呼吸内科
枸橼酸杆菌肺炎,内科
枸橼酸杆菌肺炎,呼吸内科
过度通气综合征,内科
过度通气综合征,呼吸内科
过敏性支气管...,内科
过敏性支气管...,呼吸内科
呼吸道感染,内科
呼吸道感染,呼吸内科
呼吸疾病,内科
呼吸疾病,呼吸内科
呼吸机相关性肺炎,内科
呼吸机相关性肺炎,呼吸内科
化学液体吸入,内科
化学液体吸入,呼吸内科
呼吸性酸中毒,内科
呼吸性酸中毒,呼吸内科
Hughes...,内科
Hughes...,呼吸内科
化学性支气管炎,内科
化学性支气管炎,呼吸内科
喉喑,内科
喉喑,呼吸内科
呼吸肌疲劳症,内科
呼吸肌疲劳症,呼吸内科
滑石粉尘肺,内科
滑石粉尘肺,呼吸内科
呼吸道结核病,内科
呼吸道结核病,呼吸内科
急性间质性肺炎,内科
急性间质性肺炎,呼吸内科
急性肺水肿,内科
急性肺水肿,呼吸内科
急性上呼吸道感染,内科
急性上呼吸道感染,呼吸内科
浸润型肺结核,内科
浸润型肺结核,呼吸内科
结核性干性胸膜炎,内科
结核性干性胸膜炎,呼吸内科
巨细胞病毒性肺炎,内科
巨细胞病毒性肺炎,呼吸内科
结核性胸膜炎,内科
结核性胸膜炎,呼吸内科
急性气管支气管炎,内科
急性气管支气管炎,呼吸内科
激素抵抗型哮喘,内科
激素抵抗型哮喘,呼吸内科
急性细支气管炎,内科
急性细支气管炎,呼吸内科
卡氏肺孢子虫肺炎,内科
卡氏肺孢子虫肺炎,呼吸内科
柯萨奇病毒感染,内科
柯萨奇病毒感染,呼吸内科
卡氏肺囊虫肺炎,内科
卡氏肺囊虫肺炎,呼吸内科
Kartag...,内科
Kartag...,呼吸内科
咳嗽晕厥综合征,内科
咳嗽晕厥综合征,呼吸内科
咳嗽性哮喘,内科
咳嗽性哮喘,呼吸内科
抗胰蛋白酶缺乏症,内科
抗胰蛋白酶缺乏症,呼吸内科
卡氏肺囊虫病,内科
卡氏肺囊虫病,呼吸内科
克雷白杆菌属感染,内科
克雷白杆菌属感染,呼吸内科
咳嗽,内科
咳嗽,呼吸内科
咯血,内科
咯血,呼吸内科
空洞型肺结核,内科
空洞型肺结核,呼吸内科
老年人流行性感冒,内科
老年人流行性感冒,呼吸内科
老年人肺炎,内科
老年人肺炎,呼吸内科
老年人支气管哮喘,内科
老年人支气管哮喘,呼吸内科
老年人院内获...,内科
老年人院内获...,呼吸内科
老年人慢性支气管炎,内科
老年人慢性支气管炎,呼吸内科
淋巴瘤样肉芽肿,内科
淋巴瘤样肉芽肿,呼吸内科
老年人尿毒症性肺炎,内科
老年人尿毒症性肺炎,呼吸内科
老年人特发性...,内科
老年人特发性...,呼吸内科
老年人吸入性肺炎,内科
老年人吸入性肺炎,呼吸内科
老年人胸腔积...,内科
老年人胸腔积...,呼吸内科
老年人厌氧菌性肺炎,内科
老年人厌氧菌性肺炎,呼吸内科
铝尘肺,内科
铝尘肺,呼吸内科
慢性病,内科
慢性病,呼吸内科
煤炭工尘肺,内科
煤炭工尘肺,呼吸内科
免疫缺陷性肺炎,内科
免疫缺陷性肺炎,呼吸内科
慢性咳嗽,内科
慢性咳嗽,呼吸内科
麻疹病毒肺炎,内科
麻疹病毒肺炎,呼吸内科
Marie-...,内科
Marie-...,呼吸内科
慢性化脓性胸膜炎,内科
慢性化脓性胸膜炎,呼吸内科
摩根菌肺炎,内科
摩根菌肺炎,呼吸内科
棉尘肺,内科
棉尘肺,呼吸内科
米氏链球菌肺炎,内科
米氏链球菌肺炎,呼吸内科
慢性阻塞性肺疾病,内科
慢性阻塞性肺疾病,呼吸内科
慢性纵隔炎,内科
慢性纵隔炎,呼吸内科
奈瑟卡他球菌肺炎,内科
奈瑟卡他球菌肺炎,呼吸内科
尿毒症肺炎,内科
尿毒症肺炎,呼吸内科
脑膜炎奈瑟菌肺炎,内科
脑膜炎奈瑟菌肺炎,呼吸内科
农民肺,内科
农民肺,呼吸内科
疱疹性口腔炎,内科
疱疹性口腔炎,呼吸内科
疱疹性咽炎,内科
疱疹性咽炎,呼吸内科
Pancoa...,内科
Pancoa...,呼吸内科
葡萄球菌肺炎,内科
葡萄球菌肺炎,呼吸内科
气胸,内科
气胸,呼吸内科
迁延性肺嗜酸...,内科
迁延性肺嗜酸...,呼吸内科
其他病毒肺炎,内科
其他病毒肺炎,呼吸内科
气单胞菌肺炎,内科
气单胞菌肺炎,呼吸内科
气管前间隙感染,内科
气管前间隙感染,呼吸内科
曲霉球,内科
曲霉球,呼吸内科
球形肺炎,内科
球形肺炎,呼吸内科
Q热肺炎,内科
Q热肺炎,呼吸内科
热带性肺嗜酸...,内科
热带性肺嗜酸...,呼吸内科
热带型肺嗜酸...,内科
热带型肺嗜酸...,呼吸内科
妊娠合并肺栓塞,内科
妊娠合并肺栓塞,呼吸内科
妊娠性哮喘,内科
妊娠性哮喘,呼吸内科
人禽流行性感冒,内科
人禽流行性感冒,呼吸内科
睡眠呼吸暂停综合征,内科
睡眠呼吸暂停综合征,呼吸内科
沙门氏菌性肺炎,内科
沙门氏菌性肺炎,呼吸内科
食物过敏性哮喘,内科
食物过敏性哮喘,呼吸内科
社会获得性肺炎,内科
社会获得性肺炎,呼吸内科
上呼吸道感染,内科
上呼吸道感染,呼吸内科
沙眼衣原体肺炎,内科
沙眼衣原体肺炎,呼吸内科
沙雷菌肺炎,内科
沙雷菌肺炎,呼吸内科
手术后和创伤后肺炎,内科
手术后和创伤后肺炎,呼吸内科
嗜麦芽黄单胞菌肺炎,内科
嗜麦芽黄单胞菌肺炎,呼吸内科
石棉肺,内科
石棉肺,呼吸内科
上气道梗阻,内科
上气道梗阻,呼吸内科
水痘肺炎,内科
水痘肺炎,呼吸内科
特发性肺含铁...,内科
特发性肺含铁...,呼吸内科
脱屑性间质肺炎,内科
脱屑性间质肺炎,呼吸内科
特发性肺纤维化,内科
特发性肺纤维化,呼吸内科
脱屑性间质性肺炎,内科
脱屑性间质性肺炎,呼吸内科
特发性阻塞性...,内科
特发性阻塞性...,呼吸内科
特发性含铁血...,内科
特发性含铁血...,呼吸内科
锑末沉着症,内科
锑末沉着症,呼吸内科
铁尘肺,内科
铁尘肺,呼吸内科
铜绿色假单胞菌肺炎,内科
铜绿色假单胞菌肺炎,呼吸内科
外源性过敏性肺泡炎,内科
外源性过敏性肺泡炎,呼吸内科
外源性变应性肺泡炎,内科
外源性变应性肺泡炎,呼吸内科
哮喘持续状态,内科
哮喘持续状态,呼吸内科
心源性哮喘,内科
心源性哮喘,呼吸内科
下呼吸道感染,内科
下呼吸道感染,呼吸内科
胸部丝虫病,内科
胸部丝虫病,呼吸内科
小肠结肠炎耶...,内科
小肠结肠炎耶...,呼吸内科
腺病毒性肺炎,内科
腺病毒性肺炎,呼吸内科
锡尘肺,内科
锡尘肺,呼吸内科
消散延迟性肺炎,内科
消散延迟性肺炎,呼吸内科
小儿咽喉炎,内科
小儿咽喉炎,呼吸内科
细菌性肺炎,内科
细菌性肺炎,呼吸内科
哮喘性肺嗜酸...,内科
哮喘性肺嗜酸...,呼吸内科
药物导致的肺部疾病,内科
药物导致的肺部疾病,呼吸内科
夜间哮喘,内科
夜间哮喘,呼吸内科
药物性呼吸衰竭,内科
药物性呼吸衰竭,呼吸内科
鹦鹉热衣原体肺炎,内科
鹦鹉热衣原体肺炎,呼吸内科
厌氧菌肺炎,内科
厌氧菌肺炎,呼吸内科
药物性哮喘,内科
药物性哮喘,呼吸内科
运动诱发哮喘,内科
运动诱发哮喘,呼吸内科
洋葱假单胞菌肺炎,内科
洋葱假单胞菌肺炎,呼吸内科
恙虫病性肺炎,内科
恙虫病性肺炎,呼吸内科
衣原体肺炎,内科
衣原体肺炎,呼吸内科
咽喉炎,内科
咽喉炎,呼吸内科
月经性哮喘,内科
月经性哮喘,呼吸内科
支气管结核,内科
支气管结核,呼吸内科
中东呼吸综合征,内科
中东呼吸综合征,呼吸内科
纵隔气肿,内科
纵隔气肿,呼吸内科
职业性哮喘,内科
职业性哮喘,呼吸内科
支气管炎,内科
支气管炎,呼吸内科
重症院内获得性肺炎,内科
重症院内获得性肺炎,呼吸内科
中叶综合征,内科
中叶综合征,呼吸内科
支气管中心性...,内科
支气管中心性...,呼吸内科
真菌过敏性哮喘,内科
真菌过敏性哮喘,呼吸内科
蔗尘肺,内科
蔗尘肺,呼吸内科
阻塞性肺气肿,内科
阻塞性肺气肿,呼吸内科
胃窦炎,内科
胃窦炎,消化内科
胃出血,内科
胃出血,消化内科
食管炎,内科
食管炎,消化内科
糜烂性胃炎,内科
糜烂性胃炎,消化内科
肠粘连,内科
肠粘连,消化内科
胃肠湿热,内科
胃肠湿热,消化内科
胃柿石,内科
胃柿石,消化内科
慢性非萎缩性胃炎,内科
慢性非萎缩性胃炎,消化内科
贲门炎,内科
贲门炎,消化内科
寄生虫病,内科
寄生虫病,消化内科
慢性糜烂性胃炎,内科
慢性糜烂性胃炎,消化内科
溃疡性肠炎,内科
溃疡性肠炎,消化内科
奥迪括约肌功能异常,内科
奥迪括约肌功能异常,消化内科
阿米巴肠病,内科
阿米巴肠病,消化内科
α1-抗胰蛋...,内科
α1-抗胰蛋...,消化内科
阿米巴结肠炎,内科
阿米巴结肠炎,消化内科
阿米巴痢疾,内科
阿米巴痢疾,消化内科
Alagil...,内科
Alagil...,消化内科
阿米巴病肠穿孔,内科
阿米巴病肠穿孔,消化内科
不完全性肠梗阻,内科
不完全性肠梗阻,消化内科
病毒性肠炎,内科
病毒性肠炎,消化内科
便秘性结肠炎,内科
便秘性结肠炎,消化内科
病毒性胃肠炎,内科
病毒性胃肠炎,消化内科
暴发性肝功能衰竭,内科
暴发性肝功能衰竭,消化内科
不均匀性脂肪肝,内科
不均匀性脂肪肝,消化内科
Brenne...,内科
Brenne...,消化内科
暴泻,内科
暴泻,消化内科
巴雷特食管,内科
巴雷特食管,消化内科
巴瑞特综合征,内科
巴瑞特综合征,消化内科
巴德-吉亚利综合征,内科
巴德-吉亚利综合征,消化内科
肠系膜淋巴结炎,内科
肠系膜淋巴结炎,消化内科
肠道蛔虫,内科
肠道蛔虫,消化内科
肠道寄生虫病,内科
肠道寄生虫病,消化内科
肠病原性大肠...,内科
肠病原性大肠...,消化内科
肠胃型感冒,内科
肠胃型感冒,消化内科
肠道气囊肿症,内科
肠道气囊肿症,消化内科
常现丝虫病,内科
常现丝虫病,消化内科
肠毒性大肠埃...,内科
肠毒性大肠埃...,消化内科
肠毛滴虫病,内科
肠毛滴虫病,消化内科
肠伤寒穿孔,内科
肠伤寒穿孔,消化内科
肠系膜静脉血栓形成,内科
肠系膜静脉血栓形成,消化内科
胆源性慢性胰腺炎,内科
胆源性慢性胰腺炎,消化内科
胆管炎,内科
胆管炎,消化内科
胆囊胆固醇沉着症,内科
胆囊胆固醇沉着症,消化内科
大肠埃希杆菌...,内科
大肠埃希杆菌...,消化内科
大网膜肿瘤,内科
大网膜肿瘤,消化内科
胆道运动功能障碍,内科
胆道运动功能障碍,消化内科
蛋白丢失性胃肠病,内科
蛋白丢失性胃肠病,消化内科
低钠血症,内科
低钠血症,消化内科
多房棘球蚴病,内科
多房棘球蚴病,消化内科
胆汁性腹膜炎,内科
胆汁性腹膜炎,消化内科
迪厄拉富瓦病,内科
迪厄拉富瓦病,消化内科
等孢球虫病,内科
等孢球虫病,消化内科
儿童胰腺功能...,内科
儿童胰腺功能...,消化内科
儿童腹痛,内科
儿童腹痛,消化内科
呃逆症,内科
呃逆症,消化内科
恶心和呕吐,内科
恶心和呕吐,消化内科
呃逆,内科
呃逆,消化内科
二糖酶缺乏症,内科
二糖酶缺乏症,消化内科
放射性食管炎,内科
放射性食管炎,消化内科
腹部肿瘤,内科
腹部肿瘤,消化内科
腹膜后淋巴结炎,内科
腹膜后淋巴结炎,消化内科
腹膜后脂肪瘤,内科
腹膜后脂肪瘤,消化内科
腹水,内科
腹水,消化内科
腹部肿块,内科
腹部肿块,消化内科
腹胀,内科
腹胀,消化内科
复发性溃疡,内科
复发性溃疡,消化内科
复发性腹膜后肿瘤,内科
复发性腹膜后肿瘤,消化内科
返流性胆管炎,内科
返流性胆管炎,消化内科
非霍乱弧菌感染,内科
非霍乱弧菌感染,消化内科
非酒精性脂肪性肝病,内科
非酒精性脂肪性肝病,消化内科
过敏性结肠炎,内科
过敏性结肠炎,消化内科
孤立性直肠溃...,内科
孤立性直肠溃...,消化内科
肝肺综合症,内科
肝肺综合症,消化内科
肝紫癜病,内科
肝紫癜病,消化内科
肝性卟啉病,内科
肝性卟啉病,消化内科
钩虫性十二指...,内科
钩虫性十二指...,消化内科
膈下脓肿,内科
膈下脓肿,消化内科
功能性消化不良,内科
功能性消化不良,消化内科
肝炎双重感染,内科
肝炎双重感染,消化内科
功能性呕吐,内科
功能性呕吐,消化内科
Gardne...,内科
Gardne...,消化内科
肛肠病,内科
肛肠病,消化内科
惠普尔病,内科
惠普尔病,消化内科
寒湿泄泻,内科
寒湿泄泻,消化内科
获得性免疫缺...,内科
获得性免疫缺...,消化内科
蛔虫性急性胰腺炎,内科
蛔虫性急性胰腺炎,消化内科
化脓性门静脉炎,内科
化脓性门静脉炎,消化内科
后壁穿孔性溃疡,内科
后壁穿孔性溃疡,消化内科
化脓性食管炎,内科
化脓性食管炎,消化内科
霍乱样综合征,内科
霍乱样综合征,消化内科
蛔虫病,内科
蛔虫病,消化内科
黑色素斑-胃...,内科
黑色素斑-胃...,消化内科
黄疸,内科
黄疸,消化内科
横膈下结肠嵌...,内科
横膈下结肠嵌...,消化内科
急性肠炎,内科
急性肠炎,消化内科
急腹症,内科
急腹症,消化内科
急性化脓性腹膜炎,内科
急性化脓性腹膜炎,消化内科
继发性腹膜炎,内科
继发性腹膜炎,消化内科
集聚肠杆菌感染,内科
集聚肠杆菌感染,消化内科
急性肠系膜淋巴结炎,内科
急性肠系膜淋巴结炎,消化内科
急性单纯性胃炎,内科
急性单纯性胃炎,消化内科
急性肠系膜上...,内科
急性肠系膜上...,消化内科
急性腹泻,内科
急性腹泻,消化内科
结肠黑变病,内科
结肠黑变病,消化内科
急性腐蚀性胃炎,内科
急性腐蚀性胃炎,消化内科
溃疡性直肠炎,内科
溃疡性直肠炎,消化内科
溃疡病出血,内科
溃疡病出血,消化内科
抗生素诱发的肠炎,内科
抗生素诱发的肠炎,消化内科
溃疡病穿孔,内科
溃疡病穿孔,消化内科
空肠弯曲菌肠炎,内科
空肠弯曲菌肠炎,消化内科
空肠、回肠憩室,内科
空肠、回肠憩室,消化内科
克里格勒-纳...,内科
克里格勒-纳...,消化内科
溃疡病大出血,内科
溃疡病大出血,消化内科
溃疡性结肠炎,内科
溃疡性结肠炎,消化内科
克罗恩病,内科
克罗恩病,消化内科
老年便秘,内科
老年便秘,消化内科
老年人胃食管反流病,内科
老年人胃食管反流病,消化内科
老年人环咽肌...,内科
老年人环咽肌...,消化内科
老年人胆石症,内科
老年人胆石症,消化内科
轮状病毒所致胃肠炎,内科
轮状病毒所致胃肠炎,消化内科
老年人消化性溃疡,内科
老年人消化性溃疡,消化内科
老年人炎症性肠病,内科
老年人炎症性肠病,消化内科
老年人胰腺癌,内科
老年人胰腺癌,消化内科
裂头绦虫病,内科
裂头绦虫病,消化内科
裂头蚴病,内科
裂头蚴病,消化内科
龙线虫病,内科
龙线虫病,消化内科
旅行者腹泻,内科
旅行者腹泻,消化内科
门静脉高压性胃病,内科
门静脉高压性胃病,消化内科
门静脉高压,内科
门静脉高压,消化内科
门静脉高压症,内科
门静脉高压症,消化内科
门静脉海绵样变,内科
门静脉海绵样变,消化内科
慢性肝病,内科
慢性肝病,消化内科
慢性溃疡性非...,内科
慢性溃疡性非...,消化内科
Mirizz...,内科
Mirizz...,消化内科
门脉高压性肠病,内科
门脉高压性肠病,消化内科
弥漫性空回肠溃疡,内科
弥漫性空回肠溃疡,消化内科
脑肝肾综合征,内科
脑肝肾综合征,消化内科
浓缩胆汁综合征,内科
浓缩胆汁综合征,消化内科
诺沃克类病毒胃肠炎,内科
诺沃克类病毒胃肠炎,消化内科
囊性纤维化,内科
囊性纤维化,消化内科
蛲虫病,内科
蛲虫病,消化内科
诺瓦克病毒性胃肠炎,内科
诺瓦克病毒性胃肠炎,消化内科
脾功能亢进,内科
脾功能亢进,消化内科
Plumme...,内科
Plumme...,消化内科
脾大,内科
脾大,消化内科
盆底综合征,内科
盆底综合征,消化内科
缺血性肠炎,内科
缺血性肠炎,消化内科
缺血性肠绞痛,内科
缺血性肠绞痛,消化内科
缺血性结肠炎,内科
缺血性结肠炎,消化内科
侵袭性大肠埃...,内科
侵袭性大肠埃...,消化内科
青春期厌食症,内科
青春期厌食症,消化内科
浅表性胃炎,内科
浅表性胃炎,消化内科
嵌杯样病毒胃肠炎,内科
嵌杯样病毒胃肠炎,消化内科
其他沙门菌感染,内科
其他沙门菌感染,消化内科
其他弧菌感染,内科
其他弧菌感染,消化内科
缺铁性吞咽困难,内科
缺铁性吞咽困难,消化内科
倾倒综合征,内科
倾倒综合征,消化内科
轻度脂肪肝,内科
轻度脂肪肝,消化内科
热带性口炎性腹泻,内科
热带性口炎性腹泻,消化内科
热带口炎性腹泻,内科
热带口炎性腹泻,消化内科
瑞氏综合症,内科
瑞氏综合症,消化内科
妊娠性急性阑尾炎,内科
妊娠性急性阑尾炎,消化内科
乳糜泻,内科
乳糜泻,消化内科
沙门氏菌性肠炎,内科
沙门氏菌性肠炎,消化内科
食管蹼和食管环,内科
食管蹼和食管环,消化内科
食管血管瘤,内科
食管血管瘤,消化内科
食管胃底静脉...,内科
食管胃底静脉...,消化内科
食管源性胸痛,内科
食管源性胸痛,消化内科
食管狭窄,内科
食管狭窄,消化内科
嗜水气单胞菌肠炎,内科
嗜水气单胞菌肠炎,消化内科
手术后反流性胃炎,内科
手术后反流性胃炎,消化内科
食管过短,内科
食管过短,消化内科
SARS的胃...,内科
SARS的胃...,消化内科
食道溃疡,内科
食道溃疡,消化内科
绦虫病,内科
绦虫病,消化内科
特发性胃肠道...,内科
特发性胃肠道...,消化内科
Turcot综合征,内科
Turcot综合征,消化内科
特发性非硬化...,内科
特发性非硬化...,消化内科
铁线虫病,内科
铁线虫病,消化内科
陶瓷样胆囊,内科
陶瓷样胆囊,消化内科
糖尿病性胃轻瘫,内科
糖尿病性胃轻瘫,消化内科
吞咽困难,内科
吞咽困难,消化内科
胃石症,内科
胃石症,消化内科
胃肿瘤,内科
胃肿瘤,消化内科
胃气上逆,内科
胃气上逆,消化内科
胃肠疾病,内科
胃肠疾病,消化内科
萎缩性胆囊炎,内科
萎缩性胆囊炎,消化内科
胃反应性淋巴增生,内科
胃反应性淋巴增生,消化内科
胃、十二指肠...,内科
胃、十二指肠...,消化内科
胃切除后吸收...,内科
胃切除后吸收...,消化内科
星形病毒胃肠炎,内科
星形病毒胃肠炎,消化内科
细菌性肠炎,内科
细菌性肠炎,消化内科
习惯性便秘,内科
习惯性便秘,消化内科
性病相关性胃...,内科
性病相关性胃...,消化内科
小肠下垂,内科
小肠下垂,消化内科
小肠结肠炎耶...,内科
小肠结肠炎耶...,消化内科
先天性胆总管囊肿,内科
先天性胆总管囊肿,消化内科
消化道溃疡,内科
消化道溃疡,消化内科
小肠过敏性紫癜,内科
小肠过敏性紫癜,消化内科
消化不良,内科
消化不良,消化内科
消化系癌伴血...,内科
消化系癌伴血...,消化内科
小肠破裂,内科
小肠破裂,消化内科
疣状胃炎,内科
疣状胃炎,消化内科
应激性溃疡,内科
应激性溃疡,消化内科
胰腺假囊肿,内科
胰腺假囊肿,消化内科
原发性食管恶...,内科
原发性食管恶...,消化内科
胰腺囊性纤维性变,内科
胰腺囊性纤维性变,消化内科
移植物抗宿主病,内科
移植物抗宿主病,消化内科
炎性肠病性关...,内科
炎性肠病性关...,消化内科
药物性食管炎,内科
药物性食管炎,消化内科
硬化剂治疗引...,内科
硬化剂治疗引...,消化内科
胰腺炎,内科
胰腺炎,消化内科
原发性小肠淋...,内科
原发性小肠淋...,消化内科
原发性小肠溃疡,内科
原发性小肠溃疡,消化内科
重度脂肪肝,内科
重度脂肪肝,消化内科
蜘蛛痣,内科
蜘蛛痣,消化内科
中度脂肪肝,内科
中度脂肪肝,消化内科
中毒性细菌性痢疾,内科
中毒性细菌性痢疾,消化内科
Zieve综合征,内科
Zieve综合征,消化内科
自身免疫性肝硬化,内科
自身免疫性肝硬化,消化内科
致死性肝内胆...,内科
致死性肝内胆...,消化内科
自身免疫性胰腺炎,内科
自身免疫性胰腺炎,消化内科
直肠炎,内科
直肠炎,消化内科
志贺菌病,内科
志贺菌病,消化内科
真菌性肠炎,内科
真菌性肠炎,消化内科
卓－艾氏综合征,内科
卓－艾氏综合征,消化内科
冠状动脉供血不足,内科
冠状动脉供血不足,心内科
心房颤动,内科
心房颤动,心内科
急性冠脉综合征,内科
急性冠脉综合征,心内科
窦性心动过缓,内科
窦性心动过缓,心内科
高血压性心脏病,内科
高血压性心脏病,心内科
高脂血症,内科
高脂血症,心内科
室性心律失常,内科
室性心律失常,心内科
恶性高血压,内科
恶性高血压,心内科
心血管疾病,内科
心血管疾病,心内科
右束支传导阻滞,内科
右束支传导阻滞,心内科
老年人低血压,内科
老年人低血压,心内科
双主动脉弓,内科
双主动脉弓,心内科
埃布斯坦综合征,内科
埃布斯坦综合征,心内科
阿-斯综合征,内科
阿-斯综合征,心内科
病毒性心肌炎,内科
病毒性心肌炎,心内科
病态窦房结综合征,内科
病态窦房结综合征,心内科
β受体亢进症,内科
β受体亢进症,心内科
白大衣高血压,内科
白大衣高血压,心内科
变异型心绞痛,内科
变异型心绞痛,心内科
变异型预激综合征,内科
变异型预激综合征,心内科
不稳定型心绞痛,内科
不稳定型心绞痛,心内科
白喉性心肌炎,内科
白喉性心肌炎,心内科
充血性心力衰竭,内科
充血性心力衰竭,心内科
持续性交接区...,内科
持续性交接区...,心内科
猝死型冠心病,内科
猝死型冠心病,心内科
长Q-T间期综合征,内科
长Q-T间期综合征,心内科
动脉粥样硬化,内科
动脉粥样硬化,心内科
大动脉炎,内科
大动脉炎,心内科
窦房传导阻滞,内科
窦房传导阻滞,心内科
窦房折返性心动过速,内科
窦房折返性心动过速,心内科
窦室传导,内科
窦室传导,心内科
窦性期前收缩,内科
窦性期前收缩,心内科
短P-R综合征,内科
短P-R综合征,心内科
多源性房性心动过速,内科
多源性房性心动过速,心内科
淀粉样变心肌病,内科
淀粉样变心肌病,心内科
典型预激综合征,内科
典型预激综合征,心内科
窦性心律失常,内科
窦性心律失常,心内科
二尖瓣关闭不全,内科
二尖瓣关闭不全,心内科
二尖瓣脱垂综合征,内科
二尖瓣脱垂综合征,心内科
二尖瓣环钙化,内科
二尖瓣环钙化,心内科
二尖瓣和主动...,内科
二尖瓣和主动...,心内科
恶性萎缩性丘疹病,内科
恶性萎缩性丘疹病,心内科
二度房室传导阻滞,内科
二度房室传导阻滞,心内科
二尖瓣、主动...,内科
二尖瓣、主动...,心内科
二尖瓣闭锁不全,内科
二尖瓣闭锁不全,心内科
妇产科静脉血栓病,内科
妇产科静脉血栓病,心内科
房室结折返性...,内科
房室结折返性...,心内科
腹主动脉缩窄,内科
腹主动脉缩窄,心内科
放射性心包炎,内科
放射性心包炎,心内科
放射性心脏损害,内科
放射性心脏损害,心内科
非阵发性窦性...,内科
非阵发性窦性...,心内科
非阵发性交接...,内科
非阵发性交接...,心内科
肥胖性心肌病,内科
肥胖性心肌病,心内科
肺动脉高压,内科
肺动脉高压,心内科
肺血管炎,内科
肺血管炎,心内科
房室交接区性...,内科
房室交接区性...,心内科
非特异性系统...,内科
非特异性系统...,心内科
过敏性血管炎,内科
过敏性血管炎,心内科
冠状动脉瘤,内科
冠状动脉瘤,心内科
高动力性循环,内科
高动力性循环,心内科
高度房室传导阻滞,内科
高度房室传导阻滞,心内科
冠状动脉粥样...,内科
冠状动脉粥样...,心内科
冠状动脉异常...,内科
冠状动脉异常...,心内科
高血压性心肌病,内科
高血压性心肌病,心内科
冠心病,内科
冠心病,心内科
获得性免疫缺...,内科
获得性免疫缺...,心内科
混合型慢性高原病,内科
混合型慢性高原病,心内科
颈动脉狭窄,内科
颈动脉狭窄,心内科
继发性高血压,内科
继发性高血压,心内科
急性右侧心力衰竭,内科
急性右侧心力衰竭,心内科
甲状腺功能减...,内科
甲状腺功能减...,心内科
结核性心包炎,内科
结核性心包炎,心内科
家族性混合型...,内科
家族性混合型...,心内科
急性特发性心包炎,内科
急性特发性心包炎,心内科
颈动脉盗血综合征,内科
颈动脉盗血综合征,心内科
急性肺源性心脏病,内科
急性肺源性心脏病,心内科
急性左侧心力衰竭,内科
急性左侧心力衰竭,心内科
加速性房性逸搏心律,内科
加速性房性逸搏心律,心内科
扩张型心肌病,内科
扩张型心肌病,心内科
克山病,内科
克山病,心内科
老年人高血压,内科
老年人高血压,心内科
老年人心脏猝死,内科
老年人心脏猝死,心内科
老年人病态窦...,内科
老年人病态窦...,心内科
老年人血管性痴呆,内科
老年人血管性痴呆,心内科
老年静脉血栓症,内科
老年静脉血栓症,心内科
老年人肺栓塞,内科
老年人肺栓塞,心内科
老年人高脂血症,内科
老年人高脂血症,心内科
老年人甲亢性心脏病,内科
老年人甲亢性心脏病,心内科
老年人不稳定...,内科
老年人不稳定...,心内科
老年人腹主动脉瘤,内科
老年人腹主动脉瘤,心内科
老年人肺心病,内科
老年人肺心病,心内科
慢性心功能不全,内科
慢性心功能不全,心内科
马方综合征,内科
马方综合征,心内科
慢性自律性房...,内科
慢性自律性房...,心内科
慢性肺源性心脏病,内科
慢性肺源性心脏病,心内科
慢性心包炎,内科
慢性心包炎,心内科
慢性心力衰竭,内科
慢性心力衰竭,心内科
梅毒性心血管病,内科
梅毒性心血管病,心内科
尿毒症性心包炎,内科
尿毒症性心包炎,心内科
颞动脉炎,内科
颞动脉炎,心内科
难治性心力衰竭,内科
难治性心力衰竭,心内科
尿毒症性心肌病,内科
尿毒症性心肌病,心内科
全身性特发性...,内科
全身性特发性...,心内科
缺血性心肌病,内科
缺血性心肌病,心内科
起搏器综合征,内科
起搏器综合征,心内科
青年心肌梗死,内科
青年心肌梗死,心内科
缺血性多形性...,内科
缺血性多形性...,心内科
乳头肌功能不全,内科
乳头肌功能不全,心内科
妊娠高血压疾病,内科
妊娠高血压疾病,心内科
妊娠性心肌梗死,内科
妊娠性心肌梗死,心内科
三高症,内科
三高症,心内科
室性逸搏及室...,内科
室性逸搏及室...,心内科
手足发绀症,内科
手足发绀症,心内科
三尖瓣关闭不全,内科
三尖瓣关闭不全,心内科
肾实质性高血压,内科
肾实质性高血压,心内科
升主动脉瘤,内科
升主动脉瘤,心内科
双向性室性心动过速,内科
双向性室性心动过速,心内科
双分支阻滞,内科
双分支阻滞,心内科
双侧束支传导阻滞,内科
双侧束支传导阻滞,心内科
束支折返性室...,内科
束支折返性室...,心内科
特发性心室颤动,内科
特发性心室颤动,心内科
痛风性心肌病,内科
痛风性心肌病,心内科
糖尿病心肌病,内科
糖尿病心肌病,心内科
特发性室性心动过速,内科
特发性室性心动过速,心内科
特异性心肌病,内科
特异性心肌病,心内科
无痛性心肌梗死,内科
无痛性心肌梗死,心内科
完全性房室传导阻滞,内科
完全性房室传导阻滞,心内科
稳定型心绞痛,内科
稳定型心绞痛,心内科
无症状型心肌缺血,内科
无症状型心肌缺血,心内科
完全性大动脉转位,内科
完全性大动脉转位,心内科
心血管疾病伴...,内科
心血管疾病伴...,心内科
心内膜炎,内科
心内膜炎,心内科
心房扑动,内科
心房扑动,心内科
细菌性心内膜炎,内科
细菌性心内膜炎,心内科
心包炎,内科
心包炎,心内科
心脏瓣膜病,内科
心脏瓣膜病,心内科
心包囊肿与心包憩室,内科
心包囊肿与心包憩室,心内科
细菌性心包炎,内科
细菌性心包炎,心内科
X综合征,内科
X综合征,心内科
心房内传导阻滞,内科
心房内传导阻滞,心内科
原发性直立性低血压,内科
原发性直立性低血压,心内科
一度房室传导阻滞,内科
一度房室传导阻滞,心内科
右心房与下腔...,内科
右心房与下腔...,心内科
原发性肺动脉高压,内科
原发性肺动脉高压,心内科
右室心肌梗死,内科
右室心肌梗死,心内科
原发性心脏横...,内科
原发性心脏横...,心内科
药物性心肌病,内科
药物性心肌病,心内科
预激综合征,内科
预激综合征,心内科
永存动脉干,内科
永存动脉干,心内科
亚急性感染性...,内科
亚急性感染性...,心内科
原发性高血压,内科
原发性高血压,心内科
左束支传导阻滞,内科
左束支传导阻滞,心内科
早期复极综合征,内科
早期复极综合征,心内科
左前分支传导阻滞,内科
左前分支传导阻滞,心内科
周围动脉栓塞,内科
周围动脉栓塞,心内科
致心律失常性...,内科
致心律失常性...,心内科
直立性低血压,内科
直立性低血压,心内科
肿瘤性心包炎,内科
肿瘤性心包炎,心内科
自律性房性心动过速,内科
自律性房性心动过速,心内科
左后分支传导阻滞,内科
左后分支传导阻滞,心内科
左束支中隔支...,内科
左束支中隔支...,心内科
主动脉瓣闭锁不全,内科
主动脉瓣闭锁不全,心内科
左心房心律,内科
左心房心律,心内科
血毒,内科
血毒,血液科
血稠,内科
血稠,血液科
血小板减少性紫癜,内科
血小板减少性紫癜,血液科
血瘀体质,内科
血瘀体质,血液科
血液病,内科
血液病,血液科
低钙血症,内科
低钙血症,血液科
溶血性黄疸,内科
溶血性黄疸,血液科
营养性贫血,内科
营养性贫血,血液科
老年人原发性...,内科
老年人原发性...,血液科
小细胞低色素性贫血,内科
小细胞低色素性贫血,血液科
老年人多发性骨髓瘤,内科
老年人多发性骨髓瘤,血液科
血栓形成,内科
血栓形成,血液科
α-贮存池病,内科
α-贮存池病,血液科
白细胞减少症,内科
白细胞减少症,血液科
B链球菌群感染,内科
B链球菌群感染,血液科
白细胞葡萄糖...,内科
白细胞葡萄糖...,血液科
δ-贮存池病,内科
δ-贮存池病,血液科
不稳定血红蛋白病,内科
不稳定血红蛋白病,血液科
播散性血管内凝血,内科
播散性血管内凝血,血液科
丙酮酸激酶缺乏症,内科
丙酮酸激酶缺乏症,血液科
闭塞性动脉硬化,内科
闭塞性动脉硬化,血液科
白血病肾损害,内科
白血病肾损害,血液科
白血病伴发的...,内科
白血病伴发的...,血液科
暴发性紫癜,内科
暴发性紫癜,血液科
白血病性咽峡炎,内科
白血病性咽峡炎,血液科
Castle...,内科
Castle...,血液科
传染性淋巴细...,内科
传染性淋巴细...,血液科
成人型慢性粒...,内科
成人型慢性粒...,血液科
成人T细胞白血病,内科
成人T细胞白血病,血液科
出血败血性巴...,内科
出血败血性巴...,血液科
出血性疾病,内科
出血性疾病,血液科
C5功能不全综合征,内科
C5功能不全综合征,血液科
创伤性心源性...,内科
创伤性心源性...,血液科
纯红细胞再生障碍,内科
纯红细胞再生障碍,血液科
充血性脾肿大,内科
充血性脾肿大,血液科
蚕豆病,内科
蚕豆病,血液科
单纯红细胞再...,内科
单纯红细胞再...,血液科
大颗粒淋巴细...,内科
大颗粒淋巴细...,血液科
低增生性急性白血病,内科
低增生性急性白血病,血液科
窦性组织细胞...,内科
窦性组织细胞...,血液科
淀粉样变性,内科
淀粉样变性,血液科
地霉菌病,内科
地霉菌病,血液科
单核细胞白血病,内科
单核细胞白血病,血液科
多发性骨髓瘤,内科
多发性骨髓瘤,血液科
地中海贫血,内科
地中海贫血,血液科
低钙血症和低镁血症,内科
低钙血症和低镁血症,血液科
DF-2败血...,内科
DF-2败血...,血液科
恶性组织细胞病,内科
恶性组织细胞病,血液科
恶性淋巴瘤,内科
恶性淋巴瘤,血液科
反应性浆细胞增多症,内科
反应性浆细胞增多症,血液科
肥大细胞白血病,内科
肥大细胞白血病,血液科
肺嗜酸性粒细...,内科
肺嗜酸性粒细...,血液科
风湿病性贫血,内科
风湿病性贫血,血液科
反应性组织细...,内科
反应性组织细...,血液科
骨髓病性贫血,内科
骨髓病性贫血,血液科
高免疫球蛋白...,内科
高免疫球蛋白...,血液科
骨髓痨性贫血,内科
骨髓痨性贫血,血液科
感染性血小板...,内科
感染性血小板...,血液科
杆菌性上皮样...,内科
杆菌性上皮样...,血液科
高原红细胞增多症,内科
高原红细胞增多症,血液科
感染性疾病所致贫血,内科
感染性疾病所致贫血,血液科
肝素诱导性血...,内科
肝素诱导性血...,血液科
过敏性紫癜肾炎,内科
过敏性紫癜肾炎,血液科
肝脏疾病所致贫血,内科
肝脏疾病所致贫血,血液科
高温引起的溶...,内科
高温引起的溶...,血液科
骨髓-胰腺综合征,内科
骨髓-胰腺综合征,血液科
获得性血小板...,内科
获得性血小板...,血液科
红细胞生成性卟啉病,内科
红细胞生成性卟啉病,血液科
获得性循环抗...,内科
获得性循环抗...,血液科
获得性维生素...,内科
获得性维生素...,血液科
混合型卟啉病,内科
混合型卟啉病,血液科
坏死性结节病...,内科
坏死性结节病...,血液科
红细胞生成性...,内科
红细胞生成性...,血液科
海绵状血管瘤...,内科
海绵状血管瘤...,血液科
霍奇金病,内科
霍奇金病,血液科
霍奇金淋巴瘤,内科
霍奇金淋巴瘤,血液科
获得性循坏抗...,内科
获得性循坏抗...,血液科
获得性血友病,内科
获得性血友病,血液科
急性粒细胞性白血病,内科
急性粒细胞性白血病,血液科
继发性白血病,内科
继发性白血病,血液科
继发性皮肤滤...,内科
继发性皮肤滤...,血液科
急性间歇性卟啉病,内科
急性间歇性卟啉病,血液科
浆细胞白血病,内科
浆细胞白血病,血液科
继发性红细胞增多症,内科
继发性红细胞增多症,血液科
急性淋巴细胞白血病,内科
急性淋巴细胞白血病,血液科
继发性血小板增多症,内科
继发性血小板增多症,血液科
吉特林综合征,内科
吉特林综合征,血液科
继发于严重肝...,内科
继发于严重肝...,血液科
家族性红细胞增多症,内科
家族性红细胞增多症,血液科
荚膜组织胞浆菌病,内科
荚膜组织胞浆菌病,血液科
抗活化的蛋白C症,内科
抗活化的蛋白C症,血液科
口形红细胞增多症,内科
口形红细胞增多症,血液科
溃疡分枝杆菌感染,内科
溃疡分枝杆菌感染,血液科
堪萨斯分枝杆菌感染,内科
堪萨斯分枝杆菌感染,血液科
老年人霍奇金淋巴瘤,内科
老年人霍奇金淋巴瘤,血液科
老年人白细胞...,内科
老年人白细胞...,血液科
绿脓假单胞菌属感染,内科
绿脓假单胞菌属感染,血液科
老年人慢性疾...,内科
老年人慢性疾...,血液科
老年性紫癜,内科
老年性紫癜,血液科
镰状细胞性肾病,内科
镰状细胞性肾病,血液科
老烂腿,内科
老烂腿,血液科
镰状细胞贫血,内科
镰状细胞贫血,血液科
老年人慢性粒...,内科
老年人慢性粒...,血液科
老年人再生障...,内科
老年人再生障...,血液科
慢性疾病的贫血,内科
慢性疾病的贫血,血液科
慢性髓细胞白血病,内科
慢性髓细胞白血病,血液科
毛细胞白血病,内科
毛细胞白血病,血液科
毛霉病,内科
毛霉病,血液科
毛细血管扩张...,内科
毛细血管扩张...,血液科
慢性酒中毒,内科
慢性酒中毒,血液科
梅勒尼坏疽,内科
梅勒尼坏疽,血液科
毛孢子菌病,内科
毛孢子菌病,血液科
嘧啶5′-核...,内科
嘧啶5′-核...,血液科
慢性肾性贫血,内科
慢性肾性贫血,血液科
马尔尼菲青霉病,内科
马尔尼菲青霉病,血液科
慢性淋巴细胞白血病,内科
慢性淋巴细胞白血病,血液科
尼兹诺夫综合征,内科
尼兹诺夫综合征,血液科
脑膜炎球菌血症,内科
脑膜炎球菌血症,血液科
脓毒症和菌血症,内科
脓毒症和菌血症,血液科
贫血,内科
贫血,血液科
皮下脂膜炎性...,内科
皮下脂膜炎性...,血液科
皮肤淋巴肉芽肿病,内科
皮肤淋巴肉芽肿病,血液科
皮肤白血病,内科
皮肤白血病,血液科
葡萄糖磷酸异...,内科
葡萄糖磷酸异...,血液科
贫血伴发的精神障碍,内科
贫血伴发的精神障碍,血液科
佩吉特病样网...,内科
佩吉特病样网...,血液科
葡萄糖-6-...,内科
葡萄糖-6-...,血液科
脾功能亢进症,内科
脾功能亢进症,血液科
皮炎芽生菌,内科
皮炎芽生菌,血液科
缺铁性贫血,内科
缺铁性贫血,血液科
铅中毒引起的...,内科
铅中毒引起的...,血液科
青霉病,内科
青霉病,血液科
轻链病与轻链沉积病,内科
轻链病与轻链沉积病,血液科
溶血过度所致贫血,内科
溶血过度所致贫血,血液科
溶血性贫血,内科
溶血性贫血,血液科
溶血尿毒症综合征,内科
溶血尿毒症综合征,血液科
Rh血型不合溶血病,内科
Rh血型不合溶血病,血液科
肉芽肿性松弛皮肤,内科
肉芽肿性松弛皮肤,血液科
输血后血小板...,内科
输血后血小板...,血液科
伤口肉毒症,内科
伤口肉毒症,血液科
髓单核细胞白血病,内科
髓单核细胞白血病,血液科
嗜碱性粒细胞增多症,内科
嗜碱性粒细胞增多症,血液科
砷化氢引起的...,内科
砷化氢引起的...,血液科
神经系统结节病,内科
神经系统结节病,血液科
嗜酸粒细胞增多症,内科
嗜酸粒细胞增多症,血液科
嗜酸性粒细胞白血病,内科
嗜酸性粒细胞白血病,血液科
松毛虫性骨关节炎,内科
松毛虫性骨关节炎,血液科
嗜碱性粒细胞白血病,内科
嗜碱性粒细胞白血病,血液科
嗜酸性细胞增多症,内科
嗜酸性细胞增多症,血液科
塞泽里综合征,内科
塞泽里综合征,血液科
特发性高嗜酸...,内科
特发性高嗜酸...,血液科
特发性血小板...,内科
特发性血小板...,血液科
铁利用性贫血,内科
铁利用性贫血,血液科
同种免疫性新...,内科
同种免疫性新...,血液科
特发性迟发性...,内科
特发性迟发性...,血液科
特发性嗜酸性...,内科
特发性嗜酸性...,血液科
铜中毒引起的...,内科
铜中毒引起的...,血液科
痛性青紫综合征,内科
痛性青紫综合征,血液科
无胆色素尿性...,内科
无胆色素尿性...,血液科
维生素K缺乏病,内科
维生素K缺乏病,血液科
温抗体型自身...,内科
温抗体型自身...,血液科
维斯科特-奥...,内科
维斯科特-奥...,血液科
微血管病性溶...,内科
微血管病性溶...,血液科
蜈蚣蜇伤,内科
蜈蚣蜇伤,血液科
小儿白血病,内科
小儿白血病,血液科
血红蛋白E病,内科
血红蛋白E病,血液科
血清病和血清...,内科
血清病和血清...,血液科
血友病甲,内科
血友病甲,血液科
血小板促凝活性异常,内科
血小板促凝活性异常,血液科
药物免疫性血...,内科
药物免疫性血...,血液科
遗传性球形红...,内科
遗传性球形红...,血液科
药物相关性免...,内科
药物相关性免...,血液科
移植后淋巴增...,内科
移植后淋巴增...,血液科
原发性骨髓纤维化,内科
原发性骨髓纤维化,血液科
异常γ-球蛋白血症,内科
异常γ-球蛋白血症,血液科
遗传性异常纤...,内科
遗传性异常纤...,血液科
遗传性纤维蛋...,内科
遗传性纤维蛋...,血液科
遗传性椭圆形...,内科
遗传性椭圆形...,血液科
遗传性铁粒幼...,内科
遗传性铁粒幼...,血液科
遗传性凝血因...,内科
遗传性凝血因...,血液科
中性粒细胞增多症,内科
中性粒细胞增多症,血液科
中性粒细胞减少症,内科
中性粒细胞减少症,血液科
组织细胞坏死...,内科
组织细胞坏死...,血液科
阵发性睡眠性...,内科
阵发性睡眠性...,血液科
珠蛋白生成障...,内科
珠蛋白生成障...,血液科
重链病,内科
重链病,血液科
中枢神经系统白血病,内科
中枢神经系统白血病,血液科
中毒性高铁血...,内科
中毒性高铁血...,血液科
中性白(粒)...,内科
中性白(粒)...,血液科
中毒性紫癜,内科
中毒性紫癜,血液科
阵发性冷性血...,内科
阵发性冷性血...,血液科
真性红细胞增多症,内科
真性红细胞增多症,血液科
老年人糖尿病,内科
老年人糖尿病,内分泌科
甲状腺炎,内科
甲状腺炎,内分泌科
高甘油三酯血症,内科
高甘油三酯血症,内分泌科
内分泌病,内科
内分泌病,内分泌科
甲状腺弥漫性病变,内科
甲状腺弥漫性病变,内分泌科
肾性水肿,内科
肾性水肿,内分泌科
甲状腺功能亢...,内科
甲状腺功能亢...,内分泌科
肢端肥大症,内科
肢端肥大症,内分泌科
发育迟缓,内科
发育迟缓,内分泌科
糖尿病和高血压,内科
糖尿病和高血压,内分泌科
甲状腺疾病,内科
甲状腺疾病,内分泌科
ADH分泌过...,内科
ADH分泌过...,内分泌科
闭经溢乳综合征,内科
闭经溢乳综合征,内分泌科
伴纤维囊性骨...,内科
伴纤维囊性骨...,内分泌科
成人全垂体功能减退,内科
成人全垂体功能减退,内分泌科
产后甲状腺炎,内科
产后甲状腺炎,内分泌科
垂体危象与垂体卒中,内科
垂体危象与垂体卒中,内分泌科
垂体性矮小病,内科
垂体性矮小病,内分泌科
垂体卒中,内科
垂体卒中,内分泌科
催乳素瘤,内科
催乳素瘤,内分泌科
垂体前叶机能减退症,内科
垂体前叶机能减退症,内分泌科
成人型女性乳...,内科
成人型女性乳...,内分泌科
代谢综合征,内科
代谢综合征,内分泌科
毒性结节性甲状腺肿,内科
毒性结节性甲状腺肿,内分泌科
倒经,内科
倒经,内分泌科
地方性甲状腺肿,内科
地方性甲状腺肿,内分泌科
地方性克汀病,内科
地方性克汀病,内分泌科
碘源性甲亢,内科
碘源性甲亢,内分泌科
低血糖综合征,内科
低血糖综合征,内分泌科
丹吉尔病,内科
丹吉尔病,内分泌科
蛋白质-热能...,内科
蛋白质-热能...,内分泌科
低血糖,内科
低血糖,内分泌科
低钾血症肾病,内科
低钾血症肾病,内分泌科
低血糖症,内科
低血糖症,内分泌科
放射性甲状腺炎,内科
放射性甲状腺炎,内分泌科
肥胖性生殖无...,内科
肥胖性生殖无...,内分泌科
非甲状腺性的...,内科
非甲状腺性的...,内分泌科
肥胖症,内科
肥胖症,内分泌科
非酮症高血糖...,内科
非酮症高血糖...,内分泌科
过劳死,内科
过劳死,内分泌科
高尿酸血症肾病,内科
高尿酸血症肾病,内分泌科
高胰岛素血症,内科
高胰岛素血症,内分泌科
干燥综合征神...,内科
干燥综合征神...,内分泌科
功能性下丘脑性闭经,内科
功能性下丘脑性闭经,内分泌科
高脂蛋白血症Ⅴ型,内科
高脂蛋白血症Ⅴ型,内分泌科
高渗性非酮症...,内科
高渗性非酮症...,内分泌科
戈谢病,内科
戈谢病,内分泌科
高钙血症肾病,内科
高钙血症肾病,内分泌科
高碘性甲状腺肿,内科
高碘性甲状腺肿,内分泌科
汗证,内科
汗证,内分泌科
黄瘤,内科
黄瘤,内分泌科
获得性高脂蛋白血症,内科
获得性高脂蛋白血症,内分泌科
II型糖尿病,内科
II型糖尿病,内分泌科
I型糖尿病,内科
I型糖尿病,内分泌科
甲状腺囊肿,内科
甲状腺囊肿,内分泌科
甲状旁腺功能亢进,内科
甲状旁腺功能亢进,内分泌科
急性化脓性甲状腺炎,内科
急性化脓性甲状腺炎,内分泌科
甲状腺结节钙化,内科
甲状腺结节钙化,内分泌科
颈淋巴结结核,内科
颈淋巴结结核,内分泌科
甲亢合并妊娠,内科
甲亢合并妊娠,内分泌科
抗利尿激素分...,内科
抗利尿激素分...,内分泌科
库欣综合征,内科
库欣综合征,内分泌科
克兰费尔特综合征,内科
克兰费尔特综合征,内分泌科
空鞍综合征,内科
空鞍综合征,内分泌科
老年人肥胖症,内科
老年人肥胖症,内分泌科
老年人甲状腺...,内科
老年人甲状腺...,内分泌科
老年人痛风,内科
老年人痛风,内分泌科
老年人尿崩症,内科
老年人尿崩症,内分泌科
老年人低血糖昏迷,内科
老年人低血糖昏迷,内分泌科
雷凡斯坦综合征,内科
雷凡斯坦综合征,内分泌科
类固醇肌病,内科
类固醇肌病,内分泌科
类脂质蛋白沉积症,内科
类脂质蛋白沉积症,内分泌科
老年人糖尿病...,内科
老年人糖尿病...,内分泌科
淋巴细胞性垂体炎,内科
淋巴细胞性垂体炎,内分泌科
泌乳素瘤,内科
泌乳素瘤,内分泌科
慢性纤维性甲状腺炎,内科
慢性纤维性甲状腺炎,内分泌科
慢性淋巴细胞...,内科
慢性淋巴细胞...,内分泌科
慢性自身免疫...,内科
慢性自身免疫...,内分泌科
慢性淋巴结炎,内科
慢性淋巴结炎,内分泌科
慢性肾上腺皮...,内科
慢性肾上腺皮...,内分泌科
女性性早熟,内科
女性性早熟,内分泌科
纳尔逊综合征,内科
纳尔逊综合征,内分泌科
内分泌功能亢进,内科
内分泌功能亢进,内分泌科
内分泌性高血压,内科
内分泌性高血压,内分泌科
男性特纳综合征,内科
男性特纳综合征,内分泌科
男性性早熟,内科
男性性早熟,内分泌科
女性的青春期延迟,内科
女性的青春期延迟,内分泌科
内分泌性肌病,内科
内分泌性肌病,内分泌科
粘多糖代谢障碍,内科
粘多糖代谢障碍,内分泌科
内分泌失调,内科
内分泌失调,内分泌科
男性青春期发育延迟,内科
男性青春期发育延迟,内分泌科
青春期发育迟缓,内科
青春期发育迟缓,内分泌科
全身脂肪代谢障碍,内科
全身脂肪代谢障碍,内分泌科
醛固酮缺乏症,内科
醛固酮缺乏症,内分泌科
全身黏液性水肿,内科
全身黏液性水肿,内分泌科
青年人中的成...,内科
青年人中的成...,内分泌科
妊娠期甲状腺...,内科
妊娠期甲状腺...,内分泌科
乳溢,内科
乳溢,内分泌科
生长激素缺乏症,内科
生长激素缺乏症,内分泌科
双侧先天性肾...,内科
双侧先天性肾...,内分泌科
四肢淋巴水肿,内科
四肢淋巴水肿,内分泌科
肾上腺髓质增生,内科
肾上腺髓质增生,内分泌科
肾性糖尿,内科
肾性糖尿,内分泌科
肾上腺意外瘤,内科
肾上腺意外瘤,内分泌科
嗜铬细胞瘤,内科
嗜铬细胞瘤,内分泌科
肾上腺危象,内科
肾上腺危象,内分泌科
肾上腺皮质功...,内科
肾上腺皮质功...,内分泌科
松果体瘤,内科
松果体瘤,内分泌科
糖原累积病,内科
糖原累积病,内分泌科
糖原贮积病Ⅰ型,内科
糖原贮积病Ⅰ型,内分泌科
痛风和高尿酸血症,内科
痛风和高尿酸血症,内分泌科
糖尿病乳酸性酸中毒,内科
糖尿病乳酸性酸中毒,内分泌科
特发性低促性...,内科
特发性低促性...,内分泌科
糖尿病性视网膜病变,内科
糖尿病性视网膜病变,内分泌科
糖原贮积病Ⅱ型,内科
糖原贮积病Ⅱ型,内分泌科
糖原贮积病Ⅴ型,内科
糖原贮积病Ⅴ型,内分泌科
糖代谢异常伴...,内科
糖代谢异常伴...,内分泌科
糖原累积症,内科
糖原累积症,内分泌科
糖尿病心脏病,内科
糖尿病心脏病,内分泌科
无痛性甲状腺炎,内科
无痛性甲状腺炎,内分泌科
无功能性甲状...,内科
无功能性甲状...,内分泌科
无功能垂体腺瘤,内科
无功能垂体腺瘤,内分泌科
席汉氏综合症,内科
席汉氏综合症,内分泌科
希恩综合征,内科
希恩综合征,内分泌科
下丘脑多汗症,内科
下丘脑多汗症,内分泌科
下丘脑疾病,内科
下丘脑疾病,内分泌科
性早熟,内科
性早熟,内分泌科
下丘脑综合征,内科
下丘脑综合征,内分泌科
小儿阿姆斯特...,内科
小儿阿姆斯特...,内分泌科
血脂异常,内科
血脂异常,内分泌科
原发性甲状旁...,内科
原发性甲状旁...,内分泌科
亚临床甲状腺...,内科
亚临床甲状腺...,内分泌科
异位ACTH综合征,内科
异位ACTH综合征,内分泌科
原发性肾上腺...,内科
原发性肾上腺...,内分泌科
原发性系统性...,内科
原发性系统性...,内分泌科
亚临床型克汀病,内科
亚临床型克汀病,内分泌科
异源内分泌综合征,内科
异源内分泌综合征,内分泌科
胰岛素抵抗与...,内科
胰岛素抵抗与...,内分泌科
胰岛功能性β细胞瘤,内科
胰岛功能性β细胞瘤,内分泌科
溢乳闭经综合征,内科
溢乳闭经综合征,内分泌科
侏儒症,内科
侏儒症,内分泌科
自身免疫性甲...,内科
自身免疫性甲...,内分泌科
致密性骨发育障碍,内科
致密性骨发育障碍,内分泌科
脂性渐进性坏死,内科
脂性渐进性坏死,内分泌科
早熟性儿童乳...,内科
早熟性儿童乳...,内分泌科
粘多糖沉积病,内科
粘多糖沉积病,内分泌科
中老年男子部...,内科
中老年男子部...,内分泌科
自主性高功能...,内科
自主性高功能...,内分泌科
脂肪营养不良,内科
脂肪营养不良,内分泌科
神经性头痛,内科
神经性头痛,神经内科
脑炎,内科
脑炎,神经内科
神经性耳鸣,内科
神经性耳鸣,神经内科
眩晕症,内科
眩晕症,神经内科
闭锁综合征,内科
闭锁综合征,神经内科
缺血性脑卒中,内科
缺血性脑卒中,神经内科
肌肉痉挛,内科
肌肉痉挛,神经内科
交感神经型颈椎病,内科
交感神经型颈椎病,神经内科
神经炎,内科
神经炎,神经内科
心脑血管疾病,内科
心脑血管疾病,神经内科
脑血管痉挛,内科
脑血管痉挛,神经内科
股神经痛,内科
股神经痛,神经内科
癌性神经肌病,内科
癌性神经肌病,神经内科
阿尔茨海默病,内科
阿尔茨海默病,神经内科
阿尔采末病,内科
阿尔采末病,神经内科
不随意运动,内科
不随意运动,神经内科
臂丛神经痛,内科
臂丛神经痛,神经内科
病毒性脑膜炎,内科
病毒性脑膜炎,神经内科
宾斯旺格病,内科
宾斯旺格病,神经内科
步态异常,内科
步态异常,神经内科
包涵体肌炎与...,内科
包涵体肌炎与...,神经内科
病理性REM睡眠,内科
病理性REM睡眠,神经内科
病理性神经损伤,内科
病理性神经损伤,神经内科
出血性脑中风,内科
出血性脑中风,神经内科
迟发性运动障碍,内科
迟发性运动障碍,神经内科
纯植物神经功能衰竭,内科
纯植物神经功能衰竭,神经内科
常染色体隐性...,内科
常染色体隐性...,神经内科
痴呆,内科
痴呆,神经内科
抽搐与惊厥,内科
抽搐与惊厥,神经内科
唇舌水肿及面...,内科
唇舌水肿及面...,神经内科
持续性植物状态,内科
持续性植物状态,神经内科
痴呆综合征,内科
痴呆综合征,神经内科
肠道革兰阴性...,内科
肠道革兰阴性...,神经内科
苍白球黑质红...,内科
苍白球黑质红...,神经内科
出血性脑梗死,内科
出血性脑梗死,神经内科
大脑萎缩,内科
大脑萎缩,神经内科
电脑病,内科
电脑病,神经内科
癫痫性精神障碍,内科
癫痫性精神障碍,神经内科
癫痫发作与癫...,内科
癫痫发作与癫...,神经内科
电击伤所致脊髓病,内科
电击伤所致脊髓病,神经内科
癫痫持续状态,内科
癫痫持续状态,神经内科
多系统萎缩,内科
多系统萎缩,神经内科
短暂性大脑缺...,内科
短暂性大脑缺...,神经内科
多灶性运动神经病,内科
多灶性运动神经病,神经内科
单发脑梗死性痴呆,内科
单发脑梗死性痴呆,神经内科
多发脑梗死性痴呆,内科
多发脑梗死性痴呆,神经内科
多发性硬化,内科
多发性硬化,神经内科
耳源性脑脓肿,内科
耳源性脑脓肿,神经内科
额颞痴呆,内科
额颞痴呆,神经内科
腓骨肌萎缩症,内科
腓骨肌萎缩症,神经内科
反射性晕厥,内科
反射性晕厥,神经内科
分水岭区脑梗死,内科
分水岭区脑梗死,神经内科
Friedr...,内科
Friedr...,神经内科
肺炎球菌脑膜炎,内科
肺炎球菌脑膜炎,神经内科
腹型癫痫综合征,内科
腹型癫痫综合征,神经内科
肺性脑病,内科
肺性脑病,神经内科
腓总神经损害,内科
腓总神经损害,神经内科
放射性脊髓病,内科
放射性脊髓病,神经内科
副肿瘤性脊髓病,内科
副肿瘤性脊髓病,神经内科
腹型偏头痛综合征,内科
腹型偏头痛综合征,神经内科
复发性无菌性脑膜炎,内科
复发性无菌性脑膜炎,神经内科
脊髓梗死,内科
脊髓梗死,神经内科
股外侧皮神经炎,内科
股外侧皮神经炎,神经内科
橄榄体脑桥小脑萎缩,内科
橄榄体脑桥小脑萎缩,神经内科
工业毒物中毒...,内科
工业毒物中毒...,神经内科
股神经损伤,内科
股神经损伤,神经内科
高血压脑病,内科
高血压脑病,神经内科
格斯特曼综合征,内科
格斯特曼综合征,神经内科
共济失调,内科
共济失调,神经内科
钩端螺旋体病...,内科
钩端螺旋体病...,神经内科
肝豆状核变性,内科
肝豆状核变性,神经内科
格林－巴利综合征,内科
格林－巴利综合征,神经内科
昏迷,内科
昏迷,神经内科
昏厥,内科
昏厥,神经内科
红斑性肢痛症,内科
红斑性肢痛症,神经内科
亨廷顿病,内科
亨廷顿病,神经内科
亨廷顿病性痴呆,内科
亨廷顿病性痴呆,神经内科
忽略症,内科
忽略症,神经内科
喉上神经损伤,内科
喉上神经损伤,神经内科
混合型脑瘫,内科
混合型脑瘫,神经内科
脊髓损伤,内科
脊髓损伤,神经内科
脊髓炎,内科
脊髓炎,神经内科
肌肉萎缩,内科
肌肉萎缩,神经内科
吉兰-巴雷综合征,内科
吉兰-巴雷综合征,神经内科
巨脑回畸形,内科
巨脑回畸形,神经内科
痉挛性脑瘫,内科
痉挛性脑瘫,神经内科
颈内动脉海绵窦瘘,内科
颈内动脉海绵窦瘘,神经内科
截瘫,内科
截瘫,神经内科
急性全自主神...,内科
急性全自主神...,神经内科
戒酒综合征,内科
戒酒综合征,神经内科
克罗伊茨费尔...,内科
克罗伊茨费尔...,神经内科
克拉伯病,内科
克拉伯病,神经内科
老年人重症肌无力,内科
老年人重症肌无力,神经内科
老年人肺性脑病,内科
老年人肺性脑病,神经内科
老年人脊髓亚...,内科
老年人脊髓亚...,神经内科
老年人脊髓压迫症,内科
老年人脊髓压迫症,神经内科
淋巴细胞脉络...,内科
淋巴细胞脉络...,神经内科
颅内低压综合征,内科
颅内低压综合征,神经内科
颅骨骨髓炎,内科
颅骨骨髓炎,神经内科
颅内低压性头痛,内科
颅内低压性头痛,神经内科
赖氏综合征,内科
赖氏综合征,神经内科
颅内静脉窦血栓形成,内科
颅内静脉窦血栓形成,神经内科
路易体痴呆,内科
路易体痴呆,神经内科
良性颅内高压症,内科
良性颅内高压症,神经内科
慢性疲劳综合症,内科
慢性疲劳综合症,神经内科
麻痹性臂丛神经炎,内科
麻痹性臂丛神经炎,神经内科
Machad...,内科
Machad...,神经内科
面瘫,内科
面瘫,神经内科
面肌瘫痪,内科
面肌瘫痪,神经内科
迷走神经损伤,内科
迷走神经损伤,神经内科
面部偏侧萎缩,内科
面部偏侧萎缩,神经内科
毛细血管扩张...,内科
毛细血管扩张...,神经内科
麻风性周围神经病,内科
麻风性周围神经病,神经内科
麻痹性痴呆,内科
麻痹性痴呆,神经内科
面神经瘤,内科
面神经瘤,神经内科
面肌痉挛,内科
面肌痉挛,神经内科
脑梗死,内科
脑梗死,神经内科
脑血管病,内科
脑血管病,神经内科
脑炎后遗症,内科
脑炎后遗症,神经内科
脑血管硬化,内科
脑血管硬化,神经内科
女性癫痫,内科
女性癫痫,神经内科
脑病,内科
脑病,神经内科
脑血管畸形,内科
脑血管畸形,神经内科
脑干梗塞,内科
脑干梗塞,神经内科
脑脓肿,内科
脑脓肿,神经内科
脑动脉盗血综合征,内科
脑动脉盗血综合征,神经内科
偏瘫,内科
偏瘫,神经内科
偏头痛,内科
偏头痛,神经内科
帕金森病,内科
帕金森病,神经内科
POEMS综合征,内科
POEMS综合征,神经内科
皮克病,内科
皮克病,神经内科
胼胝体进行性变性,内科
胼胝体进行性变性,神经内科
Pick病和...,内科
Pick病和...,神经内科
皮层性多汗症,内科
皮层性多汗症,神经内科
佩梅病,内科
佩梅病,神经内科
腔隙性脑梗死,内科
腔隙性脑梗死,神经内科
前庭神经元炎,内科
前庭神经元炎,神经内科
全面性发作,内科
全面性发作,神经内科
强直性肌营养不良症,内科
强直性肌营养不良症,神经内科
青少年癫痫,内科
青少年癫痫,神经内科
强直型脑瘫,内科
强直型脑瘫,神经内科
躯体感觉障碍,内科
躯体感觉障碍,神经内科
青年上肢远端肌萎缩,内科
青年上肢远端肌萎缩,神经内科
全植物神经功能不全,内科
全植物神经功能不全,神经内科
桡神经麻痹,内科
桡神经麻痹,神经内科
热带痉挛性轻截瘫,内科
热带痉挛性轻截瘫,神经内科
神经性耳聋,内科
神经性耳聋,神经内科
失语症,内科
失语症,神经内科
髓性多汗症,内科
髓性多汗症,神经内科
舌下神经损伤,内科
舌下神经损伤,神经内科
神经系统遗传病,内科
神经系统遗传病,神经内科
神经系统的放...,内科
神经系统的放...,神经内科
Shy-Dr...,内科
Shy-Dr...,神经内科
神经衰弱,内科
神经衰弱,神经内科
视束病变,内科
视束病变,神经内科
铜绿色假单胞...,内科
铜绿色假单胞...,神经内科
特发性震颤,内科
特发性震颤,神经内科
脱髓鞘,内科
脱髓鞘,神经内科
特发性面神经瘫痪,内科
特发性面神经瘫痪,神经内科
特发性癫痫综合征,内科
特发性癫痫综合征,神经内科
痛性肥胖病,内科
痛性肥胖病,神经内科
投掷运动,内科
投掷运动,神经内科
糖尿病性周围神经病,内科
糖尿病性周围神经病,神经内科
瘫痪,内科
瘫痪,神经内科
糖尿病所致脊髓病,内科
糖尿病所致脊髓病,神经内科
头痛,内科
头痛,神经内科
糖尿病性神经病,内科
糖尿病性神经病,神经内科
维生素E缺乏神经病,内科
维生素E缺乏神经病,神经内科
韦尼克脑病,内科
韦尼克脑病,神经内科
萎缩侧索硬化,内科
萎缩侧索硬化,神经内科
纹状体黑质变性,内科
纹状体黑质变性,神经内科
无症状性脑梗死,内科
无症状性脑梗死,神经内科
血管性头痛,内科
血管性头痛,神经内科
心理障碍,内科
心理障碍,神经内科
小脑梗塞,内科
小脑梗塞,神经内科
血管性帕金森综合征,内科
血管性帕金森综合征,神经内科
新型隐球菌性脑膜炎,内科
新型隐球菌性脑膜炎,神经内科
线粒体脑肌病,内科
线粒体脑肌病,神经内科
线粒体病,内科
线粒体病,神经内科
眩晕,内科
眩晕,神经内科
小脑萎缩,内科
小脑萎缩,神经内科
小儿鞍上生殖细胞瘤,内科
小儿鞍上生殖细胞瘤,神经内科
烟雾病,内科
烟雾病,神经内科
言语障碍,内科
言语障碍,神经内科
运动神经元疾病,内科
运动神经元疾病,神经内科
亚急性坏死性脊髓炎,内科
亚急性坏死性脊髓炎,神经内科
原发性侧索硬化,内科
原发性侧索硬化,神经内科
遗传性痉挛性截瘫,内科
遗传性痉挛性截瘫,神经内科
遗传性感觉神经病,内科
遗传性感觉神经病,神经内科
延髓性麻痹,内科
延髓性麻痹,神经内科
亚急性联合变性,内科
亚急性联合变性,神经内科
遗传性多发脑...,内科
遗传性多发脑...,神经内科
延髓进行性麻痹,内科
延髓进行性麻痹,神经内科
意识障碍,内科
意识障碍,神经内科
周围神经炎,内科
周围神经炎,神经内科
椎-基底动脉...,内科
椎-基底动脉...,神经内科
脂质沉积性肌病,内科
脂质沉积性肌病,神经内科
蛛网膜炎,内科
蛛网膜炎,神经内科
枕大神经痛,内科
枕大神经痛,神经内科
周围神经损伤,内科
周围神经损伤,神经内科
著痹,内科
著痹,神经内科
正中神经损伤,内科
正中神经损伤,神经内科
周期性四肢运动障碍,内科
周期性四肢运动障碍,神经内科
柞蚕蛹脑病,内科
柞蚕蛹脑病,神经内科
真菌性脑膜炎,内科
真菌性脑膜炎,神经内科
中青年脑梗死,内科
中青年脑梗死,神经内科
肾病,内科
肾病,肾内科
蛋白尿,内科
蛋白尿,肾内科
肾小球肾炎,内科
肾小球肾炎,肾内科
慢性肾功能不全,内科
慢性肾功能不全,肾内科
膀胱肿瘤,内科
膀胱肿瘤,肾内科
老年人肾病综合征,内科
老年人肾病综合征,肾内科
肾萎缩,内科
肾萎缩,肾内科
嗜血细胞综合症,内科
嗜血细胞综合症,肾内科
寄生虫性尿路感染,内科
寄生虫性尿路感染,肾内科
隐匿型肾炎,内科
隐匿型肾炎,肾内科
急性肾小球肾炎,内科
急性肾小球肾炎,肾内科
衣原体尿路感染,内科
衣原体尿路感染,肾内科
败血症肾损害,内科
败血症肾损害,肾内科
巴特综合征,内科
巴特综合征,肾内科
薄肾小球基底膜病,内科
薄肾小球基底膜病,肾内科
常染色体显性多囊肾,内科
常染色体显性多囊肾,肾内科
蛋白质缺乏症,内科
蛋白质缺乏症,肾内科
多囊肾,内科
多囊肾,肾内科
恶性高血压性...,内科
恶性高血压性...,肾内科
非IgA系膜...,内科
非IgA系膜...,肾内科
范科尼综合征,内科
范科尼综合征,肾内科
非特异性尿道炎,内科
非特异性尿道炎,肾内科
法布里病,内科
法布里病,肾内科
反流性肾病,内科
反流性肾病,肾内科
非甾体类抗炎...,内科
非甾体类抗炎...,肾内科
感染性急性小...,内科
感染性急性小...,肾内科
肝硬化性肾损害,内科
肝硬化性肾损害,肾内科
梗阻性尿路疾病,内科
梗阻性尿路疾病,肾内科
高血压肾病,内科
高血压肾病,肾内科
肝源性肾损害,内科
肝源性肾损害,肾内科
过敏性急性小...,内科
过敏性急性小...,肾内科
混合型肾小管...,内科
混合型肾小管...,肾内科
海洛因肾脏病,内科
海洛因肾脏病,肾内科
黄色肉芽肿性...,内科
黄色肉芽肿性...,肾内科
I型肾小管性酸中毒,内科
I型肾小管性酸中毒,肾内科
II型肾小管...,内科
II型肾小管...,肾内科
间质性肾炎,内科
间质性肾炎,肾内科
急进性肾炎,内科
急进性肾炎,肾内科
近端(Ⅱ型)...,内科
近端(Ⅱ型)...,肾内科
近端肾小管性酸中毒,内科
近端肾小管性酸中毒,肾内科
肌病肾病性代...,内科
肌病肾病性代...,肾内科
急进性肾小球肾炎,内科
急进性肾小球肾炎,肾内科
家族性出血性肾炎,内科
家族性出血性肾炎,肾内科
局灶性节段性...,内科
局灶性节段性...,肾内科
局灶性肾小球硬化症,内科
局灶性肾小球硬化症,肾内科
急性肾炎综合征,内科
急性肾炎综合征,肾内科
抗菌药中毒性肾病,内科
抗菌药中毒性肾病,肾内科
老年人慢性肾盂肾炎,内科
老年人慢性肾盂肾炎,肾内科
良性高血压性...,内科
良性高血压性...,肾内科
老年人急进性肾炎,内科
老年人急进性肾炎,肾内科
老年人慢性肾...,内科
老年人慢性肾...,肾内科
巯甲丙脯酸肾损害,内科
巯甲丙脯酸肾损害,肾内科
老年人糖尿病肾病,内科
老年人糖尿病肾病,肾内科
老年人肾癌,内科
老年人肾癌,肾内科
老年人急性感...,内科
老年人急性感...,肾内科
类风湿性关节...,内科
类风湿性关节...,肾内科
链球菌感染后...,内科
链球菌感染后...,肾内科
狼疮性肾炎,内科
狼疮性肾炎,肾内科
免疫抑制药和...,内科
免疫抑制药和...,肾内科
膜性肾病,内科
膜性肾病,肾内科
膜增生性肾小球肾炎,内科
膜增生性肾小球肾炎,肾内科
慢性肾小球肾炎,内科
慢性肾小球肾炎,肾内科
慢性肾炎,内科
慢性肾炎,肾内科
慢性肾盂肾炎,内科
慢性肾盂肾炎,肾内科
膜性肾小球肾炎,内科
膜性肾小球肾炎,肾内科
慢性肾功能衰竭,内科
慢性肾功能衰竭,肾内科
免疫介导性肾脏病,内科
免疫介导性肾脏病,肾内科
镁过多症,内科
镁过多症,肾内科
慢性反流性肾病,内科
慢性反流性肾病,肾内科
囊性肾病,内科
囊性肾病,肾内科
尿路真菌感染,内科
尿路真菌感染,肾内科
尿失禁,内科
尿失禁,肾内科
尿毒症,内科
尿毒症,肾内科
尿崩症,内科
尿崩症,肾内科
农药中毒性肾病,内科
农药中毒性肾病,肾内科
膀胱气痛,内科
膀胱气痛,肾内科
膀胱与尿道结石,内科
膀胱与尿道结石,肾内科
溶血尿毒综合征,内科
溶血尿毒综合征,肾内科
软化斑,内科
软化斑,肾内科
肾周围炎,内科
肾周围炎,肾内科
肾功能不全,内科
肾功能不全,肾内科
肾脏疾病伴发...,内科
肾脏疾病伴发...,肾内科
肾髓质囊性病,内科
肾髓质囊性病,肾内科
肾绞痛,内科
肾绞痛,肾内科
肾阴虚,内科
肾阴虚,肾内科
肾功能衰竭,内科
肾功能衰竭,肾内科
肾动脉血栓形...,内科
肾动脉血栓形...,肾内科
特异性肾实质疾病,内科
特异性肾实质疾病,肾内科
糖尿病性肾病,内科
糖尿病性肾病,肾内科
蹄铁形肾,内科
蹄铁形肾,肾内科
糖尿病肾病,内科
糖尿病肾病,肾内科
特发性急性小...,内科
特发性急性小...,肾内科
特发性尿钙增多症,内科
特发性尿钙增多症,肾内科
微小病变型肾病,内科
微小病变型肾病,肾内科
微小病变性肾病,内科
微小病变性肾病,肾内科
小儿肾积水,内科
小儿肾积水,肾内科
系膜毛细血管...,内科
系膜毛细血管...,肾内科
系膜增生性肾...,内科
系膜增生性肾...,肾内科
血尿,内科
血尿,肾内科
先天性肾病综合征,内科
先天性肾病综合征,肾内科
隐匿性肾小球肾炎,内科
隐匿性肾小球肾炎,肾内科
遗传性肾炎,内科
遗传性肾炎,肾内科
远端肾小管性酸中毒,内科
远端肾小管性酸中毒,肾内科
原发性单克隆...,内科
原发性单克隆...,肾内科
原发性小血管...,内科
原发性小血管...,肾内科
原发性IgA肾病,内科
原发性IgA肾病,肾内科
腰痛-血尿综合征,内科
腰痛-血尿综合征,肾内科
指甲-髌骨综合征,内科
指甲-髌骨综合征,肾内科
真菌性尿路感染,内科
真菌性尿路感染,肾内科
中毒性肾病,内科
中毒性肾病,肾内科
紫癜性肾炎,内科
紫癜性肾炎,肾内科
镇痛剂肾病,内科
镇痛剂肾病,肾内科
脂蛋白肾小球病,内科
脂蛋白肾小球病,肾内科
造影剂肾病,内科
造影剂肾病,肾内科
支原体尿路感染,内科
支原体尿路感染,肾内科
多肌炎,内科
多肌炎,风湿免疫科
脊柱关节炎,内科
脊柱关节炎,风湿免疫科
老年人骨关节炎,内科
老年人骨关节炎,风湿免疫科
风湿性疾病,内科
风湿性疾病,风湿免疫科
斯蒂尔病,内科
斯蒂尔病,风湿免疫科
韦格纳肉芽肿,内科
韦格纳肉芽肿,风湿免疫科
系统性红斑狼...,内科
系统性红斑狼...,风湿免疫科
痛风石,内科
痛风石,风湿免疫科
慢性皮肤粘膜...,内科
慢性皮肤粘膜...,风湿免疫科
复发性多软骨炎性,内科
复发性多软骨炎性,风湿免疫科
吞噬功能缺陷病,内科
吞噬功能缺陷病,风湿免疫科
抗体免疫缺陷病,内科
抗体免疫缺陷病,风湿免疫科
Austin...,内科
Austin...,风湿免疫科
埃莱尔-当洛综合征,内科
埃莱尔-当洛综合征,风湿免疫科
Behcet病,内科
Behcet病,风湿免疫科
变应性皮肤结...,内科
变应性皮肤结...,风湿免疫科
白塞综合征,内科
白塞综合征,风湿免疫科
白塞病,内科
白塞病,风湿免疫科
白塞病性巩膜炎,内科
白塞病性巩膜炎,风湿免疫科
播散性嗜酸粒...,内科
播散性嗜酸粒...,风湿免疫科
布氏杆菌性关节炎,内科
布氏杆菌性关节炎,风湿免疫科
白塞病伴发的...,内科
白塞病伴发的...,风湿免疫科
产后风湿,内科
产后风湿,风湿免疫科
成人斯蒂尔病,内科
成人斯蒂尔病,风湿免疫科
迟发性低丙球血症,内科
迟发性低丙球血症,风湿免疫科
CM1神经节...,内科
CM1神经节...,风湿免疫科
成人类风湿性...,内科
成人类风湿性...,风湿免疫科
淀粉样变性周...,内科
淀粉样变性周...,风湿免疫科
多发性肌炎和...,内科
多发性肌炎和...,风湿免疫科
弹性假黄瘤,内科
弹性假黄瘤,风湿免疫科
多发性肌炎-皮肌炎,内科
多发性肌炎-皮肌炎,风湿免疫科
多中心性网状...,内科
多中心性网状...,风湿免疫科
淀粉样变病,内科
淀粉样变病,风湿免疫科
多发性肌炎,内科
多发性肌炎,风湿免疫科
多发性大动脉炎,内科
多发性大动脉炎,风湿免疫科
大骨节病,内科
大骨节病,风湿免疫科
Ehler-...,内科
Ehler-...,风湿免疫科
二水焦磷酸钙...,内科
二水焦磷酸钙...,风湿免疫科
Ⅱ型免疫母细...,内科
Ⅱ型免疫母细...,风湿免疫科
复发性多软骨...,内科
复发性多软骨...,风湿免疫科
风湿骨病,内科
风湿骨病,风湿免疫科
风湿性血管炎,内科
风湿性血管炎,风湿免疫科
风湿病,内科
风湿病,风湿免疫科
复发性皮肤坏...,内科
复发性皮肤坏...,风湿免疫科
费尔蒂综合征,内科
费尔蒂综合征,风湿免疫科
风湿性边缘性红斑,内科
风湿性边缘性红斑,风湿免疫科
肥大细胞增多症,内科
肥大细胞增多症,风湿免疫科
风湿性多肌痛,内科
风湿性多肌痛,风湿免疫科
风湿性舞蹈病,内科
风湿性舞蹈病,风湿免疫科
甘露糖苷贮积症,内科
甘露糖苷贮积症,风湿免疫科
过敏性哮喘,内科
过敏性哮喘,风湿免疫科
高尿酸血症,内科
高尿酸血症,风湿免疫科
干燥综合征,内科
干燥综合征,风湿免疫科
肝炎病毒相关风湿病,内科
肝炎病毒相关风湿病,风湿免疫科
过敏性血管炎...,内科
过敏性血管炎...,风湿免疫科
过敏性肉芽肿...,内科
过敏性肉芽肿...,风湿免疫科
红斑狼疮,内科
红斑狼疮,风湿免疫科
混合结缔组织病,内科
混合结缔组织病,风湿免疫科
寒冷性脂膜炎,内科
寒冷性脂膜炎,风湿免疫科
混合性结缔组织病,内科
混合性结缔组织病,风湿免疫科
回归热型结节...,内科
回归热型结节...,风湿免疫科
Ⅰ型免疫母细...,内科
Ⅰ型免疫母细...,风湿免疫科
巨细胞动脉炎,内科
巨细胞动脉炎,风湿免疫科
急性脂肪皮肤硬化症,内科
急性脂肪皮肤硬化症,风湿免疫科
结节性液化性脂膜炎,内科
结节性液化性脂膜炎,风湿免疫科
巨细胞动脉炎...,内科
巨细胞动脉炎...,风湿免疫科
结节性多动脉...,内科
结节性多动脉...,风湿免疫科
节段性透明性血管炎,内科
节段性透明性血管炎,风湿免疫科
家族性地中海热,内科
家族性地中海热,风湿免疫科
系统性红斑狼疮,内科
系统性红斑狼疮,风湿免疫科
急性淋巴管炎,内科
急性淋巴管炎,风湿免疫科
结节病,内科
结节病,风湿免疫科
结节性脂膜炎,内科
结节性脂膜炎,风湿免疫科
髋关节骨关节炎,内科
髋关节骨关节炎,风湿免疫科
抗磷脂抗体综合征,内科
抗磷脂抗体综合征,风湿免疫科
科干综合征,内科
科干综合征,风湿免疫科
类风湿关节炎,内科
类风湿关节炎,风湿免疫科
老年人类风湿...,内科
老年人类风湿...,风湿免疫科
雷诺综合征,内科
雷诺综合征,风湿免疫科
雷诺病,内科
雷诺病,风湿免疫科
赖特综合征,内科
赖特综合征,风湿免疫科
狼疮肾炎,内科
狼疮肾炎,风湿免疫科
联合免疫缺陷病,内科
联合免疫缺陷病,风湿免疫科
类风湿性关节...,内科
类风湿性关节...,风湿免疫科
狼疮样综合征,内科
狼疮样综合征,风湿免疫科
赖特综合征性巩膜炎,内科
赖特综合征性巩膜炎,风湿免疫科
慢性黏膜皮肤...,内科
慢性黏膜皮肤...,风湿免疫科
慢性肉芽肿病,内科
慢性肉芽肿病,风湿免疫科
内湿,内科
内湿,风湿免疫科
黏多糖贮积症,内科
黏多糖贮积症,风湿免疫科
黏脂贮积症Ⅲ型,内科
黏脂贮积症Ⅲ型,风湿免疫科
黏脂贮积症Ⅱ型,内科
黏脂贮积症Ⅱ型,风湿免疫科
黏脂贮积症Ⅰ型,内科
黏脂贮积症Ⅰ型,风湿免疫科
黏多糖贮积症Ⅷ型,内科
黏多糖贮积症Ⅷ型,风湿免疫科
黏多糖贮积症Ⅶ型,内科
黏多糖贮积症Ⅶ型,风湿免疫科
黏多糖贮积症Ⅵ型,内科
黏多糖贮积症Ⅵ型,风湿免疫科
黏多糖贮积症Ⅴ型,内科
黏多糖贮积症Ⅴ型,风湿免疫科
黏多糖贮积症Ⅳ型,内科
黏多糖贮积症Ⅳ型,风湿免疫科
黏多糖贮积症Ⅲ型,内科
黏多糖贮积症Ⅲ型,风湿免疫科
黏多糖贮积症Ⅱ型,内科
黏多糖贮积症Ⅱ型,风湿免疫科
皮肌炎与多发性肌炎,内科
皮肌炎与多发性肌炎,风湿免疫科
皮肤黏膜淋巴...,内科
皮肤黏膜淋巴...,风湿免疫科
皮肌炎,内科
皮肌炎,风湿免疫科
盘状红斑狼疮,内科
盘状红斑狼疮,风湿免疫科
Poncet综合征,内科
Poncet综合征,风湿免疫科
皮肤白细胞破...,内科
皮肤白细胞破...,风湿免疫科
强直性脊柱炎,内科
强直性脊柱炎,风湿免疫科
羟磷灰石沉积病,内科
羟磷灰石沉积病,风湿免疫科
全身性红斑狼疮,内科
全身性红斑狼疮,风湿免疫科
强直性脊柱炎...,内科
强直性脊柱炎...,风湿免疫科
Reiter综合征,内科
Reiter综合征,风湿免疫科
热性嗜中性白...,内科
热性嗜中性白...,风湿免疫科
人免疫缺陷病...,内科
人免疫缺陷病...,风湿免疫科
色素性紫癜性...,内科
色素性紫癜性...,风湿免疫科
嗜酸性筋膜炎,内科
嗜酸性筋膜炎,风湿免疫科
Ⅳ型超敏反应性疾病,内科
Ⅳ型超敏反应性疾病,风湿免疫科
Ⅲ型超敏反应性疾病,内科
Ⅲ型超敏反应性疾病,风湿免疫科
食物变应性和...,内科
食物变应性和...,风湿免疫科
嗜酸性粒细胞...,内科
嗜酸性粒细胞...,风湿免疫科
特发性关节痛综合征,内科
特发性关节痛综合征,风湿免疫科
痛风,内科
痛风,风湿免疫科
痛风性关节炎,内科
痛风性关节炎,风湿免疫科
天冬氨酰葡萄...,内科
天冬氨酰葡萄...,风湿免疫科
微病毒B19...,内科
微病毒B19...,风湿免疫科
无肌病性皮肌炎,内科
无肌病性皮肌炎,风湿免疫科
物理性变应性,内科
物理性变应性,风湿免疫科
网状青斑和青...,内科
网状青斑和青...,风湿免疫科
韦格内肉芽肿,内科
韦格内肉芽肿,风湿免疫科
未分化结缔组织病,内科
未分化结缔组织病,风湿免疫科
血栓性静脉炎,内科
血栓性静脉炎,风湿免疫科
显微镜下多血管炎,内科
显微镜下多血管炎,风湿免疫科
纤维化综合征,内科
纤维化综合征,风湿免疫科
纤维肌痛综合征,内科
纤维肌痛综合征,风湿免疫科
系统性血管炎,内科
系统性血管炎,风湿免疫科
血管炎前期综合征,内科
血管炎前期综合征,风湿免疫科
先天性全丙种...,内科
先天性全丙种...,风湿免疫科
原发性免疫缺陷病,内科
原发性免疫缺陷病,风湿免疫科
游走性结节性脂膜炎,内科
游走性结节性脂膜炎,风湿免疫科
硬皮症伴发的...,内科
硬皮症伴发的...,风湿免疫科
遗传性高尿酸血症,内科
遗传性高尿酸血症,风湿免疫科
药物性狼疮,内科
药物性狼疮,风湿免疫科
岩藻糖苷贮积症,内科
岩藻糖苷贮积症,风湿免疫科
亚急性皮肤红斑狼疮,内科
亚急性皮肤红斑狼疮,风湿免疫科
硬肿症,内科
硬肿症,风湿免疫科
硬皮病,内科
硬皮病,风湿免疫科
Ⅰ型超敏反应性疾病,内科
Ⅰ型超敏反应性疾病,风湿免疫科
严重联合免疫缺陷病,内科
严重联合免疫缺陷病,风湿免疫科
药物过敏,内科
药物过敏,风湿免疫科
重叠综合征,内科
重叠综合征,风湿免疫科
组织细胞吞噬...,内科
组织细胞吞噬...,风湿免疫科
室管膜肿瘤,外科
室管膜肿瘤,神经外科
蛛网膜囊肿,外科
蛛网膜囊肿,神经外科
脑水肿,外科
脑水肿,神经外科
骶管囊肿,外科
骶管囊肿,神经外科
风湿免疫病,外科
风湿免疫病,神经外科
透明隔囊肿,外科
透明隔囊肿,神经外科
脑囊肿,外科
脑囊肿,神经外科
颅脑损伤,外科
颅脑损伤,神经外科
髓母细胞瘤,外科
髓母细胞瘤,神经外科
自发性蛛网膜...,外科
自发性蛛网膜...,神经外科
脑血栓形成,外科
脑血栓形成,神经外科
脊髓血管畸形,外科
脊髓血管畸形,神经外科
鞍结节脑膜瘤,外科
鞍结节脑膜瘤,神经外科
闭合性颅脑损伤,外科
闭合性颅脑损伤,神经外科
迟发性外伤性...,外科
迟发性外伤性...,神经外科
垂体腺瘤,外科
垂体腺瘤,神经外科
垂体瘤,外科
垂体瘤,神经外科
侧脑室肿瘤,外科
侧脑室肿瘤,神经外科
出血性脑卒中,外科
出血性脑卒中,神经外科
第三脑室肿瘤,外科
第三脑室肿瘤,神经外科
多发性脑膜瘤,外科
多发性脑膜瘤,神经外科
第四脑室肿瘤,外科
第四脑室肿瘤,神经外科
大脑大静脉瘤,外科
大脑大静脉瘤,神经外科
大脑凸面脑膜瘤,外科
大脑凸面脑膜瘤,神经外科
大脑镰旁脑膜瘤,外科
大脑镰旁脑膜瘤,神经外科
蝶骨嵴脑膜瘤,外科
蝶骨嵴脑膜瘤,神经外科
蝶窦恶性肿瘤,外科
蝶窦恶性肿瘤,神经外科
多发性颅内血肿,外科
多发性颅内血肿,神经外科
顶叶肿瘤,外科
顶叶肿瘤,神经外科
短颈畸形,外科
短颈畸形,神经外科
额叶肿瘤,外科
额叶肿瘤,神经外科
额叶癫痫,外科
额叶癫痫,神经外科
恶性脑膜瘤,外科
恶性脑膜瘤,神经外科
副肿瘤性边缘...,外科
副肿瘤性边缘...,神经外科
副肿瘤性小脑变性,外科
副肿瘤性小脑变性,神经外科
非火器性颅脑开放伤,外科
非火器性颅脑开放伤,神经外科
高位截瘫,外科
高位截瘫,神经外科
高颅压性脑积水,外科
高颅压性脑积水,神经外科
共济失调型脑瘫,外科
共济失调型脑瘫,神经外科
弓形体脑病,外科
弓形体脑病,神经外科
高血压性脑出血,外科
高血压性脑出血,神经外科
高血压脑出血,外科
高血压脑出血,神经外科
化脓性颅骨骨髓炎,外科
化脓性颅骨骨髓炎,神经外科
化脓性脑膜炎,外科
化脓性脑膜炎,神经外科
火器性颅脑损伤,外科
火器性颅脑损伤,神经外科
脊柱脊髓损伤,外科
脊柱脊髓损伤,神经外科
脊膜瘤,外科
脊膜瘤,神经外科
脊髓栓系综合征,外科
脊髓栓系综合征,神经外科
胶质母细胞瘤,外科
胶质母细胞瘤,神经外科
脊髓火器伤,外科
脊髓火器伤,神经外科
脊髓神经鞘瘤,外科
脊髓神经鞘瘤,神经外科
脊髓蛛网膜炎,外科
脊髓蛛网膜炎,神经外科
脊膜膨出与脊...,外科
脊膜膨出与脊...,神经外科
脊髓刃器伤,外科
脊髓刃器伤,神经外科
肌张力不全型脑瘫,外科
肌张力不全型脑瘫,神经外科
急性脑内血肿,外科
急性脑内血肿,神经外科
开放性颅脑损伤,外科
开放性颅脑损伤,神经外科
老年性慢性硬...,外科
老年性慢性硬...,神经外科
颅内肿瘤伴发...,外科
颅内肿瘤伴发...,神经外科
颅骨骨膜窦,外科
颅骨骨膜窦,神经外科
颅骨骨瘤,外科
颅骨骨瘤,神经外科
颅内脂肪瘤,外科
颅内脂肪瘤,神经外科
颅内高压综合征,外科
颅内高压综合征,神经外科
颅中窝脑膜瘤,外科
颅中窝脑膜瘤,神经外科
颅脑先天畸形,外科
颅脑先天畸形,神经外科
颅内肿瘤性出血,外科
颅内肿瘤性出血,神经外科
颅裂,外科
颅裂,神经外科
颅内生殖细胞瘤,外科
颅内生殖细胞瘤,神经外科
慢性硬脑膜下血肿,外科
慢性硬脑膜下血肿,神经外科
帽状腱膜下脓肿,外科
帽状腱膜下脓肿,神经外科
面神经损伤,外科
面神经损伤,神经外科
慢性硬脑膜外血肿,外科
慢性硬脑膜外血肿,神经外科
脉络丛乳头状瘤,外科
脉络丛乳头状瘤,神经外科
面肌抽搐,外科
面肌抽搐,神经外科
脑外伤后综合征,外科
脑外伤后综合征,神经外科
脑干损伤,外科
脑干损伤,神经外科
脑干肿瘤,外科
脑干肿瘤,神经外科
脑缺血性疾病,外科
脑缺血性疾病,神经外科
脑膜肉瘤,外科
脑膜肉瘤,神经外科
脑静脉畸形,外科
脑静脉畸形,神经外科
脑膨出,外科
脑膨出,神经外科
脑蛛网膜炎,外科
脑蛛网膜炎,神经外科
脑真菌性肉芽肿,外科
脑真菌性肉芽肿,神经外科
皮肤脑膜瘤,外科
皮肤脑膜瘤,神经外科
丘脑下部损伤,外科
丘脑下部损伤,神经外科
迁延性昏迷,外科
迁延性昏迷,神经外科
神经源性肿瘤,外科
神经源性肿瘤,神经外科
松果体细胞瘤,外科
松果体细胞瘤,神经外科
上皮样囊肿,外科
上皮样囊肿,神经外科
神经胶质瘤,外科
神经胶质瘤,神经外科
少枝胶质细胞...,外科
少枝胶质细胞...,神经外科
矢状窦旁脑膜瘤,外科
矢状窦旁脑膜瘤,神经外科
手足徐动性脑瘫,外科
手足徐动性脑瘫,神经外科
头皮撕脱伤,外科
头皮撕脱伤,神经外科
头皮血肿,外科
头皮血肿,神经外科
头皮损伤,外科
头皮损伤,神经外科
外伤后颅内积气,外科
外伤后颅内积气,神经外科
外伤性颈内动...,外科
外伤性颈内动...,神经外科
外伤性硬膜下积液,外科
外伤性硬膜下积液,神经外科
外伤性脑脓肿,外科
外伤性脑脓肿,神经外科
外伤性脑膜炎,外科
外伤性脑膜炎,神经外科
外伤性脑脊液漏,外科
外伤性脑脊液漏,神经外科
外伤性低颅内...,外科
外伤性低颅内...,神经外科
外伤性硬脑膜下积液,外科
外伤性硬脑膜下积液,神经外科
外伤后头痛,外科
外伤后头痛,神经外科
外伤后低颅压综合征,外科
外伤后低颅压综合征,神经外科
外伤后脑膨出,外科
外伤后脑膨出,神经外科
外伤后脑脂肪栓塞,外科
外伤后脑脂肪栓塞,神经外科
小脑扁桃体下疝畸形,外科
小脑扁桃体下疝畸形,神经外科
下肢神经损伤,外科
下肢神经损伤,神经外科
小脑幕脑膜瘤,外科
小脑幕脑膜瘤,神经外科
小脑扁桃体疝,外科
小脑扁桃体疝,神经外科
先天性肿瘤,外科
先天性肿瘤,神经外科
小脑扁桃体下疝,外科
小脑扁桃体下疝,神经外科
小脑脑桥角脑膜瘤,外科
小脑脑桥角脑膜瘤,神经外科
嗅沟脑膜瘤,外科
嗅沟脑膜瘤,神经外科
硬脊膜外脓肿,外科
硬脊膜外脓肿,神经外科
硬脑膜下脓肿,外科
硬脑膜下脓肿,神经外科
隐性脊柱裂,外科
隐性脊柱裂,神经外科
硬脑膜外脓肿,外科
硬脑膜外脓肿,神经外科
硬脑膜动静脉畸形,外科
硬脑膜动静脉畸形,神经外科
岩骨斜坡脑膜瘤,外科
岩骨斜坡脑膜瘤,神经外科
亚急性硬膜外血肿,外科
亚急性硬膜外血肿,神经外科
硬脑膜外和硬...,外科
硬脑膜外和硬...,神经外科
硬脑膜下血肿,外科
硬脑膜下血肿,神经外科
硬脊膜下脓肿,外科
硬脊膜下脓肿,神经外科
原发性脑干损伤,外科
原发性脑干损伤,神经外科
中枢神经细胞瘤,外科
中枢神经细胞瘤,神经外科
椎管内结核瘤,外科
椎管内结核瘤,神经外科
蛛网膜下腔出血,外科
蛛网膜下腔出血,神经外科
枕骨大孔脑膜瘤,外科
枕骨大孔脑膜瘤,神经外科
正常颅压脑积水,外科
正常颅压脑积水,神经外科
自发性脑室内出血,外科
自发性脑室内出血,神经外科
乳腺结节,外科
乳腺结节,普外科
浸润性乳腺癌,外科
浸润性乳腺癌,普外科
化脓性乳腺炎,外科
化脓性乳腺炎,普外科
小叶增生,外科
小叶增生,普外科
脉管炎,外科
脉管炎,普外科
乳腺囊肿,外科
乳腺囊肿,普外科
?N动脉陷迫综合征,外科
?N动脉陷迫综合征,普外科
血管炎,外科
血管炎,普外科
巨乳症,外科
巨乳症,普外科
外生殖器畸形,外科
外生殖器畸形,普外科
动静脉血管瘤,外科
动静脉血管瘤,普外科
毛细血管瘤,外科
毛细血管瘤,普外科
艾滋病人的急...,外科
艾滋病人的急...,普外科
闭塞性血栓性脉管炎,外科
闭塞性血栓性脉管炎,普外科
鼻窦创伤,外科
鼻窦创伤,普外科
包涵体肌炎,外科
包涵体肌炎,普外科
并指畸形,外科
并指畸形,普外科
变应性血管炎,外科
变应性血管炎,普外科
白线疝,外科
白线疝,普外科
闭合性脑外伤,外科
闭合性脑外伤,普外科
半月线疝,外科
半月线疝,普外科
闭孔疝,外科
闭孔疝,普外科
创伤性休克,外科
创伤性休克,普外科
成人腹股沟斜疝,外科
成人腹股沟斜疝,普外科
出血性休克和...,外科
出血性休克和...,普外科
肠系膜上动脉...,外科
肠系膜上动脉...,普外科
残胃平滑肌肉瘤,外科
残胃平滑肌肉瘤,普外科
肠石性肠梗阻,外科
肠石性肠梗阻,普外科
肠系膜裂孔疝,外科
肠系膜裂孔疝,普外科
肠扭转综合征,外科
肠扭转综合征,普外科
藏毛窦和藏毛囊肿,外科
藏毛窦和藏毛囊肿,普外科
肠系膜动脉瘤,外科
肠系膜动脉瘤,普外科
肠结,外科
肠结,普外科
虫证,外科
虫证,普外科
胆管肿瘤,外科
胆管肿瘤,普外科
大隐静脉曲张,外科
大隐静脉曲张,普外科
短肠综合征,外科
短肠综合征,普外科
胆肠内引流术后内疝,外科
胆肠内引流术后内疝,普外科
大网膜囊肿,外科
大网膜囊肿,普外科
钝挫伤,外科
钝挫伤,普外科
胆石性肠梗阻,外科
胆石性肠梗阻,普外科
第Ⅳ型脊髓血管畸形,外科
第Ⅳ型脊髓血管畸形,普外科
第Ⅱ、Ⅲ型脊...,外科
第Ⅱ、Ⅲ型脊...,普外科
多乳房,外科
多乳房,普外科
第Ⅰ型脊髓血管畸形,外科
第Ⅰ型脊髓血管畸形,普外科
腹股沟疝,外科
腹股沟疝,普外科
腹壁切口疝,外科
腹壁切口疝,普外科
腹腔室隔综合征,外科
腹腔室隔综合征,普外科
腹内疝,外科
腹内疝,普外科
腹膜后纤维化,外科
腹膜后纤维化,普外科
腹壁硬纤维瘤,外科
腹壁硬纤维瘤,普外科
腹股沟滑动性疝,外科
腹股沟滑动性疝,普外科
腹股沟滑动疝,外科
腹股沟滑动疝,普外科
腹腔干动脉瘤,外科
腹腔干动脉瘤,普外科
腹膜后疝,外科
腹膜后疝,普外科
腹直肌鞘内血肿,外科
腹直肌鞘内血肿,普外科
腹直肌自发性破裂,外科
腹直肌自发性破裂,普外科
膈上食管憩室,外科
膈上食管憩室,普外科
股疝,外科
股疝,普外科
髋关节滑囊炎,外科
髋关节滑囊炎,普外科
?N动脉破裂,外科
?N动脉破裂,普外科
肛门异物感,外科
肛门异物感,普外科
股动脉瘤,外科
股动脉瘤,普外科
?N动脉损伤,外科
?N动脉损伤,普外科
?N动脉瘤,外科
?N动脉瘤,普外科
?N血管陷迫综合征,外科
?N血管陷迫综合征,普外科
高镁血症,外科
高镁血症,普外科
髂静脉压迫综合征,外科
髂静脉压迫综合征,普外科
混合血管瘤,外科
混合血管瘤,普外科
坏疽性脓皮症,外科
坏疽性脓皮症,普外科
坏死性肠炎,外科
坏死性肠炎,普外科
环形胰腺,外科
环形胰腺,普外科
坏死性脉管炎,外科
坏死性脉管炎,普外科
喉部钝挫伤,外科
喉部钝挫伤,普外科
会阴疝,外科
会阴疝,普外科
环咽肌失弛缓症,外科
环咽肌失弛缓症,普外科
胡桃夹食管,外科
胡桃夹食管,普外科
蛔虫性肠梗阻,外科
蛔虫性肠梗阻,普外科
横结肠扭转,外科
横结肠扭转,普外科
甲状腺肿瘤,外科
甲状腺肿瘤,普外科
棘间韧带损伤,外科
棘间韧带损伤,普外科
结直肠损伤,外科
结直肠损伤,普外科
结节性硬化,外科
结节性硬化,普外科
结肠血管扩张症,外科
结肠血管扩张症,普外科
结肠息肉和息肉病,外科
结肠息肉和息肉病,普外科
结直肠血管瘤,外科
结直肠血管瘤,普外科
甲亢眼突,外科
甲亢眼突,普外科
经腹会阴直肠...,外科
经腹会阴直肠...,普外科
颈静脉球瘤,外科
颈静脉球瘤,普外科
溃疡病急性穿孔,外科
溃疡病急性穿孔,普外科
开放性脑外伤,外科
开放性脑外伤,普外科
开放性手外伤,外科
开放性手外伤,普外科
口腔血管瘤,外科
口腔血管瘤,普外科
克雷氏骨折,外科
克雷氏骨折,普外科
开放性骨折,外科
开放性骨折,普外科
淋巴病,外科
淋巴病,普外科
颅骨骨折,外科
颅骨骨折,普外科
老年人大肠肿瘤,外科
老年人大肠肿瘤,普外科
雷诺氏病,外科
雷诺氏病,普外科
淋巴水肿,外科
淋巴水肿,普外科
阑尾炎,外科
阑尾炎,普外科
老人腹股沟斜疝,外科
老人腹股沟斜疝,普外科
淋球菌性腹膜炎,外科
淋球菌性腹膜炎,普外科
老年人假膜性...,外科
老年人假膜性...,普外科
老年人急性阑尾炎,外科
老年人急性阑尾炎,普外科
老年人急腹症,外科
老年人急腹症,普外科
蓝氏贾第鞭毛虫病,外科
蓝氏贾第鞭毛虫病,普外科
慢性乳腺炎,外科
慢性乳腺炎,普外科
慢性腰部劳损,外科
慢性腰部劳损,普外科
蔓状血管瘤,外科
蔓状血管瘤,普外科
镁缺乏症,外科
镁缺乏症,普外科
盲肠阿米巴肉芽肿,外科
盲肠阿米巴肉芽肿,普外科
脉管畸形,外科
脉管畸形,普外科
麻痹性肠梗阻,外科
麻痹性肠梗阻,普外科
毛细血管或静...,外科
毛细血管或静...,普外科
盲肠旁疝,外科
盲肠旁疝,普外科
盲肠扭转,外科
盲肠扭转,普外科
脓胸,外科
脓胸,普外科
内脏动脉慢性闭塞,外科
内脏动脉慢性闭塞,普外科
粘连性肠梗阻,外科
粘连性肠梗阻,普外科
脓性指头炎,外科
脓性指头炎,普外科
脑动静脉畸形,外科
脑动静脉畸形,普外科
脓肿,外科
脓肿,普外科
男性青春期乳房发育,外科
男性青春期乳房发育,普外科
脑回状颅皮,外科
脑回状颅皮,普外科
皮下脂肪瘤,外科
皮下脂肪瘤,普外科
脾梗死,外科
脾梗死,普外科
脾-肝综合征,外科
脾-肝综合征,普外科
脾脏转移性肿瘤,外科
脾脏转移性肿瘤,普外科
盆底腹膜疝,外科
盆底腹膜疝,普外科
脾脏原发性恶性肿瘤,外科
脾脏原发性恶性肿瘤,普外科
脾囊肿,外科
脾囊肿,普外科
脾动脉瘤,外科
脾动脉瘤,普外科
皮样表皮样囊肿,外科
皮样表皮样囊肿,普外科
盆腔脓肿,外科
盆腔脓肿,普外科
贲门黏膜撕裂综合征,外科
贲门黏膜撕裂综合征,普外科
膀胱上内疝,外科
膀胱上内疝,普外科
脐炎,外科
脐炎,普外科
全身化脓性感染,外科
全身化脓性感染,普外科
气性坏疽,外科
气性坏疽,普外科
气压伤,外科
气压伤,普外科
切除术后内疝,外科
切除术后内疝,普外科
丘疹性血管增生,外科
丘疹性血管增生,普外科
嵌顿性腹股沟斜疝,外科
嵌顿性腹股沟斜疝,普外科
脐疝,外科
脐疝,普外科
脐部脐肠系膜管息肉,外科
脐部脐肠系膜管息肉,普外科
缺水和缺钠,外科
缺水和缺钠,普外科
躯体性神经病,外科
躯体性神经病,普外科
气管及食管异物,外科
气管及食管异物,普外科
乳头炎和乳晕炎,外科
乳头炎和乳晕炎,普外科
乳腺错构瘤,外科
乳腺错构瘤,普外科
乳腺湿疹样癌,外科
乳腺湿疹样癌,普外科
妊娠期合并急...,外科
妊娠期合并急...,普外科
乳房缺少症,外科
乳房缺少症,普外科
乳糜腹,外科
乳糜腹,普外科
乳腺增生,外科
乳腺增生,普外科
乳房猪囊尾蚴病,外科
乳房猪囊尾蚴病,普外科
桡骨骨折,外科
桡骨骨折,普外科
乳头皲裂,外科
乳头皲裂,普外科
生殖道感染,外科
生殖道感染,普外科
水疝,外科
水疝,普外科
手腕扭伤,外科
手腕扭伤,普外科
食管内异物,外科
食管内异物,普外科
手术后膈疝,外科
手术后膈疝,普外科
锁骨下动脉-...,外科
锁骨下动脉-...,普外科
四肢血栓性浅静脉炎,外科
四肢血栓性浅静脉炎,普外科
四肢血管损伤,外科
四肢血管损伤,普外科
上肢深静脉血栓形成,外科
上肢深静脉血栓形成,普外科
食管壁内憩室,外科
食管壁内憩室,普外科
食管受压性吞咽困难,外科
食管受压性吞咽困难,普外科
食管息肉,外科
食管息肉,普外科
臀肌挛缩症,外科
臀肌挛缩症,普外科
特发性腹膜后纤维化,外科
特发性腹膜后纤维化,普外科
头皮感染,外科
头皮感染,普外科
头外伤,外科
头外伤,普外科
吞入异物,外科
吞入异物,普外科
特发性大网膜...,外科
特发性大网膜...,普外科
胃溃疡出血,外科
胃溃疡出血,普外科
胃脂肪瘤,外科
胃脂肪瘤,普外科
外伤性乳房脂肪坏死,外科
外伤性乳房脂肪坏死,普外科
网膜扭转,外科
网膜扭转,普外科
外伤性腹膜后...,外科
外伤性腹膜后...,普外科
外伤性脾破裂,外科
外伤性脾破裂,普外科
外伤性乳房血肿,外科
外伤性乳房血肿,普外科
胃恶性淋巴瘤,外科
胃恶性淋巴瘤,普外科
胃隔膜,外科
胃隔膜,普外科
胃畸胎瘤,外科
胃畸胎瘤,普外科
胃食管反流病,外科
胃食管反流病,普外科
下肢动脉硬化闭塞症,外科
下肢动脉硬化闭塞症,普外科
先天性肠旋转不良,外科
先天性肠旋转不良,普外科
锌缺乏病,外科
锌缺乏病,普外科
下肢淋巴水肿,外科
下肢淋巴水肿,普外科
下肢交通静脉...,外科
下肢交通静脉...,普外科
小肠血管瘤,外科
小肠血管瘤,普外科
血管肉瘤,外科
血管肉瘤,普外科
血栓性浅静脉炎,外科
血栓性浅静脉炎,普外科
先天性动静脉瘘,外科
先天性动静脉瘘,普外科
小儿口腔溃疡,外科
小儿口腔溃疡,普外科
腰疝,外科
腰疝,普外科
疣状血管瘤,外科
疣状血管瘤,普外科
原发性十二指...,外科
原发性十二指...,普外科
阴缩,外科
阴缩,普外科
胰腺外伤,外科
胰腺外伤,普外科
原发性下肢静...,外科
原发性下肢静...,普外科
眼眶内海绵状血管瘤,外科
眼眶内海绵状血管瘤,普外科
腰肌劳损,外科
腰肌劳损,普外科
厌氧菌感染,外科
厌氧菌感染,普外科
咽部机械性创伤,外科
咽部机械性创伤,普外科
腰腿痛,外科
腰腿痛,普外科
原发性腹膜癌,外科
原发性腹膜癌,普外科
植物人,外科
植物人,普外科
增殖体肥大,外科
增殖体肥大,普外科
坐骨疝,外科
坐骨疝,普外科
痔核,外科
痔核,普外科
子宫切除术后会阴疝,外科
子宫切除术后会阴疝,普外科
直接型颈动脉...,外科
直接型颈动脉...,普外科
脂肪瘤,外科
脂肪瘤,普外科
造口旁疝,外科
造口旁疝,普外科
直肠脱垂直肠壁内疝,外科
直肠脱垂直肠壁内疝,普外科
主动脉肠道瘘,外科
主动脉肠道瘘,普外科
自发性腹膜后...,外科
自发性腹膜后...,普外科
自发性食管破裂,外科
自发性食管破裂,普外科
肋软骨炎,外科
肋软骨炎,心胸外科
乳腺疾病,外科
乳腺疾病,心胸外科
弥漫性胸膜间皮瘤,外科
弥漫性胸膜间皮瘤,心胸外科
乳糜胸,外科
乳糜胸,心胸外科
空气栓塞,外科
空气栓塞,心胸外科
张力性气胸,外科
张力性气胸,心胸外科
胸腺癌,外科
胸腺癌,心胸外科
胸壁深部软组织感染,外科
胸壁深部软组织感染,心胸外科
肺泡癌,外科
肺泡癌,心胸外科
肺不发育或发育不全,外科
肺不发育或发育不全,心胸外科
先天性胸骨后膈疝,外科
先天性胸骨后膈疝,心胸外科
胸壁软组织肿瘤,外科
胸壁软组织肿瘤,心胸外科
闭合性气胸,外科
闭合性气胸,心胸外科
创伤性气管及...,外科
创伤性气管及...,心胸外科
穿透性心脏外伤,外科
穿透性心脏外伤,心胸外科
创伤性窒息,外科
创伤性窒息,心胸外科
创伤性气胸,外科
创伤性气胸,心胸外科
创伤性血胸,外科
创伤性血胸,心胸外科
创伤窒息综合征,外科
创伤窒息综合征,心胸外科
创伤性膈疝,外科
创伤性膈疝,心胸外科
动脉硬化性闭塞症,外科
动脉硬化性闭塞症,心胸外科
单心室,外科
单心室,心胸外科
单心房,外科
单心房,心胸外科
多瓣膜病,外科
多瓣膜病,心胸外科
单侧肺气肿,外科
单侧肺气肿,心胸外科
胆固醇脓胸,外科
胆固醇脓胸,心胸外科
二尖瓣狭窄,外科
二尖瓣狭窄,心胸外科
恶性胸腔积液,外科
恶性胸腔积液,心胸外科
肺损伤,外科
肺损伤,心胸外科
房间隔缺损,外科
房间隔缺损,心胸外科
肺棘球蚴病,外科
肺棘球蚴病,心胸外科
副神经节起源的肿瘤,外科
副神经节起源的肿瘤,心胸外科
腹主动脉动脉瘤破裂,外科
腹主动脉动脉瘤破裂,心胸外科
肺动脉发育不全,外科
肺动脉发育不全,心胸外科
肺隔离症,外科
肺隔离症,心胸外科
肺疝,外科
肺疝,心胸外科
法洛三联症,外科
法洛三联症,心胸外科
肺爆震伤,外科
肺爆震伤,心胸外科
膈疝,外科
膈疝,心胸外科
膈扑动,外科
膈扑动,心胸外科
膈下食管憩室,外科
膈下食管憩室,心胸外科
感染性腹主动脉瘤,外科
感染性腹主动脉瘤,心胸外科
冠状动脉终止异常,外科
冠状动脉终止异常,心胸外科
冠状动脉异位起源,外科
冠状动脉异位起源,心胸外科
膈先天性缺损,外科
膈先天性缺损,心胸外科
感染性肋软骨炎,外科
感染性肋软骨炎,心胸外科
膈肌膨出,外科
膈肌膨出,心胸外科
滑脱性肋骨综合征,外科
滑脱性肋骨综合征,心胸外科
后天性三尖瓣...,外科
后天性三尖瓣...,心胸外科
喉气管食管裂,外科
喉气管食管裂,心胸外科
急性心肌梗死,外科
急性心肌梗死,心胸外科
鸡胸,外科
鸡胸,心胸外科
矫正型大动脉错位,外科
矫正型大动脉错位,心胸外科
继发性纵隔感染,外科
继发性纵隔感染,心胸外科
急性脓胸,外科
急性脓胸,心胸外科
经膈肌肋间疝,外科
经膈肌肋间疝,心胸外科
军刀综合征,外科
军刀综合征,心胸外科
局限性胸膜间皮瘤,外科
局限性胸膜间皮瘤,心胸外科
开放性气胸,外科
开放性气胸,心胸外科
联合瓣膜病变,外科
联合瓣膜病变,心胸外科
漏斗胸,外科
漏斗胸,心胸外科
老年人先天性...,外科
老年人先天性...,心胸外科
老年人主动脉...,外科
老年人主动脉...,心胸外科
老年人主动脉瘤,外科
老年人主动脉瘤,心胸外科
老年人自发性气胸,外科
老年人自发性气胸,心胸外科
肋骨骨髓炎,外科
肋骨骨髓炎,心胸外科
慢性缩窄性心包炎,外科
慢性缩窄性心包炎,心胸外科
慢性脓胸,外科
慢性脓胸,心胸外科
弥漫性恶性间皮瘤,外科
弥漫性恶性间皮瘤,心胸外科
弥漫性食管壁内憩室,外科
弥漫性食管壁内憩室,心胸外科
Nezelo...,外科
Nezelo...,心胸外科
器械性食管损伤,外科
器械性食管损伤,心胸外科
气管闭合性损伤,外科
气管闭合性损伤,心胸外科
气管先天性疾病,外科
气管先天性疾病,心胸外科
气管、支气管狭窄,外科
气管、支气管狭窄,心胸外科
气管支气管异物,外科
气管支气管异物,心胸外科
气管及支气管...,外科
气管及支气管...,心胸外科
气管梗阻,外科
气管梗阻,心胸外科
缩窄性心包炎,外科
缩窄性心包炎,心胸外科
三尖瓣狭窄,外科
三尖瓣狭窄,心胸外科
食管念珠菌感染,外科
食管念珠菌感染,心胸外科
神经鞘源性肿瘤,外科
神经鞘源性肿瘤,心胸外科
食管裂孔疝,外科
食管裂孔疝,心胸外科
食管损伤,外科
食管损伤,心胸外科
食管瘢痕性狭窄,外科
食管瘢痕性狭窄,心胸外科
食管破裂,外科
食管破裂,心胸外科
食管憩室,外科
食管憩室,心胸外科
食管失弛缓症,外科
食管失弛缓症,心胸外科
食管异物,外科
食管异物,心胸外科
三房心,外科
三房心,心胸外科
完全性肺静脉...,外科
完全性肺静脉...,心胸外科
完全性大动脉错位,外科
完全性大动脉错位,心胸外科
外伤性乳糜胸,外科
外伤性乳糜胸,心胸外科
无菌性肋软骨炎,外科
无菌性肋软骨炎,心胸外科
胸膜间皮瘤,外科
胸膜间皮瘤,心胸外科
血胸,外科
血胸,心胸外科
胸骨骨髓炎,外科
胸骨骨髓炎,心胸外科
胸骨裂,外科
胸骨裂,心胸外科
胸廓出口综合征,外科
胸廓出口综合征,心胸外科
胸廓畸形,外科
胸廓畸形,心胸外科
心内膜垫缺损,外科
心内膜垫缺损,心胸外科
胸腺类癌,外科
胸腺类癌,心胸外科
炎症性腹主动脉瘤,外科
炎症性腹主动脉瘤,心胸外科
咽部及颈部食...,外科
咽部及颈部食...,心胸外科
右心室双出口,外科
右心室双出口,心胸外科
原发性纵隔感染,外科
原发性纵隔感染,心胸外科
咽食管憩室,外科
咽食管憩室,心胸外科
医源性气管及...,外科
医源性气管及...,心胸外科
异物性食管穿孔,外科
异物性食管穿孔,心胸外科
支气管肺隔离症,外科
支气管肺隔离症,心胸外科
支气管源性囊肿,外科
支气管源性囊肿,心胸外科
自发性血胸,外科
自发性血胸,心胸外科
纵隔神经鞘源性肿瘤,外科
纵隔神经鞘源性肿瘤,心胸外科
纵隔疝,外科
纵隔疝,心胸外科
支气管结石症,外科
支气管结石症,心胸外科
纵隔畸胎瘤,外科
纵隔畸胎瘤,心胸外科
纵隔霍奇金淋巴瘤,外科
纵隔霍奇金淋巴瘤,心胸外科
主动脉口狭窄,外科
主动脉口狭窄,心胸外科
纵隔非霍奇金...,外科
纵隔非霍奇金...,心胸外科
自发性气胸,外科
自发性气胸,心胸外科
胆管结石,外科
胆管结石,肝胆外科
胆囊息肉样病变,外科
胆囊息肉样病变,肝胆外科
胆囊囊肿,外科
胆囊囊肿,肝胆外科
黄疸性肝炎,外科
黄疸性肝炎,肝胆外科
先天性肝内胆...,外科
先天性肝内胆...,肝胆外科
胰腺肉瘤,外科
胰腺肉瘤,肝胆外科
急性胆管炎,外科
急性胆管炎,肝胆外科
肝结石,外科
肝结石,肝胆外科
急性梗阻性化...,外科
急性梗阻性化...,肝胆外科
老年人胆囊癌,外科
老年人胆囊癌,肝胆外科
老年人急性胰腺炎,外科
老年人急性胰腺炎,肝胆外科
胆道结石,外科
胆道结石,肝胆外科
胆囊腺肌增生病,外科
胆囊腺肌增生病,肝胆外科
胆囊-结肠肝...,外科
胆囊-结肠肝...,肝胆外科
胆道癌,外科
胆道癌,肝胆外科
胆道肿瘤,外科
胆道肿瘤,肝胆外科
胆囊息肉,外科
胆囊息肉,肝胆外科
胆总管结石,外科
胆总管结石,肝胆外科
胆囊平滑肌肉瘤,外科
胆囊平滑肌肉瘤,肝胆外科
胆囊良性肿瘤,外科
胆囊良性肿瘤,肝胆外科
乏特壶腹周围癌,外科
乏特壶腹周围癌,肝胆外科
肝外胆管损伤,外科
肝外胆管损伤,肝胆外科
肝血管瘤,外科
肝血管瘤,肝胆外科
肝性血卟啉病综合征,外科
肝性血卟啉病综合征,肝胆外科
肝内胆管结石,外科
肝内胆管结石,肝胆外科
肝母细胞瘤,外科
肝母细胞瘤,肝胆外科
功能性胃肠病,外科
功能性胃肠病,肝胆外科
环状胰腺,外科
环状胰腺,肝胆外科
急性化脓性胆管炎,外科
急性化脓性胆管炎,肝胆外科
急性结石性胆囊炎,外科
急性结石性胆囊炎,肝胆外科
急性出血坏死...,外科
急性出血坏死...,肝胆外科
门静脉血栓形成,外科
门静脉血栓形成,肝胆外科
Rotor综合征,外科
Rotor综合征,肝胆外科
外伤性胆管损伤,外科
外伤性胆管损伤,肝胆外科
先天性胆管囊状扩张,外科
先天性胆管囊状扩张,肝胆外科
胰腺异位,外科
胰腺异位,肝胆外科
医源性胆管损伤,外科
医源性胆管损伤,肝胆外科
原发性硬化性胆管炎,外科
原发性硬化性胆管炎,肝胆外科
异位胰腺,外科
异位胰腺,肝胆外科
胰腺脓肿,外科
胰腺脓肿,肝胆外科
胰腺瘘,外科
胰腺瘘,肝胆外科
胰高血糖素瘤,外科
胰高血糖素瘤,肝胆外科
肾盂旁囊肿,外科
肾盂旁囊肿,泌尿外科
前列腺病,外科
前列腺病,泌尿外科
男假两性畸形,外科
男假两性畸形,泌尿外科
急性尿道炎,外科
急性尿道炎,泌尿外科
马蹄形肾,外科
马蹄形肾,泌尿外科
睾丸囊肿,外科
睾丸囊肿,泌尿外科
滴虫性尿道炎,外科
滴虫性尿道炎,泌尿外科
泌尿生殖系放线菌病,外科
泌尿生殖系放线菌病,泌尿外科
肾钙乳,外科
肾钙乳,泌尿外科
泌尿系结石,外科
泌尿系结石,泌尿外科
霉菌性尿道炎,外科
霉菌性尿道炎,泌尿外科
阴囊癌,外科
阴囊癌,泌尿外科
膀胱鳞状细胞癌,外科
膀胱鳞状细胞癌,泌尿外科
胞痹,外科
胞痹,泌尿外科
出血性膀胱炎,外科
出血性膀胱炎,泌尿外科
成人多囊肾,外科
成人多囊肾,泌尿外科
重复肾盂输尿管畸形,外科
重复肾盂输尿管畸形,泌尿外科
单纯肾异位,外科
单纯肾异位,泌尿外科
多肾盏畸形,外科
多肾盏畸形,泌尿外科
单侧肾缺如,外科
单侧肾缺如,泌尿外科
单纯性肾囊肿,外科
单纯性肾囊肿,泌尿外科
额外肾,外科
额外肾,泌尿外科
非淋菌性尿道炎,外科
非淋菌性尿道炎,泌尿外科
非肾上腺素增...,外科
非肾上腺素增...,泌尿外科
睾丸下降不全,外科
睾丸下降不全,泌尿外科
梗阻性肾病,外科
梗阻性肾病,泌尿外科
后尿道瓣膜,外科
后尿道瓣膜,泌尿外科
合并马蹄肾的...,外科
合并马蹄肾的...,泌尿外科
精索恶性肿瘤,外科
精索恶性肿瘤,泌尿外科
精囊恶性肿瘤,外科
精囊恶性肿瘤,泌尿外科
交叉性异位肾,外科
交叉性异位肾,泌尿外科
急性膀胱炎,外科
急性膀胱炎,泌尿外科
结核性膀胱挛缩,外科
结核性膀胱挛缩,泌尿外科
结核性膀胱自发破裂,外科
结核性膀胱自发破裂,泌尿外科
淋菌性尿道炎,外科
淋菌性尿道炎,泌尿外科
老年人泌尿系统感染,外科
老年人泌尿系统感染,泌尿外科
老年人前列腺增生症,外科
老年人前列腺增生症,泌尿外科
老年人膀胱癌,外科
老年人膀胱癌,泌尿外科
老年人泌尿系结石,外科
老年人泌尿系结石,泌尿外科
老年人尿失禁,外科
老年人尿失禁,泌尿外科
老年女性膀胱颈梗阻,外科
老年女性膀胱颈梗阻,泌尿外科
老年人前列腺癌,外科
老年人前列腺癌,泌尿外科
老年人梗阻性肾病,外科
老年人梗阻性肾病,泌尿外科
泌尿生殖系滴虫病,外科
泌尿生殖系滴虫病,泌尿外科
泌尿生殖系棘球蚴病,外科
泌尿生殖系棘球蚴病,泌尿外科
泌尿生殖系血吸虫病,外科
泌尿生殖系血吸虫病,泌尿外科
泌尿道肿瘤,外科
泌尿道肿瘤,泌尿外科
泌尿生殖系阿米巴病,外科
泌尿生殖系阿米巴病,泌尿外科
慢性膀胱炎,外科
慢性膀胱炎,泌尿外科
泌尿生殖系损伤,外科
泌尿生殖系损伤,泌尿外科
泌尿生殖系真菌病,外科
泌尿生殖系真菌病,泌尿外科
尿路梗阻,外科
尿路梗阻,泌尿外科
尿道损伤,外科
尿道损伤,泌尿外科
尿道缺如及先...,外科
尿道缺如及先...,泌尿外科
尿道憩室,外科
尿道憩室,泌尿外科
尿道综合征,外科
尿道综合征,泌尿外科
尿道狭窄,外科
尿道狭窄,泌尿外科
尿道下裂,外科
尿道下裂,泌尿外科
尿道结石,外科
尿道结石,泌尿外科
尿路软斑症,外科
尿路软斑症,泌尿外科
尿潴留,外科
尿潴留,泌尿外科
尿道创伤,外科
尿道创伤,泌尿外科
膀胱湿热,外科
膀胱湿热,泌尿外科
膀胱囊肿,外科
膀胱囊肿,泌尿外科
膀胱脱垂,外科
膀胱脱垂,泌尿外科
膀胱憩室,外科
膀胱憩室,泌尿外科
膀胱结核,外科
膀胱结核,泌尿外科
膀胱嗜铬细胞瘤,外科
膀胱嗜铬细胞瘤,泌尿外科
膀胱平滑肌肉瘤,外科
膀胱平滑肌肉瘤,泌尿外科
膀胱输尿管反流,外科
膀胱输尿管反流,泌尿外科
膀胱不发育与...,外科
膀胱不发育与...,泌尿外科
膀胱损伤,外科
膀胱损伤,泌尿外科
膀胱颈挛缩,外科
膀胱颈挛缩,泌尿外科
膀胱外翻,外科
膀胱外翻,泌尿外科
脐尿管囊肿及...,外科
脐尿管囊肿及...,泌尿外科
前列腺炎,外科
前列腺炎,泌尿外科
前列腺增生,外科
前列腺增生,泌尿外科
前列腺脓肿,外科
前列腺脓肿,泌尿外科
气性膀胱炎,外科
气性膀胱炎,泌尿外科
脐尿管囊肿,外科
脐尿管囊肿,泌尿外科
鞘膜积液,外科
鞘膜积液,泌尿外科
脐尿管瘘,外科
脐尿管瘘,泌尿外科
前列腺结石,外科
前列腺结石,泌尿外科
肉芽肿性前列腺炎,外科
肉芽肿性前列腺炎,泌尿外科
乳糜尿,外科
乳糜尿,泌尿外科
肾上腺肿瘤,外科
肾上腺肿瘤,泌尿外科
肾周脓肿,外科
肾周脓肿,泌尿外科
输尿管炎,外科
输尿管炎,泌尿外科
输尿管肿瘤,外科
输尿管肿瘤,泌尿外科
肾动脉狭窄,外科
肾动脉狭窄,泌尿外科
肾积脓,外科
肾积脓,泌尿外科
肾上腺性征异常症,外科
肾上腺性征异常症,泌尿外科
肾损伤,外科
肾损伤,泌尿外科
肾创伤,外科
肾创伤,泌尿外科
肾上腺髓质功能亢进,外科
肾上腺髓质功能亢进,泌尿外科
泄殖腔外翻,外科
泄殖腔外翻,泌尿外科
先天性巨尿道症,外科
先天性巨尿道症,泌尿外科
先天性前尿道瓣膜,外科
先天性前尿道瓣膜,泌尿外科
先天性膀胱颈挛缩,外科
先天性膀胱颈挛缩,泌尿外科
先天性后尿道瘘,外科
先天性后尿道瘘,泌尿外科
先天性泌尿系畸形,外科
先天性泌尿系畸形,泌尿外科
胸内肾,外科
胸内肾,泌尿外科
下腔静脉后输尿管,外科
下腔静脉后输尿管,泌尿外科
先天性巨输尿管,外科
先天性巨输尿管,泌尿外科
压力性尿失禁,外科
压力性尿失禁,泌尿外科
阴茎结核,外科
阴茎结核,泌尿外科
原发性膀胱输...,外科
原发性膀胱输...,泌尿外科
阴茎阴囊象皮肿,外科
阴茎阴囊象皮肿,泌尿外科
阴茎硬结症,外科
阴茎硬结症,泌尿外科
遗尿,外科
遗尿,泌尿外科
阴囊丝虫病,外科
阴囊丝虫病,泌尿外科
重复膀胱,外科
重复膀胱,泌尿外科
重复尿道,外科
重复尿道,泌尿外科
真两性畸形,外科
真两性畸形,泌尿外科
冻伤,外科
冻伤,烧伤科
浸渍足,外科
浸渍足,烧伤科
外阴烧伤、烫...,外科
外阴烧伤、烫...,烧伤科
小儿触电与雷击,外科
小儿触电与雷击,烧伤科
触电,外科
触电,烧伤科
烧伤败血症,外科
烧伤败血症,烧伤科
电灼伤,外科
电灼伤,烧伤科
烧伤休克,外科
烧伤休克,烧伤科
烧伤,外科
烧伤,烧伤科
烧伤感染,外科
烧伤感染,烧伤科
热烧伤,外科
热烧伤,烧伤科
化学烧伤,外科
化学烧伤,烧伤科
电击伤,外科
电击伤,烧伤科
冻僵,外科
冻僵,烧伤科
电烧伤,外科
电烧伤,烧伤科
非冻结性冷伤,外科
非冻结性冷伤,烧伤科
烧伤后急性肾...,外科
烧伤后急性肾...,烧伤科
头皮及颅骨烧伤,外科
头皮及颅骨烧伤,烧伤科
咽喉烧伤及化学伤,外科
咽喉烧伤及化学伤,烧伤科
肛门息肉,外科
肛门息肉,肛肠科
肛肠疾病,外科
肛肠疾病,肛肠科
小肠炎,外科
小肠炎,肛肠科
肛乳头瘤,外科
肛乳头瘤,肛肠科
瘘疮,外科
瘘疮,肛肠科
肛管直肠周围脓肿,外科
肛管直肠周围脓肿,肛肠科
内痔,外科
内痔,肛肠科
外痔,外科
外痔,肛肠科
肛提肌综合征,外科
肛提肌综合征,肛肠科
肛周湿疹,外科
肛周湿疹,肛肠科
肛裂,外科
肛裂,肛肠科
会阴下降综合征,外科
会阴下降综合征,肛肠科
鞭虫病,外科
鞭虫病,肛肠科
耻骨直肠肌综合征,外科
耻骨直肠肌综合征,肛肠科
藏毛性疾病,外科
藏毛性疾病,肛肠科
肠癌,外科
肠癌,肛肠科
肠瘘,外科
肠瘘,肛肠科
大肠梗阻,外科
大肠梗阻,肛肠科
大便失禁,外科
大便失禁,肛肠科
粪类圆线虫病,外科
粪类圆线虫病,肛肠科
粪瘘,外科
粪瘘,肛肠科
肛门闭锁,外科
肛门闭锁,肛肠科
肛膜闭锁,外科
肛膜闭锁,肛肠科
肛管内括约肌...,外科
肛管内括约肌...,肛肠科
肛管损伤,外科
肛管损伤,肛肠科
肛门直肠周围脓肿,外科
肛门直肠周围脓肿,肛肠科
混合痔,外科
混合痔,肛肠科
结、直肠黑变病,外科
结、直肠黑变病,肛肠科
结肠粪性穿孔,外科
结肠粪性穿孔,肛肠科
结肠直肠损伤,外科
结肠直肠损伤,肛肠科
结肠瘘,外科
结肠瘘,肛肠科
结肠脂肪瘤,外科
结肠脂肪瘤,肛肠科
切口疝,外科
切口疝,肛肠科
哨兵痔,外科
哨兵痔,肛肠科
先天性直肠肛门畸形,外科
先天性直肠肛门畸形,肛肠科
先天性直肠与...,外科
先天性直肠与...,肛肠科
先天性肛门直肠狭窄,外科
先天性肛门直肠狭窄,肛肠科
先天性肛门直肠畸形,外科
先天性肛门直肠畸形,肛肠科
直肠损伤,外科
直肠损伤,肛肠科
直肠内套叠,外科
直肠内套叠,肛肠科
直肠膨出,外科
直肠膨出,肛肠科
直肠闭锁,外科
直肠闭锁,肛肠科
直肠阴道瘘,外科
直肠阴道瘘,肛肠科
痔疮,外科
痔疮,肛肠科
直肠息肉,外科
直肠息肉,肛肠科
直肠前突,外科
直肠前突,肛肠科
直肠重复畸形,外科
直肠重复畸形,肛肠科
坐骨直肠窝脓肿,外科
坐骨直肠窝脓肿,肛肠科
直肠内异物,外科
直肠内异物,肛肠科
直肠脱垂,外科
直肠脱垂,肛肠科
跟痛症,外科
跟痛症,骨外科
筋膜炎,外科
筋膜炎,骨外科
骨膜炎,外科
骨膜炎,骨外科
骶髂关节炎,外科
骶髂关节炎,骨外科
骨癌,外科
骨癌,骨外科
腰椎病,外科
腰椎病,骨外科
椎管狭窄,外科
椎管狭窄,骨外科
骨结核,外科
骨结核,骨外科
跟腱炎,外科
跟腱炎,骨外科
许莫氏结节,外科
许莫氏结节,骨外科
骨裂,外科
骨裂,骨外科
膝关节韧带损伤,外科
膝关节韧带损伤,骨外科
髌骨脱位,外科
髌骨脱位,骨外科
背肌筋膜炎,外科
背肌筋膜炎,骨外科
臂丛神经损伤,外科
臂丛神经损伤,骨外科
髌骨骨软骨病,外科
髌骨骨软骨病,骨外科
髌股关节疼痛,外科
髌股关节疼痛,骨外科
巴顿骨折,外科
巴顿骨折,骨外科
鼻骨骨折,外科
鼻骨骨折,骨外科
病理性骨折,外科
病理性骨折,骨外科
髌骨不稳定,外科
髌骨不稳定,骨外科
闭合性脊髓损伤,外科
闭合性脊髓损伤,骨外科
不安腿综合征,外科
不安腿综合征,骨外科
并发截瘫的脊柱结核,外科
并发截瘫的脊柱结核,骨外科
尺桡骨干双骨折,外科
尺桡骨干双骨折,骨外科
创伤性关节炎,外科
创伤性关节炎,骨外科
成人先天性髋...,外科
成人先天性髋...,骨外科
成人骨坏死,外科
成人骨坏死,骨外科
创伤性骨化性肌炎,外科
创伤性骨化性肌炎,骨外科
长骨骨干结核,外科
长骨骨干结核,骨外科
肠道感染后反...,外科
肠道感染后反...,骨外科
尺骨干骨折,外科
尺骨干骨折,骨外科
创伤性骨髓炎,外科
创伤性骨髓炎,骨外科
创伤性肩关节后脱位,外科
创伤性肩关节后脱位,骨外科
尺管综合征,外科
尺管综合征,骨外科
肠道短路关节...,外科
肠道短路关节...,骨外科
断指再植,外科
断指再植,骨外科
骶骼筋膜脂肪疝,外科
骶骼筋膜脂肪疝,骨外科
动脉瘤样骨囊肿,外科
动脉瘤样骨囊肿,骨外科
第一掌骨基底...,外科
第一掌骨基底...,骨外科
第1跖趾骨关节炎,外科
第1跖趾骨关节炎,骨外科
多发性骨骺发育异常,外科
多发性骨骺发育异常,骨外科
多肌腱末端病,外科
多肌腱末端病,骨外科
淀粉样变病和...,外科
淀粉样变病和...,骨外科
弹响肩胛,外科
弹响肩胛,骨外科
短骨骨干结核,外科
短骨骨干结核,骨外科
短腰畸形,外科
短腰畸形,骨外科
恶性骨肿瘤,外科
恶性骨肿瘤,骨外科
粉碎性骨折,外科
粉碎性骨折,骨外科
腓总神经损伤,外科
腓总神经损伤,骨外科
复发性多软骨炎,外科
复发性多软骨炎,骨外科
反应性关节炎,外科
反应性关节炎,骨外科
非淋球菌性细...,外科
非淋球菌性细...,骨外科
肥大性骨关节病,外科
肥大性骨关节病,骨外科
跗骨与周围关节结核,外科
跗骨与周围关节结核,骨外科
腓总神经卡压症,外科
腓总神经卡压症,骨外科
副神经损伤与卡压,外科
副神经损伤与卡压,骨外科
肥大性脊椎炎,外科
肥大性脊椎炎,骨外科
非结核性分枝...,外科
非结核性分枝...,骨外科
反射性交感神...,外科
反射性交感神...,骨外科
股四头肌肌腱断裂,外科
股四头肌肌腱断裂,骨外科
跟腱断裂,外科
跟腱断裂,骨外科
骨坏死,外科
骨坏死,骨外科
骨化性肌炎,外科
骨化性肌炎,骨外科
关节退行性变,外科
关节退行性变,骨外科
骨筋膜室综合症,外科
骨筋膜室综合症,骨外科
滑膜炎、痤疮...,外科
滑膜炎、痤疮...,骨外科
踝部扭伤,外科
踝部扭伤,骨外科
后十字韧带损伤,外科
后十字韧带损伤,骨外科
滑膜囊肿,外科
滑膜囊肿,骨外科
黄韧带骨化症,外科
黄韧带骨化症,骨外科
化脓性腱鞘炎,外科
化脓性腱鞘炎,骨外科
踝部急性韧带损伤,外科
踝部急性韧带损伤,骨外科
寰椎骨折脱位,外科
寰椎骨折脱位,骨外科
踝关节骨折,外科
踝关节骨折,骨外科
踝部骨折,外科
踝部骨折,骨外科
喙突胸小肌综合征,外科
喙突胸小肌综合征,骨外科
滑膜炎,外科
滑膜炎,骨外科
颈丛神经卡压症,外科
颈丛神经卡压症,骨外科
脊椎骨质增生,外科
脊椎骨质增生,骨外科
棘突滑囊炎,外科
棘突滑囊炎,骨外科
脊椎炎,外科
脊椎炎,骨外科
肩胛上神经卡压症,外科
肩胛上神经卡压症,骨外科
急性髌骨脱位,外科
急性髌骨脱位,骨外科
脊柱裂和有关畸形,外科
脊柱裂和有关畸形,骨外科
脊柱结核,外科
脊柱结核,骨外科
寄生虫性关节炎,外科
寄生虫性关节炎,骨外科
棘上韧带损伤,外科
棘上韧带损伤,骨外科
肌腱炎,外科
肌腱炎,骨外科
溃疡性结肠炎...,外科
溃疡性结肠炎...,骨外科
克罗恩病关节炎,外科
克罗恩病关节炎,骨外科
髋关节脱位,外科
髋关节脱位,骨外科
髋关节后脱位,外科
髋关节后脱位,骨外科
柯莱斯骨折,外科
柯莱斯骨折,骨外科
卡普兰综合征,外科
卡普兰综合征,骨外科
骶髂关节扭伤...,外科
骶髂关节扭伤...,骨外科
髋关节前脱位,外科
髋关节前脱位,骨外科
卡斯钦-贝克病,外科
卡斯钦-贝克病,骨外科
髋关节结核,外科
髋关节结核,骨外科
髋臼骨折,外科
髋臼骨折,骨外科
肋骨骨折,外科
肋骨骨折,骨外科
颅骨缺损,外科
颅骨缺损,骨外科
肋锁综合征,外科
肋锁综合征,骨外科
梨状肌综合征,外科
梨状肌综合征,骨外科
淋病性关节炎,外科
淋病性关节炎,骨外科
老年挛缩,外科
老年挛缩,骨外科
老年人骨质疏松,外科
老年人骨质疏松,骨外科
梨状肌症候群,外科
梨状肌症候群,骨外科
铝骨病,外科
铝骨病,骨外科
拇囊炎,外科
拇囊炎,骨外科
慢性创伤性滑囊炎,外科
慢性创伤性滑囊炎,骨外科
拇指掌指关节...,外科
拇指掌指关节...,骨外科
梅毒性关节炎,外科
梅毒性关节炎,骨外科
梅毒性骨软骨炎,外科
梅毒性骨软骨炎,骨外科
慢性劳损性腰背痛,外科
慢性劳损性腰背痛,骨外科
慢性颈部软组织损伤,外科
慢性颈部软组织损伤,骨外科
Morton跖头痛,外科
Morton跖头痛,骨外科
慢性腰背痛,外科
慢性腰背痛,骨外科
慢性血源性骨髓炎,外科
慢性血源性骨髓炎,骨外科
拇外翻,外科
拇外翻,骨外科
弥漫性特发性骨肥厚,外科
弥漫性特发性骨肥厚,骨外科
颞骨骨折,外科
颞骨骨折,骨外科
颞骨和下颔骨...,外科
颞骨和下颔骨...,骨外科
疲劳性骨折,外科
疲劳性骨折,骨外科
平底足,外科
平底足,骨外科
颧骨骨折,外科
颧骨骨折,骨外科
青年性驼背,外科
青年性驼背,骨外科
前纵韧带骨化症,外科
前纵韧带骨化症,骨外科
前十字韧带损伤,外科
前十字韧带损伤,骨外科
前骨间神经卡...,外科
前骨间神经卡...,骨外科
前臂动脉损伤,外科
前臂动脉损伤,骨外科
其他晶体性关节病,外科
其他晶体性关节病,骨外科
前斜角肌综合征,外科
前斜角肌综合征,骨外科
屈肌腱损伤,外科
屈肌腱损伤,骨外科
缺血性坏死,外科
缺血性坏死,骨外科
髂腹股沟神经干痛,外科
髂腹股沟神经干痛,骨外科
软组织损伤,外科
软组织损伤,骨外科
韧带炎,外科
韧带炎,骨外科
桡骨远端骨折,外科
桡骨远端骨折,骨外科
桡骨头骨折,外科
桡骨头骨折,骨外科
软骨外胚层发育不全,外科
软骨外胚层发育不全,骨外科
桡骨小头半脱位,外科
桡骨小头半脱位,骨外科
桡骨小头骨折,外科
桡骨小头骨折,骨外科
桡骨茎突骨折,外科
桡骨茎突骨折,骨外科
桡管综合征,外科
桡管综合征,骨外科
桡神经感觉支卡压,外科
桡神经感觉支卡压,骨外科
人工关节置换...,外科
人工关节置换...,骨外科
韧带损伤,外科
韧带损伤,骨外科
手指屈肌腱鞘炎,外科
手指屈肌腱鞘炎,骨外科
撕脱骨折,外科
撕脱骨折,骨外科
手外伤,外科
手外伤,骨外科
手部血管损伤,外科
手部血管损伤,骨外科
枢椎齿状突骨折,外科
枢椎齿状突骨折,骨外科
十字韧带损伤,外科
十字韧带损伤,骨外科
伸指肌腱损伤,外科
伸指肌腱损伤,骨外科
手部屈指肌腱损伤,外科
手部屈指肌腱损伤,骨外科
神经病性关节病,外科
神经病性关节病,骨外科
手部伸肌腱损伤,外科
手部伸肌腱损伤,骨外科
手部神经损伤,外科
手部神经损伤,骨外科
手指撕脱性骨折,外科
手指撕脱性骨折,骨外科
臀上皮神经干痛,外科
臀上皮神经干痛,骨外科
透析性骨关节病,外科
透析性骨关节病,骨外科
特发性股骨头坏死,外科
特发性股骨头坏死,骨外科
退变性骶髂关节炎,外科
退变性骶髂关节炎,骨外科
退行性黄韧带肥厚,外科
退行性黄韧带肥厚,骨外科
退变性关节病,外科
退变性关节病,骨外科
听小骨创伤,外科
听小骨创伤,骨外科
特发性脊柱侧凸,外科
特发性脊柱侧凸,骨外科
投掷骨折,外科
投掷骨折,骨外科
未分化脊柱关节病,外科
未分化脊柱关节病,骨外科
无脊髓损伤的...,外科
无脊髓损伤的...,骨外科
尾骨骨折与脱位,外科
尾骨骨折与脱位,骨外科
腕管综合征,外科
腕管综合征,骨外科
腕舟骨骨折,外科
腕舟骨骨折,骨外科
外伤性股骨头坏死,外科
外伤性股骨头坏死,骨外科
尾痛症,外科
尾痛症,骨外科
尾神经丛痛,外科
尾神经丛痛,骨外科
维生素D依赖...,外科
维生素D依赖...,骨外科
腕舟状骨骨折,外科
腕舟状骨骨折,骨外科
维生素A中毒症,外科
维生素A中毒症,骨外科
腕关节结核,外科
腕关节结核,骨外科
膝关节脱位,外科
膝关节脱位,骨外科
胸椎病,外科
胸椎病,骨外科
小腿动脉损伤,外科
小腿动脉损伤,骨外科
膝关节侧副韧带损伤,外科
膝关节侧副韧带损伤,骨外科
膝关节内侧副...,外科
膝关节内侧副...,骨外科
胸椎间盘突出症,外科
胸椎间盘突出症,骨外科
膝关节损伤,外科
膝关节损伤,骨外科
膝外翻,外科
膝外翻,骨外科
膝内翻,外科
膝内翻,骨外科
先天性尺桡骨性连接,外科
先天性尺桡骨性连接,骨外科
腰椎骨折,外科
腰椎骨折,骨外科
乙型肝炎病毒...,外科
乙型肝炎病毒...,骨外科
腰椎滑脱,外科
腰椎滑脱,骨外科
腰椎椎管狭窄症,外科
腰椎椎管狭窄症,骨外科
腰椎结核,外科
腰椎结核,骨外科
硬化性骨髓炎,外科
硬化性骨髓炎,骨外科
腰椎退变性小...,外科
腰椎退变性小...,骨外科
腰椎间盘突出,外科
腰椎间盘突出,骨外科
腰部峡部崩裂...,外科
腰部峡部崩裂...,骨外科
移行脊椎,外科
移行脊椎,骨外科
腰部慢性劳损,外科
腰部慢性劳损,骨外科
足部骨折,外科
足部骨折,骨外科
椎动脉型颈椎病,外科
椎动脉型颈椎病,骨外科
足外翻,外科
足外翻,骨外科
灼性神经痛,外科
灼性神经痛,骨外科
增生性骨关节病,外科
增生性骨关节病,骨外科
椎体骨软骨病,外科
椎体骨软骨病,骨外科
肘外翻,外科
肘外翻,骨外科
掌侧化脓性腱...,外科
掌侧化脓性腱...,骨外科
脂肪栓塞综合征,外科
脂肪栓塞综合征,骨外科
坐骨神经盆腔...,外科
坐骨神经盆腔...,骨外科
周围性软骨肉瘤,外科
周围性软骨肉瘤,骨外科
排卵期出血,妇产科
排卵期出血,妇科
妇科炎症,妇产科
妇科炎症,妇科
妇科病,妇产科
妇科病,妇科
宫颈湿疣,妇产科
宫颈湿疣,妇科
宫颈癌前病变,妇产科
宫颈癌前病变,妇科
子宫内膜厚,妇产科
子宫内膜厚,妇科
盆腔疾病,妇产科
盆腔疾病,妇科
子宫囊肿,妇产科
子宫囊肿,妇科
绝经后子宫颈癌,妇产科
绝经后子宫颈癌,妇科
外阴疖病,妇产科
外阴疖病,妇科
原发性痛经,妇产科
原发性痛经,妇科
绝经,妇产科
绝经,妇科
阿米巴性宫颈炎,妇产科
阿米巴性宫颈炎,妇科
阿米巴性阴道炎,妇产科
阿米巴性阴道炎,妇科
崩漏,妇产科
崩漏,妇科
闭经性头痛,妇产科
闭经性头痛,妇科
避孕后闭经综合征,妇产科
避孕后闭经综合征,妇科
闭经,妇产科
闭经,妇科
白带异常,妇产科
白带异常,妇科
产后劳伤,妇产科
产后劳伤,妇科
产后三冲,妇产科
产后三冲,妇科
产后伤食,妇产科
产后伤食,妇科
产后目病,妇产科
产后目病,妇科
处女膜闭锁,妇产科
处女膜闭锁,妇科
产后喘促,妇产科
产后喘促,妇科
初潮痛经,妇产科
初潮痛经,妇科
出血性输卵管炎,妇产科
出血性输卵管炎,妇科
持续性输卵管妊娠,妇产科
持续性输卵管妊娠,妇科
产后虚羸,妇产科
产后虚羸,妇科
单纯性外阴炎,妇产科
单纯性外阴炎,妇科
多囊卵巢综合征,妇产科
多囊卵巢综合征,妇科
滴虫性外阴炎,妇产科
滴虫性外阴炎,妇科
滴虫性阴道炎,妇产科
滴虫性阴道炎,妇科
多毛状小阴唇,妇产科
多毛状小阴唇,妇科
单纯性外阴阴...,妇产科
单纯性外阴阴...,妇科
单纯性乳腺增生症,妇产科
单纯性乳腺增生症,妇科
恶性葡萄胎,妇产科
恶性葡萄胎,妇科
非特异性外阴炎,妇产科
非特异性外阴炎,妇科
非器质性冷阴,妇产科
非器质性冷阴,妇科
妇科综合,妇产科
妇科综合,妇科
附件炎,妇产科
附件炎,妇科
复发性卵巢恶性肿瘤,妇产科
复发性卵巢恶性肿瘤,妇科
复发性外阴阴...,妇产科
复发性外阴阴...,妇科
妇科疾病,妇产科
妇科疾病,妇科
福克斯-阜太斯病,妇产科
福克斯-阜太斯病,妇科
非特异性阴道炎,妇产科
非特异性阴道炎,妇科
宫角妊娠,妇产科
宫角妊娠,妇科
宫颈疾病,妇产科
宫颈疾病,妇科
高催乳素血症,妇产科
高催乳素血症,妇科
宫颈肥大,妇产科
宫颈肥大,妇科
宫腔粘连,妇产科
宫腔粘连,妇科
功能失调性子...,妇产科
功能失调性子...,妇科
宫颈炎,妇产科
宫颈炎,妇科
蛲虫性阴道炎,妇产科
蛲虫性阴道炎,妇科
过敏性阴道炎,妇产科
过敏性阴道炎,妇科
宫颈复发癌,妇产科
宫颈复发癌,妇科
混合型阴道炎,妇产科
混合型阴道炎,妇科
黄体功能不全,妇产科
黄体功能不全,妇科
环状外阴炎,妇产科
环状外阴炎,妇科
黄体萎缩不全,妇产科
黄体萎缩不全,妇科
黄体血肿,妇产科
黄体血肿,妇科
化脓性盆腔血...,妇产科
化脓性盆腔血...,妇科
黄体囊肿,妇产科
黄体囊肿,妇科
绝经后子宫内膜癌,妇产科
绝经后子宫内膜癌,妇科
绝经期尿失禁,妇产科
绝经期尿失禁,妇科
急性阴道炎,妇产科
急性阴道炎,妇科
绝经期尿路感染,妇产科
绝经期尿路感染,妇科
继发性女阴过度角化,妇产科
继发性女阴过度角化,妇科
绝经后卵巢恶性肿瘤,妇产科
绝经后卵巢恶性肿瘤,妇科
假麦格综合征,妇产科
假麦格综合征,妇科
绝经期盆腔脏器脱垂,妇产科
绝经期盆腔脏器脱垂,妇科
间质膀胱炎局...,妇产科
间质膀胱炎局...,妇科
绝经后骨质疏松,妇产科
绝经后骨质疏松,妇科
卵巢功能异常综合征,妇产科
卵巢功能异常综合征,妇科
卵巢黄体囊肿破裂,妇产科
卵巢黄体囊肿破裂,妇科
卵巢性不孕,妇产科
卵巢性不孕,妇科
卵巢宫内膜样肿瘤,妇产科
卵巢宫内膜样肿瘤,妇科
卵巢纤维瘤,妇产科
卵巢纤维瘤,妇科
卵巢囊肿蒂扭转,妇产科
卵巢囊肿蒂扭转,妇科
卵巢巧克力囊肿破裂,妇产科
卵巢巧克力囊肿破裂,妇科
卵巢颗粒细胞瘤,妇产科
卵巢颗粒细胞瘤,妇科
卵巢支持-间...,妇产科
卵巢支持-间...,妇科
卵泡腺细胞增...,妇产科
卵泡腺细胞增...,妇科
卵巢肌肉来源肿瘤,妇产科
卵巢肌肉来源肿瘤,妇科
卵巢纤维组织...,妇产科
卵巢纤维组织...,妇科
麦格综合征,妇产科
麦格综合征,妇科
免疫性不孕,妇产科
免疫性不孕,妇科
慢性宫颈炎,妇产科
慢性宫颈炎,妇科
霉菌性外阴炎,妇产科
霉菌性外阴炎,妇科
慢性子宫内膜炎,妇产科
慢性子宫内膜炎,妇科
慢性输卵管卵巢炎,妇产科
慢性输卵管卵巢炎,妇科
霉菌性阴道炎,妇产科
霉菌性阴道炎,妇科
慢性盆腔疼痛,妇产科
慢性盆腔疼痛,妇科
慢性盆腔炎,妇产科
慢性盆腔炎,妇科
纳氏囊肿,妇产科
纳氏囊肿,妇科
念珠菌阴道炎,妇产科
念珠菌阴道炎,妇科
女性生殖道多...,妇产科
女性生殖道多...,妇科
女性性高潮障碍,妇产科
女性性高潮障碍,妇科
女性不孕症,妇产科
女性不孕症,妇科
女性膀胱颈梗阻,妇产科
女性膀胱颈梗阻,妇科
尿道黏膜脱垂,妇产科
尿道黏膜脱垂,妇科
女性尿瘘,妇产科
女性尿瘘,妇科
盆腔肿瘤,妇产科
盆腔肿瘤,妇科
盆腔炎性肿块,妇产科
盆腔炎性肿块,妇科
皮肤子宫内膜异位症,妇产科
皮肤子宫内膜异位症,妇科
盆腔腹膜炎,妇产科
盆腔腹膜炎,妇科
排卵障碍,妇产科
排卵障碍,妇科
盆腔淤血综合征,妇产科
盆腔淤血综合征,妇科
盆腔积液,妇产科
盆腔积液,妇科
葡萄胎,妇产科
葡萄胎,妇科
盆腔炎,妇产科
盆腔炎,妇科
胚胎遗留性囊肿,妇产科
胚胎遗留性囊肿,妇科
前庭大腺炎,妇产科
前庭大腺炎,妇科
前庭大腺癌,妇产科
前庭大腺癌,妇科
前庭大腺脓肿,妇产科
前庭大腺脓肿,妇科
侵蚀性葡萄胎,妇产科
侵蚀性葡萄胎,妇科
青少年及小儿...,妇产科
青少年及小儿...,妇科
青春期功能失...,妇产科
青春期功能失...,妇科
前庭大腺囊肿,妇产科
前庭大腺囊肿,妇科
巧克力囊肿,妇产科
巧克力囊肿,妇科
前置胎盘,妇产科
前置胎盘,妇科
乳腺导管扩张症,妇产科
乳腺导管扩张症,妇科
妊娠合并生殖...,妇产科
妊娠合并生殖...,妇科
妊娠合并生殖器疱疹,妇产科
妊娠合并生殖器疱疹,妇科
妊娠合并尖锐湿疣,妇产科
妊娠合并尖锐湿疣,妇科
乳溢-闭经综合征,妇产科
乳溢-闭经综合征,妇科
妊娠合并淋病,妇产科
妊娠合并淋病,妇科
妊娠合并宫颈癌,妇产科
妊娠合并宫颈癌,妇科
妊娠合并巨细...,妇产科
妊娠合并巨细...,妇科
妊娠合并梅毒,妇产科
妊娠合并梅毒,妇科
妊娠合并沙眼...,妇产科
妊娠合并沙眼...,妇科
妊娠合并获得...,妇产科
妊娠合并获得...,妇科
妊娠合并弓形虫病,妇产科
妊娠合并弓形虫病,妇科
输卵管畸形,妇产科
输卵管畸形,妇科
输卵管结核,妇产科
输卵管结核,妇科
输卵管炎,妇产科
输卵管炎,妇科
输卵管囊肿,妇产科
输卵管囊肿,妇科
输卵管上举,妇产科
输卵管上举,妇科
输卵管阻塞性不孕,妇产科
输卵管阻塞性不孕,妇科
生理性卵巢囊肿,妇产科
生理性卵巢囊肿,妇科
输卵管性不孕,妇产科
输卵管性不孕,妇科
输卵管狭窄,妇产科
输卵管狭窄,妇科
输卵管癌三联症,妇产科
输卵管癌三联症,妇科
输卵管结扎术...,妇产科
输卵管结扎术...,妇科
输卵管阻塞,妇产科
输卵管阻塞,妇科
胎盘早剥,妇产科
胎盘早剥,妇科
痛经,妇产科
痛经,妇科
外阴毛囊炎,妇产科
外阴毛囊炎,妇科
外阴接触性皮炎,妇产科
外阴接触性皮炎,妇科
外阴卡波西肉瘤,妇产科
外阴卡波西肉瘤,妇科
围绝经期综合征,妇产科
围绝经期综合征,妇科
外阴佩吉特病,妇产科
外阴佩吉特病,妇科
围绝经期前后...,妇产科
围绝经期前后...,妇科
外阴乳头状瘤,妇产科
外阴乳头状瘤,妇科
外阴恶性淋巴瘤,妇产科
外阴恶性淋巴瘤,妇科
外阴表皮样囊肿,妇产科
外阴表皮样囊肿,妇科
外阴神经纤维瘤,妇产科
外阴神经纤维瘤,妇科
外阴鳞状上皮...,妇产科
外阴鳞状上皮...,妇科
血清抗精子抗...,妇产科
血清抗精子抗...,妇科
先天性卵巢发育不全,妇产科
先天性卵巢发育不全,妇科
先天性无阴道,妇产科
先天性无阴道,妇科
细菌性阴道炎,妇产科
细菌性阴道炎,妇科
细菌性阴道病,妇产科
细菌性阴道病,妇科
阴道囊肿,妇产科
阴道囊肿,妇科
阴道嗜血杆菌...,妇产科
阴道嗜血杆菌...,妇科
阴道内胚窦瘤,妇产科
阴道内胚窦瘤,妇科
阴道异物,妇产科
阴道异物,妇科
月经病,妇产科
月经病,妇科
阴道斜隔,妇产科
阴道斜隔,妇科
阴道横隔,妇产科
阴道横隔,妇科
原发性卵巢绒癌,妇产科
原发性卵巢绒癌,妇科
原发性卵巢类...,妇产科
原发性卵巢类...,妇科
阴道转移性肿瘤,妇产科
阴道转移性肿瘤,妇科
阴道美丽筒线虫病,妇产科
阴道美丽筒线虫病,妇科
子宫颈平滑肌瘤,妇产科
子宫颈平滑肌瘤,妇科
子宫恶性肿瘤,妇产科
子宫恶性肿瘤,妇科
子宫内翻,妇产科
子宫内翻,妇科
子宫积液,妇产科
子宫积液,妇科
子宫纵隔,妇产科
子宫纵隔,妇科
子宫内膜间质肉瘤,妇产科
子宫内膜间质肉瘤,妇科
子宫内膜不规则脱落,妇产科
子宫内膜不规则脱落,妇科
子宫性不孕,妇产科
子宫性不孕,妇科
子宫内膜结核,妇产科
子宫内膜结核,妇科
子宫内膜息肉,妇产科
子宫内膜息肉,妇科
无脑儿,妇产科
无脑儿,产科
人工流产,妇产科
人工流产,产科
产后风,妇产科
产后风,产科
早孕反应,妇产科
早孕反应,产科
胚胎停育,妇产科
胚胎停育,产科
习惯性流产,妇产科
习惯性流产,产科
妊娠合并风湿...,妇产科
妊娠合并风湿...,产科
妊娠疱疹,妇产科
妊娠疱疹,产科
完全流产,妇产科
完全流产,产科
妊娠痒疹,妇产科
妊娠痒疹,产科
胎儿生长受限,妇产科
胎儿生长受限,产科
早产,妇产科
早产,产科
持续性枕横位难产,妇产科
持续性枕横位难产,产科
产后泌尿道感染,妇产科
产后泌尿道感染,产科
产后痉症,妇产科
产后痉症,产科
产力异常性难产,妇产科
产力异常性难产,产科
产后出血,妇产科
产后出血,产科
产后三急,妇产科
产后三急,产科
持续性枕后位...,妇产科
持续性枕后位...,产科
产科休克,妇产科
产科休克,产科
产科播散性血...,妇产科
产科播散性血...,产科
产后虚脱,妇产科
产后虚脱,产科
产褥感染,妇产科
产褥感染,产科
多胎妊娠,妇产科
多胎妊娠,产科
多胎,妇产科
多胎,产科
复发性流产,妇产科
复发性流产,产科
腹腔妊娠,妇产科
腹腔妊娠,产科
分娩,妇产科
分娩,产科
发育性骨盆异常,妇产科
发育性骨盆异常,产科
过期妊娠,妇产科
过期妊娠,产科
宫外孕,妇产科
宫外孕,产科
宫颈妊娠,妇产科
宫颈妊娠,产科
骨产道异常性难产,妇产科
骨产道异常性难产,产科
横位难产,妇产科
横位难产,产科
会阴裂伤,妇产科
会阴裂伤,产科
巨大胎儿,妇产科
巨大胎儿,产科
卵泡发育不良,妇产科
卵泡发育不良,产科
卵巢妊娠,妇产科
卵巢妊娠,产科
流产,妇产科
流产,产科
母儿ABO血型不合,妇产科
母儿ABO血型不合,产科
难产,妇产科
难产,产科
膀胱膨出,妇产科
膀胱膨出,产科
前置血管,妇产科
前置血管,产科
脐带脱垂,妇产科
脐带脱垂,产科
妊娠合并重症肌无力,妇产科
妊娠合并重症肌无力,产科
软产道异常性难产,妇产科
软产道异常性难产,产科
妊娠合并多囊肾,妇产科
妊娠合并多囊肾,产科
妊娠合并再生...,妇产科
妊娠合并再生...,产科
妊娠瘙痒性荨...,妇产科
妊娠瘙痒性荨...,产科
妊娠合并肺结核,妇产科
妊娠合并肺结核,产科
妊娠合并甲状...,妇产科
妊娠合并甲状...,产科
妊娠期急性肾...,妇产科
妊娠期急性肾...,产科
输卵管妊娠流产,妇产科
输卵管妊娠流产,产科
双胎妊娠,妇产科
双胎妊娠,产科
试管婴儿,妇产科
试管婴儿,产科
胎死宫内,妇产科
胎死宫内,产科
胎膜早破,妇产科
胎膜早破,产科
胎儿窘迫,妇产科
胎儿窘迫,产科
胎儿乙醇综合征,妇产科
胎儿乙醇综合征,产科
臀先露,妇产科
臀先露,产科
胎儿宫内窘迫,妇产科
胎儿宫内窘迫,产科
臀位难产,妇产科
臀位难产,产科
围生期心肌病,妇产科
围生期心肌病,产科
晚期产后出血,妇产科
晚期产后出血,产科
先兆流产,妇产科
先兆流产,产科
羊膜带综合征,妇产科
羊膜带综合征,产科
羊水与胎粪吸...,妇产科
羊水与胎粪吸...,产科
羊水栓塞,妇产科
羊水栓塞,产科
羊膜腔感染综合征,妇产科
羊膜腔感染综合征,产科
子痫,妇产科
子痫,产科
子宫收缩过强,妇产科
子宫收缩过强,产科
子宫收缩乏力,妇产科
子宫收缩乏力,产科
子宫复旧不全,妇产科
子宫复旧不全,产科
子宫破裂,妇产科
子宫破裂,产科
自然流产,妇产科
自然流产,产科
飞蚊症,五官科
飞蚊症,眼科
黄斑变性,五官科
黄斑变性,眼科
虹膜炎,五官科
虹膜炎,眼科
病毒性结膜炎,五官科
病毒性结膜炎,眼科
慢性卡他性结膜炎,五官科
慢性卡他性结膜炎,眼科
视网膜脱落,五官科
视网膜脱落,眼科
眼结石,五官科
眼结石,眼科
流行性角结膜炎,五官科
流行性角结膜炎,眼科
眼外伤,五官科
眼外伤,眼科
过敏性结膜炎,五官科
过敏性结膜炎,眼科
老视,五官科
老视,眼科
原发性开角型青光眼,五官科
原发性开角型青光眼,眼科
A-V综合征,五官科
A-V综合征,眼科
阿克森费尔德...,五官科
阿克森费尔德...,眼科
玻璃体寄生虫病,五官科
玻璃体寄生虫病,眼科
变性性近视的...,五官科
变性性近视的...,眼科
玻璃体病,五官科
玻璃体病,眼科
玻璃体液化,五官科
玻璃体液化,眼科
爆裂性眼眶骨折,五官科
爆裂性眼眶骨折,眼科
鼻窦鳞状细胞...,五官科
鼻窦鳞状细胞...,眼科
玻璃体及视网...,五官科
玻璃体及视网...,眼科
瘢痕性睑内翻,五官科
瘢痕性睑内翻,眼科
变性近视的脉...,五官科
变性近视的脉...,眼科
玻璃体疝,五官科
玻璃体疝,眼科
胞生痰核,五官科
胞生痰核,眼科
蚕蚀性角膜溃疡,五官科
蚕蚀性角膜溃疡,眼科
春季性结膜炎,五官科
春季性结膜炎,眼科
春季卡他性结膜炎,五官科
春季卡他性结膜炎,眼科
春季结膜炎,五官科
春季结膜炎,眼科
穿透性角膜移...,五官科
穿透性角膜移...,眼科
蚕食性角膜溃疡,五官科
蚕食性角膜溃疡,眼科
赤膜下垂,五官科
赤膜下垂,眼科
带状疱疹性角膜炎,五官科
带状疱疹性角膜炎,眼科
低眼压性青光眼,五官科
低眼压性青光眼,眼科
动脉阻塞或狭...,五官科
动脉阻塞或狭...,眼科
单纯疱疹病毒...,五官科
单纯疱疹病毒...,眼科
多发性硬化伴...,五官科
多发性硬化伴...,眼科
单眼双上转肌麻痹,五官科
单眼双上转肌麻痹,眼科
多灶性脉络膜...,五官科
多灶性脉络膜...,眼科
蝶骨脑膜瘤的...,五官科
蝶骨脑膜瘤的...,眼科
单眼双下转肌麻痹,五官科
单眼双下转肌麻痹,眼科
单纯疱疹性葡萄膜炎,五官科
单纯疱疹性葡萄膜炎,眼科
点状内层脉络膜病变,五官科
点状内层脉络膜病变,眼科
多发性一过性...,五官科
多发性一过性...,眼科
恶性青光眼,五官科
恶性青光眼,眼科
恶性高血压视...,五官科
恶性高血压视...,眼科
非炎性单纯性突眼,五官科
非炎性单纯性突眼,眼科
Fuchs角...,五官科
Fuchs角...,眼科
匐行性脉络膜萎缩,五官科
匐行性脉络膜萎缩,眼科
非典型分枝杆...,五官科
非典型分枝杆...,眼科
伏格特-小柳...,五官科
伏格特-小柳...,眼科
副肿瘤性斜视...,五官科
副肿瘤性斜视...,眼科
复发性多发性...,五官科
复发性多发性...,眼科
辐射性白内障,五官科
辐射性白内障,眼科
匐行性脉络膜炎,五官科
匐行性脉络膜炎,眼科
非结核分枝杆...,五官科
非结核分枝杆...,眼科
放射性视网膜病变,五官科
放射性视网膜病变,眼科
高度近视,五官科
高度近视,眼科
高眼压症,五官科
高眼压症,眼科
共同性斜视,五官科
共同性斜视,眼科
共同性外斜视,五官科
共同性外斜视,眼科
干燥性角结膜炎,五官科
干燥性角结膜炎,眼科
巩膜炎,五官科
巩膜炎,眼科
高血压眼病,五官科
高血压眼病,眼科
弓形体病性巩膜炎,五官科
弓形体病性巩膜炎,眼科
干眼,五官科
干眼,眼科
格子状角膜营养不良,五官科
格子状角膜营养不良,眼科
固定性斜视,五官科
固定性斜视,眼科
黄斑前膜,五官科
黄斑前膜,眼科
化脓性角膜炎,五官科
化脓性角膜炎,眼科
黄斑裂孔,五官科
黄斑裂孔,眼科
黄斑病,五官科
黄斑病,眼科
虹膜囊肿,五官科
虹膜囊肿,眼科
火眼,五官科
火眼,眼科
回旋状脉络膜...,五官科
回旋状脉络膜...,眼科
虹膜黑色素瘤,五官科
虹膜黑色素瘤,眼科
后葡萄膜炎,五官科
后葡萄膜炎,眼科
恒定性外斜视,五官科
恒定性外斜视,眼科
急性虹膜睫状体炎,五官科
急性虹膜睫状体炎,眼科
睑板腺囊肿,五官科
睑板腺囊肿,眼科
角膜溃疡,五官科
角膜溃疡,眼科
晶状体脱位所...,五官科
晶状体脱位所...,眼科
酒精性弱视,五官科
酒精性弱视,眼科
急性眼眶蜂窝织炎,五官科
急性眼眶蜂窝织炎,眼科
巨细胞病毒性...,五官科
巨细胞病毒性...,眼科
急性出血性结膜炎,五官科
急性出血性结膜炎,眼科
睑内翻,五官科
睑内翻,眼科
巨乳头性结膜炎,五官科
巨乳头性结膜炎,眼科
角膜擦伤,五官科
角膜擦伤,眼科
结核性角膜病变,五官科
结核性角膜病变,眼科
眶底骨折,五官科
眶底骨折,眼科
Kimura病,五官科
Kimura病,眼科
眶内纤维组织细胞瘤,五官科
眶内纤维组织细胞瘤,眼科
眶骨髓炎,五官科
眶骨髓炎,眼科
眶骨膜下脓肿,五官科
眶骨膜下脓肿,眼科
眶下间隙感染,五官科
眶下间隙感染,眼科
开角型青光眼,五官科
开角型青光眼,眼科
眶蜂窝织炎,五官科
眶蜂窝织炎,眼科
眶上神经痛,五官科
眶上神经痛,眼科
眶假瘤,五官科
眶假瘤,眼科
眶内海绵状血管瘤,五官科
眶内海绵状血管瘤,眼科
泪道阻塞,五官科
泪道阻塞,眼科
泪腺多形性腺瘤,五官科
泪腺多形性腺瘤,眼科
流行性出血性结膜炎,五官科
流行性出血性结膜炎,眼科
泪腺分泌功能减退,五官科
泪腺分泌功能减退,眼科
莱特雷尔-西韦病,五官科
莱特雷尔-西韦病,眼科
泪囊炎,五官科
泪囊炎,眼科
泪囊肿瘤,五官科
泪囊肿瘤,眼科
泪腺多形性腺癌,五官科
泪腺多形性腺癌,眼科
睑皮松垂症,五官科
睑皮松垂症,眼科
泪腺炎,五官科
泪腺炎,眼科
慢性闭角型青光眼,五官科
慢性闭角型青光眼,眼科
脉络膜脱离型...,五官科
脉络膜脱离型...,眼科
脉络膜缺损,五官科
脉络膜缺损,眼科
慢性泪囊炎,五官科
慢性泪囊炎,眼科
脉络膜血管瘤,五官科
脉络膜血管瘤,眼科
梅毒性葡萄膜炎,五官科
梅毒性葡萄膜炎,眼科
脉络膜缺血,五官科
脉络膜缺血,眼科
脉络膜转移癌,五官科
脉络膜转移癌,眼科
慢性进行性眼...,五官科
慢性进行性眼...,眼科
麻痹性睑外翻,五官科
麻痹性睑外翻,眼科
脉络膜新生血管,五官科
脉络膜新生血管,眼科
内眦赘皮,五官科
内眦赘皮,眼科
内分泌性眼球突出,五官科
内分泌性眼球突出,眼科
内隐斜,五官科
内隐斜,眼科
诺卡菌性巩膜炎,五官科
诺卡菌性巩膜炎,眼科
鸟枪弹样视网...,五官科
鸟枪弹样视网...,眼科
年龄相关性白内障,五官科
年龄相关性白内障,眼科
葡萄膜恶性黑色素瘤,五官科
葡萄膜恶性黑色素瘤,眼科
匐行性角膜溃疡,五官科
匐行性角膜溃疡,眼科
疱疹性角膜炎,五官科
疱疹性角膜炎,眼科
泡性角结膜炎,五官科
泡性角结膜炎,眼科
泡性眼炎,五官科
泡性眼炎,眼科
葡萄膜病,五官科
葡萄膜病,眼科
缺血性视神经病变,五官科
缺血性视神经病变,眼科
强直性脊柱炎...,五官科
强直性脊柱炎...,眼科
前房积血与青光眼,五官科
前房积血与青光眼,眼科
青光眼,五官科
青光眼,眼科
全葡萄膜炎,五官科
全葡萄膜炎,眼科
屈光参差,五官科
屈光参差,眼科
前葡萄膜炎,五官科
前葡萄膜炎,眼科
缺血性视盘病变,五官科
缺血性视盘病变,眼科
前房积血,五官科
前房积血,眼科
浅层点状角膜炎,五官科
浅层点状角膜炎,眼科
青光眼睫状体...,五官科
青光眼睫状体...,眼科
球后视神经炎,五官科
球后视神经炎,眼科
弱视,五官科
弱视,眼科
Reis-B...,五官科
Reis-B...,眼科
人类免疫缺陷...,五官科
人类免疫缺陷...,眼科
妊娠高血压综...,五官科
妊娠高血压综...,眼科
双行睫,五官科
双行睫,眼科
视网膜色素变性,五官科
视网膜色素变性,眼科
视网膜脱离,五官科
视网膜脱离,眼科
视网膜静脉阻塞,五官科
视网膜静脉阻塞,眼科
视网膜炎,五官科
视网膜炎,眼科
水痘性角膜炎,五官科
水痘性角膜炎,眼科
肾小管间质性...,五官科
肾小管间质性...,眼科
史-约综合征,五官科
史-约综合征,眼科
水痘-带状疱...,五官科
水痘-带状疱...,眼科
上睑下垂,五官科
上睑下垂,眼科
视交叉病变,五官科
视交叉病变,眼科
视盘水肿,五官科
视盘水肿,眼科
Theodo...,五官科
Theodo...,眼科
特发性葡萄膜大脑炎,五官科
特发性葡萄膜大脑炎,眼科
特发性黄斑裂孔,五官科
特发性黄斑裂孔,眼科
糖尿病伴发的...,五官科
糖尿病伴发的...,眼科
Thyges...,五官科
Thyges...,眼科
Terson综合征,五官科
Terson综合征,眼科
Terrie...,五官科
Terrie...,眼科
特发性黄斑部前膜,五官科
特发性黄斑部前膜,眼科
疼痛性眼肌麻痹,五官科
疼痛性眼肌麻痹,眼科
特发性息肉样...,五官科
特发性息肉样...,眼科
铜绿假单胞菌...,五官科
铜绿假单胞菌...,眼科
外伤相关性青光眼,五官科
外伤相关性青光眼,眼科
微小度数斜视,五官科
微小度数斜视,眼科
无脉络膜症,五官科
无脉络膜症,眼科
外层渗出性视...,五官科
外层渗出性视...,眼科
外隐斜,五官科
外隐斜,眼科
外伤性白内障,五官科
外伤性白内障,眼科
Wegner...,五官科
Wegner...,眼科
微小核糖核酸...,五官科
微小核糖核酸...,眼科
无泪症,五官科
无泪症,眼科
小儿弱视,五官科
小儿弱视,眼科
小儿斜视,五官科
小儿斜视,眼科
小角膜,五官科
小角膜,眼科
新生血管性青光眼,五官科
新生血管性青光眼,眼科
先天性眼球震颤,五官科
先天性眼球震颤,眼科
先天性视网膜劈裂症,五官科
先天性视网膜劈裂症,眼科
细菌性角膜炎,五官科
细菌性角膜炎,眼科
先天性无虹膜,五官科
先天性无虹膜,眼科
小儿脉络丛乳头状瘤,五官科
小儿脉络丛乳头状瘤,眼科
小儿疱疹性角...,五官科
小儿疱疹性角...,眼科
先天性睑裂狭...,五官科
先天性睑裂狭...,眼科
先天性小眼球...,五官科
先天性小眼球...,眼科
眼眶黏液囊肿,五官科
眼眶黏液囊肿,眼科
睑缘炎,五官科
睑缘炎,眼科
眼眶击出性骨折,五官科
眼眶击出性骨折,眼科
圆锥角膜,五官科
圆锥角膜,眼科
眼底病,五官科
眼底病,眼科
眼眶蜂窝织炎,五官科
眼眶蜂窝织炎,眼科
远视,五官科
远视,眼科
原发性视网膜...,五官科
原发性视网膜...,眼科
眼部毛细血管瘤,五官科
眼部毛细血管瘤,眼科
增龄性黄斑变性,五官科
增龄性黄斑变性,眼科
周边葡萄膜炎,五官科
周边葡萄膜炎,眼科
中心性浆液性...,五官科
中心性浆液性...,眼科
中毒性弱视,五官科
中毒性弱视,眼科
真菌性角膜炎,五官科
真菌性角膜炎,眼科
中心性渗出性...,五官科
中心性渗出性...,眼科
真性小眼球,五官科
真性小眼球,眼科
周期性内斜视,五官科
周期性内斜视,眼科
增生性玻璃体...,五官科
增生性玻璃体...,眼科
真菌性角膜溃疡,五官科
真菌性角膜溃疡,眼科
真菌性巩膜炎,五官科
真菌性巩膜炎,眼科
白毛舌,五官科
白毛舌,口腔科
口腔炎,五官科
口腔炎,口腔科
唇炎,五官科
唇炎,口腔科
舌炎,五官科
舌炎,口腔科
口腔干燥综合征,五官科
口腔干燥综合征,口腔科
牙结石,五官科
牙结石,口腔科
牙斑,五官科
牙斑,口腔科
口周湿疹,五官科
口周湿疹,口腔科
牙周脓肿,五官科
牙周脓肿,口腔科
裂纹舌,五官科
裂纹舌,口腔科
牙病,五官科
牙病,口腔科
慢性牙周炎,五官科
慢性牙周炎,口腔科
边缘性龈炎,五官科
边缘性龈炎,口腔科
变应性口炎,五官科
变应性口炎,口腔科
唇癌,五官科
唇癌,口腔科
唇病,五官科
唇病,口腔科
唇腭裂,五官科
唇腭裂,口腔科
唇裂,五官科
唇裂,口腔科
创伤性口炎,五官科
创伤性口炎,口腔科
齿状突发育畸形,五官科
齿状突发育畸形,口腔科
地图舌,五官科
地图舌,口腔科
单纯性牙周炎,五官科
单纯性牙周炎,口腔科
腭裂,五官科
腭裂,口腔科
鹅口疮,五官科
鹅口疮,口腔科
腭咽闭合不全,五官科
腭咽闭合不全,口腔科
放射性口炎,五官科
放射性口炎,口腔科
复发性阿弗他溃疡,五官科
复发性阿弗他溃疡,口腔科
复发性坏死性...,五官科
复发性坏死性...,口腔科
氟骨症,五官科
氟骨症,口腔科
肥大性龈炎,五官科
肥大性龈炎,口腔科
氟牙症,五官科
氟牙症,口腔科
干槽症,五官科
干槽症,口腔科
根尖周病,五官科
根尖周病,口腔科
根尖脓肿,五官科
根尖脓肿,口腔科
颌骨骨髓炎,五官科
颌骨骨髓炎,口腔科
颌面部放线菌病,五官科
颌面部放线菌病,口腔科
化脓性腮腺炎,五官科
化脓性腮腺炎,口腔科
后牙反合,五官科
后牙反合,口腔科
颌面部淋巴管瘤,五官科
颌面部淋巴管瘤,口腔科
颌周蜂窝织炎,五官科
颌周蜂窝织炎,口腔科
颌骨囊肿,五官科
颌骨囊肿,口腔科
颌下间隙感染,五官科
颌下间隙感染,口腔科
颌骨造釉细胞瘤,五官科
颌骨造釉细胞瘤,口腔科
坏死性龈口炎,五官科
坏死性龈口炎,口腔科
颏下间隙感染,五官科
颏下间隙感染,口腔科
黑舌,五官科
黑舌,口腔科
急性假膜型念...,五官科
急性假膜型念...,口腔科
急性根尖牙周炎,五官科
急性根尖牙周炎,口腔科
急性牙髓炎,五官科
急性牙髓炎,口腔科
急性颌骨骨髓炎,五官科
急性颌骨骨髓炎,口腔科
急性根尖周炎,五官科
急性根尖周炎,口腔科
金属引起的口...,五官科
金属引起的口...,口腔科
结核性溃疡,五官科
结核性溃疡,口腔科
急性化脓性腮腺炎,五官科
急性化脓性腮腺炎,口腔科
甲状舌管囊肿...,五官科
甲状舌管囊肿...,口腔科
急性舌扁桃体炎,五官科
急性舌扁桃体炎,口腔科
急性颌下腺炎,五官科
急性颌下腺炎,口腔科
甲状舌管囊肿,五官科
甲状舌管囊肿,口腔科
口腔尖锐湿疣,五官科
口腔尖锐湿疣,口腔科
口腔病,五官科
口腔病,口腔科
口炎,五官科
口炎,口腔科
口腔疾病,五官科
口腔疾病,口腔科
开合,五官科
开合,口腔科
溃疡坏死性口炎,五官科
溃疡坏死性口炎,口腔科
口腔粘膜黑棘皮病,五官科
口腔粘膜黑棘皮病,口腔科
口腔粘膜病,五官科
口腔粘膜病,口腔科
口腔结核性溃疡,五官科
口腔结核性溃疡,口腔科
裂沟舌,五官科
裂沟舌,口腔科
链球菌性咽炎,五官科
链球菌性咽炎,口腔科
慢性根尖牙周炎,五官科
慢性根尖牙周炎,口腔科
慢性舌扁桃体炎,五官科
慢性舌扁桃体炎,口腔科
慢性牙髓炎,五官科
慢性牙髓炎,口腔科
膜性口炎,五官科
膜性口炎,口腔科
磨损,五官科
磨损,口腔科
毛舌,五官科
毛舌,口腔科
磨牙,五官科
磨牙,口腔科
面瘫唇肿裂纹...,五官科
面瘫唇肿裂纹...,口腔科
颞下颌关节病,五官科
颞下颌关节病,口腔科
颞间隙感染,五官科
颞间隙感染,口腔科
颞下颌关节脱位,五官科
颞下颌关节脱位,口腔科
颞下颌关节强直,五官科
颞下颌关节强直,口腔科
颞下颌关节紊...,五官科
颞下颌关节紊...,口腔科
颞下间隙感染,五官科
颞下间隙感染,口腔科
颞下颌间挛缩,五官科
颞下颌间挛缩,口腔科
皮样囊肿,五官科
皮样囊肿,口腔科
青春前期牙周炎,五官科
青春前期牙周炎,口腔科
前牙反合,五官科
前牙反合,口腔科
青少年牙周炎,五官科
青少年牙周炎,口腔科
龋齿,五官科
龋齿,口腔科
前牙深覆盖,五官科
前牙深覆盖,口腔科
乳头状囊腺癌,五官科
乳头状囊腺癌,口腔科
上颌后缩,五官科
上颌后缩,口腔科
舌病,五官科
舌病,口腔科
鳃裂囊肿和瘘管,五官科
鳃裂囊肿和瘘管,口腔科
四环素牙,五官科
四环素牙,口腔科
上颌前突,五官科
上颌前突,口腔科
舌下腺囊肿,五官科
舌下腺囊肿,口腔科
深覆合,五官科
深覆合,口腔科
双颌前突,五官科
双颌前突,口腔科
锁合,五官科
锁合,口腔科
舌白斑,五官科
舌白斑,口腔科
舌甲状腺,五官科
舌甲状腺,口腔科
糖尿病型牙周炎,五官科
糖尿病型牙周炎,口腔科
小儿龋病,五官科
小儿龋病,口腔科
寻常型天疱疮,五官科
寻常型天疱疮,口腔科
下颌下间隙感染,五官科
下颌下间隙感染,口腔科
下颌后缩,五官科
下颌后缩,口腔科
涎腺囊肿,五官科
涎腺囊肿,口腔科
楔状缺损,五官科
楔状缺损,口腔科
涎石病,五官科
涎石病,口腔科
下颌下隙感染,五官科
下颌下隙感染,口腔科
涎腺病毒病,五官科
涎腺病毒病,口腔科
涎瘘,五官科
涎瘘,口腔科
腺性唇炎,五官科
腺性唇炎,口腔科
小儿溃疡性口炎,五官科
小儿溃疡性口炎,口腔科
牙齿过敏,五官科
牙齿过敏,口腔科
牙龈瘘管,五官科
牙龈瘘管,口腔科
婴幼儿化脓性...,五官科
婴幼儿化脓性...,口腔科
药物性牙龈增生,五官科
药物性牙龈增生,口腔科
釉质发育不全,五官科
釉质发育不全,口腔科
遗传性乳光牙,五官科
遗传性乳光牙,口腔科
牙齿感觉过敏症,五官科
牙齿感觉过敏症,口腔科
咬肌间隙感染,五官科
咬肌间隙感染,口腔科
阻生齿,五官科
阻生齿,口腔科
智齿冠周炎,五官科
智齿冠周炎,口腔科
耳石症,五官科
耳石症,耳鼻喉科
反流性喉炎,五官科
反流性喉炎,耳鼻喉科
咽喉癌,五官科
咽喉癌,耳鼻喉科
蝶窦炎,五官科
蝶窦炎,耳鼻喉科
会厌囊肿,五官科
会厌囊肿,耳鼻喉科
鼻外伤,五官科
鼻外伤,耳鼻喉科
喉肿瘤,五官科
喉肿瘤,耳鼻喉科
梅尼埃病,五官科
梅尼埃病,耳鼻喉科
喉切伤,五官科
喉切伤,耳鼻喉科
筛窦炎,五官科
筛窦炎,耳鼻喉科
化脓性中耳炎,五官科
化脓性中耳炎,耳鼻喉科
喉淀粉样变,五官科
喉淀粉样变,耳鼻喉科
阿斯匹林不耐...,五官科
阿斯匹林不耐...,耳鼻喉科
鼻疔,五官科
鼻疔,耳鼻喉科
鼻腔囊肿,五官科
鼻腔囊肿,耳鼻喉科
鼻血管瘤,五官科
鼻血管瘤,耳鼻喉科
鼻窦粘膜囊肿,五官科
鼻窦粘膜囊肿,耳鼻喉科
鼻腔癌,五官科
鼻腔癌,耳鼻喉科
鼻咽肉瘤,五官科
鼻咽肉瘤,耳鼻喉科
鼻鼽,五官科
鼻鼽,耳鼻喉科
扁桃体结石,五官科
扁桃体结石,耳鼻喉科
鼻肿瘤,五官科
鼻肿瘤,耳鼻喉科
鼻病,五官科
鼻病,耳鼻喉科
鼻部囊肿,五官科
鼻部囊肿,耳鼻喉科
创伤性耳聋,五官科
创伤性耳聋,耳鼻喉科
传导性耳聋,五官科
传导性耳聋,耳鼻喉科
创伤性鼻中隔穿孔,五官科
创伤性鼻中隔穿孔,耳鼻喉科
常年性鼻炎,五官科
常年性鼻炎,耳鼻喉科
创伤性鼻出血,五官科
创伤性鼻出血,耳鼻喉科
虫霉病,五官科
虫霉病,耳鼻喉科
传导性耳鸣,五官科
传导性耳鸣,耳鼻喉科
大疱性鼓膜炎,五官科
大疱性鼓膜炎,耳鼻喉科
耵聍栓塞,五官科
耵聍栓塞,耳鼻喉科
胆脂瘤型中耳炎,五官科
胆脂瘤型中耳炎,耳鼻喉科
儿童腺样体肥大,五官科
儿童腺样体肥大,耳鼻喉科
耳廓软骨膜炎,五官科
耳廓软骨膜炎,耳鼻喉科
耳鼻咽喉创伤,五官科
耳鼻咽喉创伤,耳鼻喉科
耳神经痛,五官科
耳神经痛,耳鼻喉科
耳硬化症,五官科
耳硬化症,耳鼻喉科
耳病,五官科
耳病,耳鼻喉科
耳源性脑膜炎,五官科
耳源性脑膜炎,耳鼻喉科
耳内脑膜脑疝,五官科
耳内脑膜脑疝,耳鼻喉科
耳部恶性肿瘤,五官科
耳部恶性肿瘤,耳鼻喉科
耳鸣,五官科
耳鸣,耳鼻喉科
耳聋,五官科
耳聋,耳鼻喉科
副鼻窦炎,五官科
副鼻窦炎,耳鼻喉科
奋森咽峡炎,五官科
奋森咽峡炎,耳鼻喉科
分泌性中耳炎,五官科
分泌性中耳炎,耳鼻喉科
副耳,五官科
副耳,耳鼻喉科
过强反射性鼻炎,五官科
过强反射性鼻炎,耳鼻喉科
功能性聋,五官科
功能性聋,耳鼻喉科
鼓膜外伤,五官科
鼓膜外伤,耳鼻喉科
过敏性鼻炎,五官科
过敏性鼻炎,耳鼻喉科
干酪性鼻炎,五官科
干酪性鼻炎,耳鼻喉科
鼓室硬化症,五官科
鼓室硬化症,耳鼻喉科
鼓膜穿孔,五官科
鼓膜穿孔,耳鼻喉科
干酪性鼻窦炎,五官科
干酪性鼻窦炎,耳鼻喉科
喉水肿,五官科
喉水肿,耳鼻喉科
喉结核,五官科
喉结核,耳鼻喉科
喉异物,五官科
喉异物,耳鼻喉科
喉狭窄,五官科
喉狭窄,耳鼻喉科
喉插管损伤,五官科
喉插管损伤,耳鼻喉科
会厌炎,五官科
会厌炎,耳鼻喉科
喉乳头状瘤,五官科
喉乳头状瘤,耳鼻喉科
急性单纯性咽炎,五官科
急性单纯性咽炎,耳鼻喉科
急性中耳炎,五官科
急性中耳炎,耳鼻喉科
急性化脓性鼻窦炎,五官科
急性化脓性鼻窦炎,耳鼻喉科
结核性中耳乳突炎,五官科
结核性中耳乳突炎,耳鼻喉科
急性鼻炎,五官科
急性鼻炎,耳鼻喉科
急性化脓性中耳炎,五官科
急性化脓性中耳炎,耳鼻喉科
急性鼻咽炎,五官科
急性鼻咽炎,耳鼻喉科
急性化脓性乳突炎,五官科
急性化脓性乳突炎,耳鼻喉科
间断脉冲噪音损伤,五官科
间断脉冲噪音损伤,耳鼻喉科
茎突综合征,五官科
茎突综合征,耳鼻喉科
急性咽炎,五官科
急性咽炎,耳鼻喉科
急性喉炎,五官科
急性喉炎,耳鼻喉科
枯草热,五官科
枯草热,耳鼻喉科
粒性白细胞缺...,五官科
粒性白细胞缺...,耳鼻喉科
老年性耳聋,五官科
老年性耳聋,耳鼻喉科
蓝鼓膜与胆固...,五官科
蓝鼓膜与胆固...,耳鼻喉科
慢性鼻咽炎,五官科
慢性鼻咽炎,耳鼻喉科
慢性外耳道炎,五官科
慢性外耳道炎,耳鼻喉科
慢性中耳炎,五官科
慢性中耳炎,耳鼻喉科
慢性肥厚性鼻炎,五官科
慢性肥厚性鼻炎,耳鼻喉科
膜迷路积水,五官科
膜迷路积水,耳鼻喉科
慢性扁桃体炎,五官科
慢性扁桃体炎,耳鼻喉科
慢性乳突炎,五官科
慢性乳突炎,耳鼻喉科
慢性化脓性鼻窦炎,五官科
慢性化脓性鼻窦炎,耳鼻喉科
慢性单纯性咽炎,五官科
慢性单纯性咽炎,耳鼻喉科
慢性筛窦炎,五官科
慢性筛窦炎,耳鼻喉科
慢性上颌窦炎,五官科
慢性上颌窦炎,耳鼻喉科
脑脊液鼻漏,五官科
脑脊液鼻漏,耳鼻喉科
颞骨岩部炎,五官科
颞骨岩部炎,耳鼻喉科
疱疹性咽颊炎,五官科
疱疹性咽颊炎,耳鼻喉科
气压创伤性中耳炎,五官科
气压创伤性中耳炎,耳鼻喉科
气管食管瘘,五官科
气管食管瘘,耳鼻喉科
前庭神经炎,五官科
前庭神经炎,耳鼻喉科
潜水性内耳损伤,五官科
潜水性内耳损伤,耳鼻喉科
乳突炎,五官科
乳突炎,耳鼻喉科
耳结核,五官科
耳结核,耳鼻喉科
上颌窦炎,五官科
上颌窦炎,耳鼻喉科
声带小结,五官科
声带小结,耳鼻喉科
渗出性中耳炎,五官科
渗出性中耳炎,耳鼻喉科
舌静脉曲张,五官科
舌静脉曲张,耳鼻喉科
腮腺隙感染,五官科
腮腺隙感染,耳鼻喉科
鳃裂瘘管,五官科
鳃裂瘘管,耳鼻喉科
嗜酸细胞增多...,五官科
嗜酸细胞增多...,耳鼻喉科
声带息肉,五官科
声带息肉,耳鼻喉科
上颌窦后鼻孔息肉,五官科
上颌窦后鼻孔息肉,耳鼻喉科
听神经鞘瘤,五官科
听神经鞘瘤,耳鼻喉科
突发性耳聋,五官科
突发性耳聋,耳鼻喉科
突发性聋,五官科
突发性聋,耳鼻喉科
听力障碍,五官科
听力障碍,耳鼻喉科
Usher综合征,五官科
Usher综合征,耳鼻喉科
外耳道胆脂瘤,五官科
外耳道胆脂瘤,耳鼻喉科
外耳道外生骨疣,五官科
外耳道外生骨疣,耳鼻喉科
外耳道炎,五官科
外耳道炎,耳鼻喉科
外耳道真菌病,五官科
外耳道真菌病,耳鼻喉科
萎缩性鼻炎,五官科
萎缩性鼻炎,耳鼻喉科
外耳道疖肿,五官科
外耳道疖肿,耳鼻喉科
外耳道异物,五官科
外耳道异物,耳鼻喉科
位置性眩晕,五官科
位置性眩晕,耳鼻喉科
萎缩性咽炎,五官科
萎缩性咽炎,耳鼻喉科
伪聋,五官科
伪聋,耳鼻喉科
外耳道肿瘤,五官科
外耳道肿瘤,耳鼻喉科
外耳道耵聍腺肿瘤,五官科
外耳道耵聍腺肿瘤,耳鼻喉科
小儿中耳炎,五官科
小儿中耳炎,耳鼻喉科
小儿鼻炎,五官科
小儿鼻炎,耳鼻喉科
腺样体炎,五官科
腺样体炎,耳鼻喉科
先天性小耳畸形,五官科
先天性小耳畸形,耳鼻喉科
先天性耳前瘘管,五官科
先天性耳前瘘管,耳鼻喉科
先天性小喉,五官科
先天性小喉,耳鼻喉科
先天性鼻咽部...,五官科
先天性鼻咽部...,耳鼻喉科
先天性耳聋,五官科
先天性耳聋,耳鼻喉科
先天性鼻部皮...,五官科
先天性鼻部皮...,耳鼻喉科
小儿变应性鼻炎,五官科
小儿变应性鼻炎,耳鼻喉科
嗅觉障碍,五官科
嗅觉障碍,耳鼻喉科
先天性后鼻孔闭锁,五官科
先天性后鼻孔闭锁,耳鼻喉科
咽异感症,五官科
咽异感症,耳鼻喉科
药物性耳聋,五官科
药物性耳聋,耳鼻喉科
咽部异感症,五官科
咽部异感症,耳鼻喉科
咽部狼疮,五官科
咽部狼疮,耳鼻喉科
咽后脓肿,五官科
咽后脓肿,耳鼻喉科
咽部创伤,五官科
咽部创伤,耳鼻喉科
咽部瘢痕狭窄,五官科
咽部瘢痕狭窄,耳鼻喉科
咽角化症,五官科
咽角化症,耳鼻喉科
咽部狭窄及闭锁,五官科
咽部狭窄及闭锁,耳鼻喉科
咽喉痛,五官科
咽喉痛,耳鼻喉科
咽炎,五官科
咽炎,耳鼻喉科
噪声病,五官科
噪声病,耳鼻喉科
噪声性耳聋,五官科
噪声性耳聋,耳鼻喉科
粘连性中耳炎,五官科
粘连性中耳炎,耳鼻喉科
中耳气压伤,五官科
中耳气压伤,耳鼻喉科
中耳炎,五官科
中耳炎,耳鼻喉科
噪声性聋,五官科
噪声性聋,耳鼻喉科
脑癌,肿瘤科
脑癌,肿瘤内科
癌症,肿瘤科
癌症,肿瘤内科
肿瘤,肿瘤科
肿瘤,肿瘤内科
生殖细胞瘤,肿瘤科
生殖细胞瘤,肿瘤内科
肛周肿瘤,肿瘤科
肛周肿瘤,肿瘤内科
扁桃体癌,肿瘤科
扁桃体癌,肿瘤内科
恶性肿瘤,肿瘤科
恶性肿瘤,肿瘤内科
乙状结肠癌,肿瘤科
乙状结肠癌,肿瘤内科
甲状腺乳头癌,肿瘤科
甲状腺乳头癌,肿瘤内科
癌性疼痛,肿瘤科
癌性疼痛,肿瘤内科
尤因肉瘤,肿瘤科
尤因肉瘤,肿瘤内科
阴道粒细胞肉瘤,肿瘤科
阴道粒细胞肉瘤,肿瘤内科
癌症伴发的精神障碍,肿瘤科
癌症伴发的精神障碍,肿瘤内科
贲门癌,肿瘤科
贲门癌,肿瘤内科
鼻/鼻型T/...,肿瘤科
鼻/鼻型T/...,肿瘤内科
表皮样囊肿,肿瘤科
表皮样囊肿,肿瘤内科
成纤维性纤维瘤,肿瘤科
成纤维性纤维瘤,肿瘤内科
侧颅底肿瘤,肿瘤科
侧颅底肿瘤,肿瘤内科
草莓状血管瘤,肿瘤科
草莓状血管瘤,肿瘤内科
肠系膜肿瘤,肿瘤科
肠系膜肿瘤,肿瘤内科
c胰岛功能性...,肿瘤科
c胰岛功能性...,肿瘤内科
多发性内分泌...,肿瘤科
多发性内分泌...,肿瘤内科
胆管癌,肿瘤科
胆管癌,肿瘤内科
大肠癌,肿瘤科
大肠癌,肿瘤内科
多发内生软骨瘤病,肿瘤科
多发内生软骨瘤病,肿瘤内科
冬眠瘤,肿瘤科
冬眠瘤,肿瘤内科
多发性骨髓瘤病肾病,肿瘤科
多发性骨髓瘤病肾病,肿瘤内科
恶性血管内皮细胞瘤,肿瘤科
恶性血管内皮细胞瘤,肿瘤内科
恶性肿瘤所致贫血,肿瘤科
恶性肿瘤所致贫血,肿瘤内科
肺癌脑转移,肿瘤科
肺癌脑转移,肿瘤内科
肺癌转移,肿瘤科
肺癌转移,肿瘤内科
肺癌骨转移,肿瘤科
肺癌骨转移,肿瘤内科
肺癌肝转移,肿瘤科
肺癌肝转移,肿瘤内科
淋巴管平滑肌瘤,肿瘤科
淋巴管平滑肌瘤,肿瘤内科
肺假性淋巴瘤,肿瘤科
肺假性淋巴瘤,肿瘤内科
肺部少见的恶性肿瘤,肿瘤科
肺部少见的恶性肿瘤,肿瘤内科
肺部良性肿瘤,肿瘤科
肺部良性肿瘤,肿瘤内科
肺癌,肿瘤科
肺癌,肿瘤内科
肺转移瘤,肿瘤科
肺转移瘤,肿瘤内科
非霍奇金淋巴瘤,肿瘤科
非霍奇金淋巴瘤,肿瘤内科
放射病,肿瘤科
放射病,肿瘤内科
肝脏类癌,肿瘤科
肝脏类癌,肿瘤内科
肝肿瘤,肿瘤科
肝肿瘤,肿瘤内科
骨恶性淋巴瘤,肿瘤科
骨恶性淋巴瘤,肿瘤内科
肝腺瘤,肿瘤科
肝腺瘤,肿瘤内科
宫颈癌,肿瘤科
宫颈癌,肿瘤内科
获得性免疫缺...,肿瘤科
获得性免疫缺...,肿瘤内科
结直肠癌,肿瘤科
结直肠癌,肿瘤内科
精原细胞瘤,肿瘤科
精原细胞瘤,肿瘤内科
颈部水囊瘤,肿瘤科
颈部水囊瘤,肿瘤内科
浆细胞瘤,肿瘤科
浆细胞瘤,肿瘤内科
结肠癌,肿瘤科
结肠癌,肿瘤内科
甲状腺癌,肿瘤科
甲状腺癌,肿瘤内科
颈部囊状淋巴管瘤,肿瘤科
颈部囊状淋巴管瘤,肿瘤内科
甲状腺微小癌,肿瘤科
甲状腺微小癌,肿瘤内科
口咽良性肿瘤,肿瘤科
口咽良性肿瘤,肿瘤内科
卡波西肉瘤,肿瘤科
卡波西肉瘤,肿瘤内科
口腔颌面部毛...,肿瘤科
口腔颌面部毛...,肿瘤内科
口腔颌面部血管瘤,肿瘤科
口腔颌面部血管瘤,肿瘤内科
口腔颌面部肿瘤,肿瘤科
口腔颌面部肿瘤,肿瘤内科
老年人食管癌,肿瘤科
老年人食管癌,肿瘤内科
老年癌症病人...,肿瘤科
老年癌症病人...,肿瘤内科
良性脑瘤,肿瘤科
良性脑瘤,肿瘤内科
淋巴管肉瘤,肿瘤科
淋巴管肉瘤,肿瘤内科
老年人恶性心包积液,肿瘤科
老年人恶性心包积液,肿瘤内科
类癌综合征,肿瘤科
类癌综合征,肿瘤内科
淋巴瘤,肿瘤科
淋巴瘤,肿瘤内科
老年人肺癌,肿瘤科
老年人肺癌,肿瘤内科
良性葡萄胎,肿瘤科
良性葡萄胎,肿瘤内科
淋巴瘤引起的肾损害,肿瘤科
淋巴瘤引起的肾损害,肿瘤内科
老年人非霍奇...,肿瘤科
老年人非霍奇...,肿瘤内科
老年人异位抗...,肿瘤科
老年人异位抗...,肿瘤内科
弥漫型间皮瘤,肿瘤科
弥漫型间皮瘤,肿瘤内科
脑膜转移瘤,肿瘤科
脑膜转移瘤,肿瘤内科
囊状淋巴管瘤,肿瘤科
囊状淋巴管瘤,肿瘤内科
脑干胶质瘤,肿瘤科
脑干胶质瘤,肿瘤内科
匍行性血管瘤,肿瘤科
匍行性血管瘤,肿瘤内科
皮下T细胞淋巴瘤,肿瘤科
皮下T细胞淋巴瘤,肿瘤内科
平滑肌错构瘤,肿瘤科
平滑肌错构瘤,肿瘤内科
前列腺癌,肿瘤科
前列腺癌,肿瘤内科
气管肿瘤,肿瘤科
气管肿瘤,肿瘤内科
乳头状腺瘤,肿瘤科
乳头状腺瘤,肿瘤内科
绒毛膜癌,肿瘤科
绒毛膜癌,肿瘤内科
乳腺癌,肿瘤科
乳腺癌,肿瘤内科
少突胶质细胞瘤,肿瘤科
少突胶质细胞瘤,肿瘤内科
实体肿瘤的肾损害,肿瘤科
实体肿瘤的肾损害,肿瘤内科
肾母细胞瘤,肿瘤科
肾母细胞瘤,肿瘤内科
十二指肠腺癌,肿瘤科
十二指肠腺癌,肿瘤内科
十二指肠类癌,肿瘤科
十二指肠类癌,肿瘤内科
食管乳头状瘤,肿瘤科
食管乳头状瘤,肿瘤内科
食管癌,肿瘤科
食管癌,肿瘤内科
梭形细胞肿瘤,肿瘤科
梭形细胞肿瘤,肿瘤内科
神经系统副肿...,肿瘤科
神经系统副肿...,肿瘤内科
神经内分泌肿瘤,肿瘤科
神经内分泌肿瘤,肿瘤内科
神经瘤,肿瘤科
神经瘤,肿瘤内科
胎盘部位滋养...,肿瘤科
胎盘部位滋养...,肿瘤内科
胃平滑肌瘤,肿瘤科
胃平滑肌瘤,肿瘤内科
胃肠道癌,肿瘤科
胃肠道癌,肿瘤内科
胃癌,肿瘤科
胃癌,肿瘤内科
网膜肿瘤,肿瘤科
网膜肿瘤,肿瘤内科
胃良性肿瘤,肿瘤科
胃良性肿瘤,肿瘤内科
胃肠道间质瘤,肿瘤科
胃肠道间质瘤,肿瘤内科
纹状骨瘤,肿瘤科
纹状骨瘤,肿瘤内科
小肠类癌,肿瘤科
小肠类癌,肿瘤内科
血管活性肠肽瘤,肿瘤科
血管活性肠肽瘤,肿瘤内科
先天性冠状动脉瘤,肿瘤科
先天性冠状动脉瘤,肿瘤内科
心脏黏液瘤,肿瘤科
心脏黏液瘤,肿瘤内科
心脏内粘液瘤,肿瘤科
心脏内粘液瘤,肿瘤内科
小儿脑肿瘤,肿瘤科
小儿脑肿瘤,肿瘤内科
血管网状细胞瘤,肿瘤科
血管网状细胞瘤,肿瘤内科
小儿霍奇金病,肿瘤科
小儿霍奇金病,肿瘤内科
小儿非霍奇金淋巴瘤,肿瘤科
小儿非霍奇金淋巴瘤,肿瘤内科
血管内大B细...,肿瘤科
血管内大B细...,肿瘤内科
小儿肝肿瘤,肿瘤科
小儿肝肿瘤,肿瘤内科
小肠腺癌,肿瘤科
小肠腺癌,肿瘤内科
婴儿成神经细胞瘤,肿瘤科
婴儿成神经细胞瘤,肿瘤内科
眼内转移性肿瘤,肿瘤科
眼内转移性肿瘤,肿瘤内科
阴囊炎性癌,肿瘤科
阴囊炎性癌,肿瘤内科
原发性骨淋巴瘤,肿瘤科
原发性骨淋巴瘤,肿瘤内科
樱桃状血管瘤,肿瘤科
樱桃状血管瘤,肿瘤内科
胰腺癌,肿瘤科
胰腺癌,肿瘤内科
原发性腹膜后肿瘤,肿瘤科
原发性腹膜后肿瘤,肿瘤内科
原发性食管恶...,肿瘤科
原发性食管恶...,肿瘤内科
纵隔肿瘤,肿瘤科
纵隔肿瘤,肿瘤内科
粘液表皮样癌,肿瘤科
粘液表皮样癌,肿瘤内科
直肠癌,肿瘤科
直肠癌,肿瘤内科
中枢神经系统淋巴瘤,肿瘤科
中枢神经系统淋巴瘤,肿瘤内科
睾丸癌,肿瘤科
睾丸癌,肿瘤外科
乳房肉瘤,肿瘤科
乳房肉瘤,肿瘤外科
乳腺肿瘤,肿瘤科
乳腺肿瘤,肿瘤外科
肾肿瘤,肿瘤科
肾肿瘤,肿瘤外科
错构瘤,肿瘤科
错构瘤,肿瘤外科
绝经期乳腺癌,肿瘤科
绝经期乳腺癌,肿瘤外科
胰头癌,肿瘤科
胰头癌,肿瘤外科
乳房外湿疹样癌,肿瘤科
乳房外湿疹样癌,肿瘤外科
软纤维瘤,肿瘤科
软纤维瘤,肿瘤外科
宫颈腺癌,肿瘤科
宫颈腺癌,肿瘤外科
阑尾类癌,肿瘤科
阑尾类癌,肿瘤外科
角膜鳞状细胞癌,肿瘤科
角膜鳞状细胞癌,肿瘤外科
鞍上生殖细胞瘤,肿瘤科
鞍上生殖细胞瘤,肿瘤外科
癌肿性关节炎,肿瘤科
癌肿性关节炎,肿瘤外科
鲍恩病,肿瘤科
鲍恩病,肿瘤外科
鼻咽癌,肿瘤科
鼻咽癌,肿瘤外科
鼻神经胶质瘤,肿瘤科
鼻神经胶质瘤,肿瘤外科
靶样含铁血黄...,肿瘤科
靶样含铁血黄...,肿瘤外科
背部弹力纤维瘤,肿瘤科
背部弹力纤维瘤,肿瘤外科
丛状血管瘤,肿瘤科
丛状血管瘤,肿瘤外科
残胃癌,肿瘤科
残胃癌,肿瘤外科
CD30阳性...,肿瘤科
CD30阳性...,肿瘤外科
长骨造釉细胞瘤,肿瘤科
长骨造釉细胞瘤,肿瘤外科
大肠腺瘤,肿瘤科
大肠腺瘤,肿瘤外科
骶尾部畸胎瘤,肿瘤科
骶尾部畸胎瘤,肿瘤外科
大汗腺癌,肿瘤科
大汗腺癌,肿瘤外科
动脉瘤,肿瘤科
动脉瘤,肿瘤外科
蝶骨嵴脑膜瘤...,肿瘤科
蝶骨嵴脑膜瘤...,肿瘤外科
单房性骨囊肿,肿瘤科
单房性骨囊肿,肿瘤外科
大肠脂肪瘤,肿瘤科
大肠脂肪瘤,肿瘤外科
瘢痕癌,肿瘤科
瘢痕癌,肿瘤外科
大肠平滑肌肉瘤,肿瘤科
大肠平滑肌肉瘤,肿瘤外科
多形性脂肪瘤,肿瘤科
多形性脂肪瘤,肿瘤外科
多发性软骨瘤,肿瘤科
多发性软骨瘤,肿瘤外科
多发性遗传性...,肿瘤科
多发性遗传性...,肿瘤外科
恶性纤维组织细胞瘤,肿瘤科
恶性纤维组织细胞瘤,肿瘤外科
恶性黑色素瘤,肿瘤科
恶性黑色素瘤,肿瘤外科
恶性黑素瘤,肿瘤科
恶性黑素瘤,肿瘤外科
恶性小汗腺螺旋腺瘤,肿瘤科
恶性小汗腺螺旋腺瘤,肿瘤外科
恶性小汗腺汗孔瘤,肿瘤科
恶性小汗腺汗孔瘤,肿瘤外科
副乳乳腺癌,肿瘤科
副乳乳腺癌,肿瘤外科
反分化软骨肉瘤,肿瘤科
反分化软骨肉瘤,肿瘤外科
肺转移性肿瘤,肿瘤科
肺转移性肿瘤,肿瘤外科
非骨化性纤维瘤,肿瘤科
非骨化性纤维瘤,肿瘤外科
腹膜转移癌,肿瘤科
腹膜转移癌,肿瘤外科
腹膜假黏液瘤,肿瘤科
腹膜假黏液瘤,肿瘤外科
非典型纤维黄色瘤,肿瘤科
非典型纤维黄色瘤,肿瘤外科
泛发性毛囊错构瘤,肿瘤科
泛发性毛囊错构瘤,肿瘤外科
肺癌皮肤转移,肿瘤科
肺癌皮肤转移,肿瘤外科
腹壁纤维肉瘤,肿瘤科
腹壁纤维肉瘤,肿瘤外科
宫颈浸润癌,肿瘤科
宫颈浸润癌,肿瘤外科
骨嗜酸性肉芽肿,肿瘤科
骨嗜酸性肉芽肿,肿瘤外科
骨恶性纤维组...,肿瘤科
骨恶性纤维组...,肿瘤外科
骨软骨瘤,肿瘤科
骨软骨瘤,肿瘤外科
骨膜软骨瘤,肿瘤科
骨膜软骨瘤,肿瘤外科
肝纤维板层癌,肿瘤科
肝纤维板层癌,肿瘤外科
骨母细胞瘤,肿瘤科
骨母细胞瘤,肿瘤外科
骨淋巴管瘤,肿瘤科
骨淋巴管瘤,肿瘤外科
管状小汗腺癌,肿瘤科
管状小汗腺癌,肿瘤外科
骨神经纤维瘤,肿瘤科
骨神经纤维瘤,肿瘤外科
颌骨癌,肿瘤科
颌骨癌,肿瘤外科
壶腹周围癌,肿瘤科
壶腹周围癌,肿瘤外科
汗腺癌,肿瘤科
汗腺癌,肿瘤外科
混合瘤,肿瘤科
混合瘤,肿瘤外科
横纹肌肉瘤,肿瘤科
横纹肌肉瘤,肿瘤外科
颌面部骨巨细胞瘤,肿瘤科
颌面部骨巨细胞瘤,肿瘤外科
颌面部神经纤维瘤,肿瘤科
颌面部神经纤维瘤,肿瘤外科
滑膜肉瘤,肿瘤科
滑膜肉瘤,肿瘤外科
黑色素瘤,肿瘤科
黑色素瘤,肿瘤外科
汗管棘皮瘤,肿瘤科
汗管棘皮瘤,肿瘤外科
何杰金病,肿瘤科
何杰金病,肿瘤外科
海绵状淋巴管瘤,肿瘤科
海绵状淋巴管瘤,肿瘤外科
角化棘皮瘤,肿瘤科
角化棘皮瘤,肿瘤外科
结缔组织增生...,肿瘤科
结缔组织增生...,肿瘤外科
脊索瘤,肿瘤科
脊索瘤,肿瘤外科
间充质软骨肉瘤,肿瘤科
间充质软骨肉瘤,肿瘤外科
基底细胞癌,肿瘤科
基底细胞癌,肿瘤外科
腱鞘巨细胞瘤,肿瘤科
腱鞘巨细胞瘤,肿瘤外科
局限型间皮瘤,肿瘤科
局限型间皮瘤,肿瘤外科
胶质细胞瘤,肿瘤科
胶质细胞瘤,肿瘤外科
基底细胞腺瘤,肿瘤科
基底细胞腺瘤,肿瘤外科
继发性皮肤C...,肿瘤科
继发性皮肤C...,肿瘤外科
眶脑膜瘤,肿瘤科
眶脑膜瘤,肿瘤外科
Kaposis肉瘤,肿瘤科
Kaposis肉瘤,肿瘤外科
口腔癌,肿瘤科
口腔癌,肿瘤外科
口腔癌皮肤转移,肿瘤科
口腔癌皮肤转移,肿瘤外科
考登病中的多...,肿瘤科
考登病中的多...,肿瘤外科
颅内肿瘤,肿瘤科
颅内肿瘤,肿瘤外科
卵巢肿瘤,肿瘤科
卵巢肿瘤,肿瘤外科
颅底肿瘤,肿瘤科
颅底肿瘤,肿瘤外科
阑尾肿瘤,肿瘤科
阑尾肿瘤,肿瘤外科
老年人乳腺癌,肿瘤科
老年人乳腺癌,肿瘤外科
老年人原发性肝癌,肿瘤科
老年人原发性肝癌,肿瘤外科
泪腺肿瘤,肿瘤科
泪腺肿瘤,肿瘤外科
颅后窝室管膜瘤,肿瘤科
颅后窝室管膜瘤,肿瘤外科
颅咽管瘤,肿瘤科
颅咽管瘤,肿瘤外科
良性肿瘤,肿瘤科
良性肿瘤,肿瘤外科
良性脂肪母细胞瘤,肿瘤科
良性脂肪母细胞瘤,肿瘤外科
弥漫性婴儿纤维瘤病,肿瘤科
弥漫性婴儿纤维瘤病,肿瘤外科
泌尿道肿瘤皮肤转移,肿瘤科
泌尿道肿瘤皮肤转移,肿瘤外科
梅克尔细胞癌,肿瘤科
梅克尔细胞癌,肿瘤外科
毛细淋巴管瘤,肿瘤科
毛细淋巴管瘤,肿瘤外科
毛胚细胞瘤,肿瘤科
毛胚细胞瘤,肿瘤外科
毛囊周围纤维瘤,肿瘤科
毛囊周围纤维瘤,肿瘤外科
毛囊皮脂腺囊...,肿瘤科
毛囊皮脂腺囊...,肿瘤外科
毛囊漏斗肿瘤,肿瘤科
毛囊漏斗肿瘤,肿瘤外科
毛母质瘤,肿瘤科
毛母质瘤,肿瘤外科
毛根鞘癌,肿瘤科
毛根鞘癌,肿瘤外科
毛发腺瘤,肿瘤科
毛发腺瘤,肿瘤外科
脑胶质瘤,肿瘤科
脑胶质瘤,肿瘤外科
尿道旁腺癌,肿瘤科
尿道旁腺癌,肿瘤外科
尿道癌,肿瘤科
尿道癌,肿瘤外科
内生性软骨瘤,肿瘤科
内生性软骨瘤,肿瘤外科
男性乳腺癌,肿瘤科
男性乳腺癌,肿瘤外科
黏液性小汗腺癌,肿瘤科
黏液性小汗腺癌,肿瘤外科
黏液纤维肉瘤,肿瘤科
黏液纤维肉瘤,肿瘤外科
黏膜相关样组...,肿瘤科
黏膜相关样组...,肿瘤外科
脑膜癌病,肿瘤科
脑膜癌病,肿瘤外科
颞叶肿瘤,肿瘤科
颞叶肿瘤,肿瘤外科
女性尿道癌,肿瘤科
女性尿道癌,肿瘤外科
男性尿道癌,肿瘤科
男性尿道癌,肿瘤外科
皮肤纤维瘤,肿瘤科
皮肤纤维瘤,肿瘤外科
皮肤平滑肌瘤,肿瘤科
皮肤平滑肌瘤,肿瘤外科
皮脂腺上皮瘤,肿瘤科
皮脂腺上皮瘤,肿瘤外科
平滑肌肉瘤,肿瘤科
平滑肌肉瘤,肿瘤外科
皮脂腺腺瘤,肿瘤科
皮脂腺腺瘤,肿瘤外科
皮脂腺癌,肿瘤科
皮脂腺癌,肿瘤外科
皮肤腺样囊性癌,肿瘤科
皮肤腺样囊性癌,肿瘤外科
皮肤软骨瘤,肿瘤科
皮肤软骨瘤,肿瘤外科
皮肤黏液瘤,肿瘤科
皮肤黏液瘤,肿瘤外科
皮肤淋巴细胞瘤,肿瘤科
皮肤淋巴细胞瘤,肿瘤外科
皮肤骨瘤,肿瘤科
皮肤骨瘤,肿瘤外科
膀胱葡萄状肉瘤,肿瘤科
膀胱葡萄状肉瘤,肿瘤外科
前列腺肉瘤,肿瘤科
前列腺肉瘤,肿瘤外科
青少年及小儿...,肿瘤科
青少年及小儿...,肿瘤外科
侵袭性指趾乳...,肿瘤科
侵袭性指趾乳...,肿瘤外科
侵袭性婴儿纤维瘤病,肿瘤科
侵袭性婴儿纤维瘤病,肿瘤外科
软骨母细胞瘤,肿瘤科
软骨母细胞瘤,肿瘤外科
乳头状囊腺瘤,肿瘤科
乳头状囊腺瘤,肿瘤外科
软腭癌,肿瘤科
软腭癌,肿瘤外科
软骨样汗管瘤,肿瘤科
软骨样汗管瘤,肿瘤外科
软骨粘液样纤维瘤,肿瘤科
软骨粘液样纤维瘤,肿瘤外科
乳腺纤维肉瘤,肿瘤科
乳腺纤维肉瘤,肿瘤外科
乳腺叶状囊肉瘤,肿瘤科
乳腺叶状囊肉瘤,肿瘤外科
软组织肉瘤,肿瘤科
软组织肉瘤,肿瘤外科
食管肉瘤,肿瘤科
食管肉瘤,肿瘤外科
神经纤维瘤病,肿瘤科
神经纤维瘤病,肿瘤外科
神经纤维肉瘤,肿瘤科
神经纤维肉瘤,肿瘤外科
生殖道肿瘤,肿瘤科
生殖道肿瘤,肿瘤外科
食管类癌,肿瘤科
食管类癌,肿瘤外科
输卵管肿瘤,肿瘤科
输卵管肿瘤,肿瘤外科
视神经胶质瘤,肿瘤科
视神经胶质瘤,肿瘤外科
湿疹样癌,肿瘤科
湿疹样癌,肿瘤外科
腮腺恶性肿瘤,肿瘤科
腮腺恶性肿瘤,肿瘤外科
食管平滑肌瘤,肿瘤科
食管平滑肌瘤,肿瘤外科
神经内分泌肿...,肿瘤科
神经内分泌肿...,肿瘤外科
听神经瘤,肿瘤科
听神经瘤,肿瘤外科
透明细胞棘皮瘤,肿瘤科
透明细胞棘皮瘤,肿瘤外科
透明细胞软骨肉瘤,肿瘤科
透明细胞软骨肉瘤,肿瘤外科
头部鳞状细胞癌,肿瘤科
头部鳞状细胞癌,肿瘤外科
透明细胞汗腺腺瘤,肿瘤科
透明细胞汗腺腺瘤,肿瘤外科
外阴恶性颗粒细胞瘤,肿瘤科
外阴恶性颗粒细胞瘤,肿瘤外科
外阴肿瘤,肿瘤科
外阴肿瘤,肿瘤外科
外阴腺鳞癌,肿瘤科
外阴腺鳞癌,肿瘤外科
外阴梅克尔细胞癌,肿瘤科
外阴梅克尔细胞癌,肿瘤外科
外阴基底细胞癌,肿瘤科
外阴基底细胞癌,肿瘤外科
外耳道乳头状瘤,肿瘤科
外耳道乳头状瘤,肿瘤外科
外阴恶性横纹肌样瘤,肿瘤科
外阴恶性横纹肌样瘤,肿瘤外科
外阴上皮样肉瘤,肿瘤科
外阴上皮样肉瘤,肿瘤外科
胃肠道伴癌综合征,肿瘤科
胃肠道伴癌综合征,肿瘤外科
外阴血管外皮细胞瘤,肿瘤科
外阴血管外皮细胞瘤,肿瘤外科
外阴肿瘤合并妊娠,肿瘤科
外阴肿瘤合并妊娠,肿瘤外科
微囊肿腺癌,肿瘤科
微囊肿腺癌,肿瘤外科
血管球瘤,肿瘤科
血管球瘤,肿瘤外科
血管母细胞瘤,肿瘤科
血管母细胞瘤,肿瘤外科
血管脂肪瘤,肿瘤科
血管脂肪瘤,肿瘤外科
小儿大脑半球胶质瘤,肿瘤科
小儿大脑半球胶质瘤,肿瘤外科
下丘脑错构瘤,肿瘤科
下丘脑错构瘤,肿瘤外科
小儿颅后窝室管膜瘤,肿瘤科
小儿颅后窝室管膜瘤,肿瘤外科
星形细胞瘤,肿瘤科
星形细胞瘤,肿瘤外科
涎腺癌,肿瘤科
涎腺癌,肿瘤外科
血管周细胞瘤,肿瘤科
血管周细胞瘤,肿瘤外科
血管网织细胞瘤,肿瘤科
血管网织细胞瘤,肿瘤外科
小儿葡萄状肉瘤,肿瘤科
小儿葡萄状肉瘤,肿瘤外科
涎腺的未分化癌,肿瘤科
涎腺的未分化癌,肿瘤外科
原发性阴道恶...,肿瘤科
原发性阴道恶...,肿瘤外科
阴道鳞状上皮癌,肿瘤科
阴道鳞状上皮癌,肿瘤外科
原发性乳腺恶...,肿瘤科
原发性乳腺恶...,肿瘤外科
阴道子宫内膜...,肿瘤科
阴道子宫内膜...,肿瘤外科
眼眶脂肪瘤,肿瘤科
眼眶脂肪瘤,肿瘤外科
原发性鼻腔淋巴瘤,肿瘤科
原发性鼻腔淋巴瘤,肿瘤外科
阴道黑色素瘤,肿瘤科
阴道黑色素瘤,肿瘤外科
婴儿肌纤维瘤病,肿瘤科
婴儿肌纤维瘤病,肿瘤外科
隐匿型乳腺癌,肿瘤科
隐匿型乳腺癌,肿瘤外科
原发性腮腺淋巴瘤,肿瘤科
原发性腮腺淋巴瘤,肿瘤外科
阴道上皮内瘤样变,肿瘤科
阴道上皮内瘤样变,肿瘤外科
转移性骨肿瘤,肿瘤科
转移性骨肿瘤,肿瘤外科
植物神经系统肿瘤,肿瘤科
植物神经系统肿瘤,肿瘤外科
纵膈肿瘤,肿瘤科
纵膈肿瘤,肿瘤外科
组织细胞纤维瘤,肿瘤科
组织细胞纤维瘤,肿瘤外科
增生性毛根鞘瘤,肿瘤科
增生性毛根鞘瘤,肿瘤外科
主动脉瘤,肿瘤科
主动脉瘤,肿瘤外科
转移性胸膜肿瘤,肿瘤科
转移性胸膜肿瘤,肿瘤外科
纵隔副神经节...,肿瘤科
纵隔副神经节...,肿瘤外科
支气管腺瘤,肿瘤科
支气管腺瘤,肿瘤外科
纵隔囊肿及肿瘤,肿瘤科
纵隔囊肿及肿瘤,肿瘤外科
早期乳腺癌,肿瘤科
早期乳腺癌,肿瘤外科
纵隔非霍奇金淋巴瘤,肿瘤科
纵隔非霍奇金淋巴瘤,肿瘤外科
