prescription_name,herb_name,dosage
葛根汤,葛根四两（,12g）
葛根汤,麻黄三两（,9g）
葛根汤,桂枝二两（,6g）
葛根汤,芍药二两（,6g）
葛根汤,甘草二两（,6g）
葛根汤,生姜三两（,9g）
葛根汤,大枣,十二枚
三物黄芩汤,黄芩,6g）
三物黄芩汤,苦参各二两（,6g）
三物黄芩汤,干地黄四两（,12g）
参附龙牡汤,熟附子,10~30g
参附龙牡汤,人参,10~30g
参附龙牡汤,龙骨(煅,适量
参附龙牡汤,)、牡蛎(煅,适量
参附龙牡汤,),10~25g
参附龙牡汤,白芍,5g
参附龙牡汤,甘草,5g
麻黄杏仁甘草石膏汤,麻黄三钱(,9克)、杏仁三钱(9克)、甘草两钱(6克)、石膏(先煎)一两(30克)
当归四逆加吴茱萸生姜汤,当归,9克
当归四逆加吴茱萸生姜汤,芍药,9克
当归四逆加吴茱萸生姜汤,甘草,6克（炙）通草3克
当归四逆加吴茱萸生姜汤,桂枝,9克（去皮）细辛1.5克
当归四逆加吴茱萸生姜汤,生姜,15克（切）吴茱萸5克
当归四逆加吴茱萸生姜汤,大枣,5枚（擘）
参附汤,人参一两(,30克)、附子半两(10克)
养阴清肺汤,大生地,6g
养阴清肺汤,麦冬,9g
养阴清肺汤,玄参,9g
养阴清肺汤,生甘草、薄荷,3g
养阴清肺汤,贝母,5g
养阴清肺汤,丹皮,5g
养阴清肺汤,白芍,5g
四逆加人参汤,甘草,6克（炙）附子10克（生
四逆加人参汤,）干姜,4.5克
四逆加人参汤,人参,3克
五积散,】苍术,600克)
五积散,桔梗各二十两(,600克)
五积散,枳壳,180克)
五积散,陈皮各六两(,180克)
五积散,芍药,90克)
五积散,白芷,90克)
五积散,川芎,90克)
五积散,当归,90克)
五积散,甘草,90克)
五积散,肉桂,90克)
五积散,茯苓,90克)
五积散,半夏各三两(,90克)
五积散,厚朴干姜各四两(,120克)
五积散,麻黄六两(,180克)
柴胡疏肝散,醋陈皮,6g）
柴胡疏肝散,柴胡各二钱（,6g）
柴胡疏肝散,川芎,5g）
柴胡疏肝散,香附,5g）
柴胡疏肝散,枳壳麸,5g）
柴胡疏肝散,芍药各一钱半（,5g）
柴胡疏肝散,甘草五分（,3g）
牛蒡解肌汤,牛蒡子(,9克)、薄荷(3克)、荆芥(12克)、连翘(9克)、山栀子(9克)、牡丹皮(9克)、石斛(9克)、玄参(9克)、夏枯草(9克)
清经散,牡丹皮(,9克)、地骨皮(15克)、白芍（酒炒）(9克)、大熟地黄（九蒸）(6克)、青蒿(6克)、白茯苓(3克)、黄柏（盐水浸炒）(1.5克)
玉液汤,生山药一两(,30克)、生黄芪五钱(15克)、知母六钱(18克)、生鸡内金捣细
玉液汤,二钱(,6克)、葛根一钱半(4.5克)、五味子三钱(9克)、天花粉三钱(9克)
赤小豆当归散,赤小豆三升(,150克)、当归三两(30克)
柴胡桂枝汤,柴胡四两（,12g）
柴胡桂枝汤,桂枝一两半（,4.5g）
柴胡桂枝汤,黄芩一两半（,4.5g）
柴胡桂枝汤,人参一两半（,4.5g）
柴胡桂枝汤,甘草一两（,3g）
柴胡桂枝汤,半夏二合半（,6g）
柴胡桂枝汤,芍药一两半（,4.5g）
柴胡桂枝汤,大枣,六枚
柴胡桂枝汤,生姜一两半（,4.5g）
身痛逐瘀汤,秦艽(,3克)、川芎(6克)、桃仁(9克)、红花(9克)、甘草(6克)、羌活(3克)、没药(6克)、当归(9克)、五灵脂(6克)、香附(3克)、牛膝(9克)、地龙(6克)
保元汤,人参一钱(,3克)、黄芪三钱(9克)、甘草一钱(3克)、肉桂五至七分(1.5～2克)(原书无用量
益气聪明汤,黄芪,15g
益气聪明汤,甘草,15g
益气聪明汤,芍药,3g
益气聪明汤,黄柏（酒制,适量
益气聪明汤,锉,适量
益气聪明汤,黄）,3g
益气聪明汤,人参,15g
益气聪明汤,升麻,9g
益气聪明汤,葛根,9g
益气聪明汤,蔓荆子,4.5
益气聪明汤,g,适量
黛蛤散（青蛤丸）,青黛,30g
黛蛤散（青蛤丸）,蛤壳,300g
猪苓汤,猪苓三钱(,9克)、茯苓三钱(9克)、泽泻三钱(9克)、滑石三钱(9克)、阿胶三钱(9克)
三才封髓丹,人参,15克)
三才封髓丹,天门冬,15克)
三才封髓丹,熟地黄各半两(,15克)
三才封髓丹,黄柏,3两(90克)
三才封髓丹,砂仁一两半(,45克)
三才封髓丹,甘草七钱半(,22.5克)
增液承气汤,生地黄,24克)
增液承气汤,麦门冬各八钱(,24克)
增液承气汤,大黄三钱(,9克)
增液承气汤,芒硝一钱五分(,4.5克)
增液承气汤,玄参一两(,30克)
半夏秫米汤,半夏一钱(,10克)、秫米五钱(15克)
三圣散,没药（研、,一分）、琥珀（研、一分）、干蝎（七枚、全者、炒）
三圣散,防风,90克（去芦）瓜蒂90克（碾破
三圣散,以纸卷定,适量
三圣散,连纸锉细,适量
三圣散,去纸,适量
三圣散,用粗罗子罗过,适量
三圣散,另放末,适量
三圣散,将滓微黄,适量
三圣散,次入末一处,适量
三圣散,同黄用）藜芦,7.5克（或1.5～30克）
盐汤探吐方,食盐,适量
救急稀涎散,削去黑皮)四挺(,120克)、白矾(通莹者)一两(30克)
封髓丹,黄柏,90克
封髓丹,缩砂仁,45克
封髓丹,甘草,60克
封髓丹,黄柏,3两
封髓丹,甘草,7钱
封髓丹,砂仁,1两
封髓丹,苁蓉,5钱
封髓丹,莲须,5钱
封髓丹,芡实,5钱
封髓丹,商黄柏,半两
封髓丹,刘寄奴,半两
封髓丹,新莲蕊,半两
封髓丹,破故纸,1两
封髓丹,母丁香、蛤蚧,1对
封髓丹,枣针,半两
五子衍宗丸,枸杞子,400g
五子衍宗丸,菟丝子,400g
五子衍宗丸,覆盆子,200g
五子衍宗丸,五味子,50g
五子衍宗丸,车前子,100g
五子衍宗丸,枸杞子、,适量
五子衍宗丸,菟丝子（酒蒸,适量
五子衍宗丸,捣饼）,240克
五子衍宗丸,北五味子,60克
五子衍宗丸,覆盆子（酒洗,适量
五子衍宗丸,去目）,120克
五子衍宗丸,车前子,60克
缩泉丸,益智仁10克,等分）
缩泉丸,乌药10克,等分）
缩泉丸,山药10克（或,等分）
水陆二仙丹,芡实,等分
水陆二仙丹,金樱子,等分
桂枝葛根汤（桂枝加葛根汤）,桂枝（,6克）
桂枝葛根汤（桂枝加葛根汤）,芍药（,6克）
桂枝葛根汤（桂枝加葛根汤）,生姜（,9克）
桂枝葛根汤（桂枝加葛根汤）,甘草（,6克）
桂枝葛根汤（桂枝加葛根汤）,大枣（,3枚）
桂枝葛根汤（桂枝加葛根汤）,葛根（,12克）
桂枝葛根汤（桂枝加葛根汤）,桂枝,七钱
桂枝葛根汤（桂枝加葛根汤）,芍药,七钱
桂枝葛根汤（桂枝加葛根汤）,甘草,七钱
桂枝葛根汤（桂枝加葛根汤）,葛根,一两三钱
桂枝葛根汤（桂枝加葛根汤）,桂枝,一钱
桂枝葛根汤（桂枝加葛根汤）,葛根,一钱
桂枝葛根汤（桂枝加葛根汤）,赤芍药,一钱
桂枝葛根汤（桂枝加葛根汤）,升麻,一钱
桂枝葛根汤（桂枝加葛根汤）,防风,一钱
桂枝葛根汤（桂枝加葛根汤）,甘草,一钱
桂枝葛根汤（桂枝加葛根汤）,葛根,12克
桂枝葛根汤（桂枝加葛根汤）,麻黄,9克(去节)
桂枝葛根汤（桂枝加葛根汤）,芍药,6克
桂枝葛根汤（桂枝加葛根汤）,生姜,9克(切)
桂枝葛根汤（桂枝加葛根汤）,甘草,6克(炙)
桂枝葛根汤（桂枝加葛根汤）,大枣,12枚(擘)
桂枝葛根汤（桂枝加葛根汤）,桂枝,6克(去皮)
建瓯汤,生怀山药,30克
建瓯汤,怀牛膝,30克
建瓯汤,生赭石,24克（轧细）
建瓯汤,生龙骨,18克（捣细）
建瓯汤,生牡蛎,18克（捣细）
建瓯汤,生怀地黄,18克
建瓯汤,生杭芍,12克
建瓯汤,柏子仁,12克
厚朴七物汤,厚朴半斤(,15克)
厚朴七物汤,甘草三两(,9克)、大黄三两(9克)
厚朴七物汤,大枣十枚(,4枚)
厚朴七物汤,枳实五枚(,9克)
厚朴七物汤,挂枝二两(,6克)
厚朴七物汤,生姜五两(,12克)
生脉饮,人参,适量
生脉饮,麦冬,适量
生脉饮,五味子,适量
龟鹿二仙胶（龟鹿二仙膏、二仙胶、龟鹿二胶）,鹿角十斤(,5000克)、龟甲五斤(2500克)、人参十五两(450克)、枸杞子三十两(900克)
龟鹿二仙胶（龟鹿二仙膏、二仙胶、龟鹿二胶）,赤白何首乌各一斤(,500克)
龟鹿二仙胶（龟鹿二仙膏、二仙胶、龟鹿二胶）,白茯苓半斤(,250克)
龟鹿二仙胶（龟鹿二仙膏、二仙胶、龟鹿二胶）,牛膝半斤(,250克)
龟鹿二仙胶（龟鹿二仙膏、二仙胶、龟鹿二胶）,当归半斤(,250克)
龟鹿二仙胶（龟鹿二仙膏、二仙胶、龟鹿二胶）,枸杞半斤(,250克)
龟鹿二仙胶（龟鹿二仙膏、二仙胶、龟鹿二胶）,菟丝子半斤(,250克)
龟鹿二仙胶（龟鹿二仙膏、二仙胶、龟鹿二胶）,补骨脂四两(,120克)
开郁种玉汤,白芍,30克
开郁种玉汤,香附,9克
开郁种玉汤,当归,15克
开郁种玉汤,白术,15克
开郁种玉汤,丹皮,9克
开郁种玉汤,茯苓,9克
开郁种玉汤,花粉,6克
三甲复脉汤,甘草,18克)
三甲复脉汤,干地黄,18克)
三甲复脉汤,生白芍各六钱(,18克)
三甲复脉汤,不麦门冬五钱(,15克)
三甲复脉汤,阿胶三钱(,9克)
三甲复脉汤,麻仁三钱(,9克)
三甲复脉汤,生牡蛎五钱(,15克)
三甲复脉汤,生鳖甲八钱(,24克)
三甲复脉汤,生龟甲一两(,30克)
二甲复脉汤,甘草,18克
二甲复脉汤,干地黄,18克
二甲复脉汤,生白芍,18克
二甲复脉汤,麦冬,15克
二甲复脉汤,阿胶,9克(烊化服)
二甲复脉汤,火麻仁,9克
二甲复脉汤,生牡蛎,15克
二甲复脉汤,生鳖甲,24克
二甲复脉汤,加减复脉汤加生牡蛎,5钱
二甲复脉汤,生鳖甲,8钱
一甲复脉汤,牡蛎,30克（碾细）
一甲复脉汤,甘草,18克
一甲复脉汤,干地黄,18克
一甲复脉汤,生白芍,18克
一甲复脉汤,麦冬,15克（不去心）
一甲复脉汤,阿胶,9克
助仙丹,白茯苓五钱（,15g）
助仙丹,陈皮五钱（,15g）
助仙丹,白术三钱（,9g）
助仙丹,土白芍三钱（,9g）
助仙丹,酒山药三钱（,9g）
助仙丹,菟丝子二钱（,6g）
助仙丹,酒杜仲一钱（,3g）
助仙丹,黑甘草（,3g）
益经汤,大熟地,30克（九蒸）
益经汤,白术,30克（土炒）
益经汤,山药,15克（炒）
益经汤,当归,15克（酒洗）
益经汤,白芍,9克（酒炒）
益经汤,生枣仁,9克（捣碎）
益经汤,丹皮,6克
益经汤,沙参,9克
益经汤,柴胡,3克
益经汤,杜仲,3克（炒黑）
益经汤,人参,6克
理中汤,人参,6克(可用党参代替)
理中汤,干姜,9克
理中汤,甘草,6克
理中汤,白术,12克
麻黄附子甘草汤,麻黄去节,适量
麻黄附子甘草汤,二两（,6g）
麻黄附子甘草汤,甘草,适量
麻黄附子甘草汤,二两（,6g）
麻黄附子甘草汤,附子炮,适量
麻黄附子甘草汤,破八片,适量
麻黄附子甘草汤,一枚（,5g）
桃红四物汤,熟地,15克、当归15克、
桃红四物汤,白芍,10克、
桃红四物汤,川芎,8克、
桃红四物汤,桃仁,9克、红花6克
桂枝加附子汤,桂枝,9克)
桂枝加附子汤,芍药,9克)
桂枝加附子汤,甘草,9克)
桂枝加附子汤,生姜各三两(,9克)
桂枝加附子汤,大枣十二枚(,3枚)
桂枝加附子汤,附子一枚(,9克)
导痰汤,半夏四两(,120克)
导痰汤,炮天南星,一两(30克)
导痰汤,橘红,一两(30克)
导痰汤,麸去瓤枳实,一两(30克)
导痰汤,赤茯苓,一两(30克)
导痰汤,甘草半两(,15克)
导痰汤,苍术,2两
导痰汤,香附,2两
导痰汤,枳壳,2两
导痰汤,陈皮,1两5钱
导痰汤,茯苓,1两5钱
导痰汤,胆星,1两
导痰汤,甘草,1两
导痰汤,苍术,2两
导痰汤,香附,2两
导痰汤,陈皮,1两半
导痰汤,南星（炮,适量
导痰汤,另制）,1两
导痰汤,枳壳,1两
导痰汤,半夏,1两
导痰汤,川芎,1两
导痰汤,滑石,4两
导痰汤,白茯,1两半
导痰汤,神曲,1两
导痰汤,苍术,9克
导痰汤,制南星,9克
导痰汤,石楠叶,9克
导痰汤,香附,10克
导痰汤,杜仲,10克
导痰汤,仙灵脾,10克
导痰汤,陈皮,6克
导痰汤,茯苓,15克
导痰汤,制半夏,12克
麻桂各半汤,麻黄,4.5克
麻桂各半汤,桂枝,6克
麻桂各半汤,白芍,9克
麻桂各半汤,杏仁,9克
麻桂各半汤,生姜,3片
麻桂各半汤,红枣,5枚
麻桂各半汤,甘草,6克.
升麻葛根汤,升麻,30克
升麻葛根汤,芍药,30克
升麻葛根汤,甘草,30克
升麻葛根汤,葛根,45克
海浮散,乳香、,适量
海浮散,没药,等分
葶苈大枣泻肺汤（又名葶苈大枣汤、葶苈泻肺汤）,葶苈子五钱(,15克)
葶苈大枣泻肺汤（又名葶苈大枣汤、葶苈泻肺汤）,大枣五钱(,15克)
麻黄杏仁薏苡甘草汤,麻黄（,9g）、
麻黄杏仁薏苡甘草汤,杏仁（,6g）
麻黄杏仁薏苡甘草汤,、薏苡仁（,12g）、
麻黄杏仁薏苡甘草汤,甘草（,3g）
活络效灵丹,当归,15克
活络效灵丹,丹参,15克
活络效灵丹,生明乳香,15克
活络效灵丹,生明没药,15克
防已茯苓汤,防己三钱(,9克)、黄芪三钱(9克)、桂枝三钱(9克)、茯苓六钱(18克)、甘草二钱(6克)
小续命汤,麻黄,9克)
小续命汤,防己,9克)
小续命汤,人参,9克)
小续命汤,黄芩,9克)
小续命汤,桂心,9克)
小续命汤,甘草,9克)
小续命汤,芍药,9克)
小续命汤,川芎,9克)
小续命汤,杏仁各一两(,9克)
小续命汤,附子一枚(,6克)
小续命汤,防风一两半(,9克)
小续命汤,生姜五两(,6克)
小续命汤,麻黄,适量
小续命汤,芎藭,90克
小续命汤,干姜,适量
小续命汤,石膏,适量
小续命汤,人参,适量
小续命汤,当归,适量
小续命汤,桂心,适量
小续命汤,甘草,30克
小续命汤,杏仁,40枚
小续命汤,麻黄（去节.先煮掠去沫.焙.,一两半）
小续命汤,独活（,一两半）
小续命汤,升麻（,半两）
小续命汤,葛根（,半两）
小续命汤,羚羊角屑（,一两）
小续命汤,桂心（,一两）
小续命汤,防风（去叉.,一两半）
小续命汤,甘草（.,一两）
小续命汤,麻黄,1钱
小续命汤,防风,1钱
小续命汤,龙齿,1钱
小续命汤,防己,1钱
小续命汤,附子,1钱
小续命汤,石膏,1钱
小续命汤,桂枝,1钱
小续命汤,陈皮,5分
小续命汤,紫苏,5分
小续命汤,竹沥,1合
小续命汤,生姜汁,10匙
小续命汤,生地汁半合,适量
小续命汤,人参,2钱
小续命汤,焦术,2钱
小续命汤,茯苓,2钱
小续命汤,炮姜,8分
小续命汤,熟附子,3钱
小续命汤,北细辛,5分
小续命汤,生黄耆,3钱
小续命汤,防风,2钱
小续命汤,酒拌归身,3钱
小续命汤,法夏,1钱
小续命汤,甘草,8分
小续命汤,杞子,3钱
小续命汤,鹿胶,3钱
小续命汤,石菖蒲（米汁浸,适量
小续命汤,）,1钱5分（一方加天竺黄1钱5分）
散偏汤,白芍五钱(,15克)、川芎一两(30克)、郁李仁一钱(3克)、柴胡一钱(3克)、白芥子三钱(9克)、香附二钱(6克)、甘草一钱(3克)
散偏汤,、白芷五分(,1.5克)
白金丸（矾郁丸,白矾四两(,120g)、郁金七两(210g)
牡蛎泽泻散,牡蛎,适量
牡蛎泽泻散,泽泻,适量
牡蛎泽泻散,蜀漆,适量
牡蛎泽泻散,葶苈子,适量
牡蛎泽泻散,商陆根,适量
牡蛎泽泻散,海藻,适量
牡蛎泽泻散,栝楼根,等分
抵当汤,水蛭,6克)
抵当汤,虻虫各30个(,6克)
抵当汤,桃仁,20个(9克)
抵当汤,大黄三两(,9克)
白虎加人参汤,知母六两(,9克)、石膏一斤(30克)、甘草二两(3克)、粳米六合(15克)、人参三两(10克)
麻黄连翘赤小豆汤,麻黄,6克
麻黄连翘赤小豆汤,连翘,9克
麻黄连翘赤小豆汤,杏仁,9克
麻黄连翘赤小豆汤,赤小豆,30克
麻黄连翘赤小豆汤,大枣,12枚
麻黄连翘赤小豆汤,桑白皮,10克
麻黄连翘赤小豆汤,生姜,6克
麻黄连翘赤小豆汤,甘草,6克
三星汤,金银花,二两
三星汤,蒲公英,一两
三星汤,生甘草,三钱
三星汤,谷芽,10克
三星汤,麦芽,10克
三星汤,山楂,5克（一岁以上）
三星汤,谷芽,8克
三星汤,麦芽,8克
三星汤,山楂,3克（一岁以下）
子母两快汤,熟地,5钱
子母两快汤,麦冬,5钱
子母两快汤,当归,2钱
子母两快汤,山茱萸,3钱
子母两快汤,茯苓,2钱
子母两快汤,芡实,2钱
子母两快汤,山药,2钱
子母两快汤,玄参,5钱
子母两快汤,莱菔子,10~20克
子母两快汤,白萝卜,10~20克
开胸顺气丸,槟榔,300克
开胸顺气丸,牵牛子,400克
开胸顺气丸,陈皮,100克
开胸顺气丸,木香,75克
开胸顺气丸,姜制厚朴,100克
开胸顺气丸,醋制三棱,100克
开胸顺气丸,醋制莪术,100克
开胸顺气丸,猪牙皂,50克
开胸顺气丸,当归,9克、生地黄9克、桃仁12、红花9克、枳壳6克、赤芍6克、川芎5克、柴胡3克、桔梗5克、牛膝9克、甘草3克
补络补管汤,生龙骨,30g
补络补管汤,生牡蛎,30g
补络补管汤,三七粉,6g
补络补管汤,山茱萸,30g
栀子豆鼓汤（栀子豉汤）,栀子十四个(,9克)、香豉四合(6克)
甘草泻心汤,甘草,12克（炙）
甘草泻心汤,黄芩,9克
甘草泻心汤,干姜,9克
甘草泻心汤,半夏,9克（洗）
甘草泻心汤,大枣,12枚（擘）
甘草泻心汤,黄连,3克（注《金匮》有人参三两）
茯苓杏仁甘草汤,茯苓三两(,9克)
茯苓杏仁甘草汤,杏仁五十个(,8.5克)
茯苓杏仁甘草汤,甘草一两(,3克)
神术散,苍术五两(,150克)
神术散,藁本,30克)
神术散,白芷,30克)
神术散,细辛,30克)
神术散,羌活,30克)
神术散,川芎,30克)
神术散,甘草各—两(,30克)
神术散,苍术（米泔浸一宿,适量
神术散,焙）,150克
神术散,藁本香白芷,适量
神术散,细辛羌活川芎,适量
神术散,甘草,30克
神术散,苍术陈皮,适量
神术散,厚朴,1千克
神术散,甘草,360克
神术散,藿香,250克
神术散,砂仁,120克
神术散,苍术（米泔浸,适量
神术散,）,等分
神术散,荆芥穗,等分
神术散,藁本,等分
神术散,干葛,等分
神术散,麻黄,等分
神术散,甘草,等分
麻黄连翘赤小豆汤,麻黄,6克（去节）
麻黄连翘赤小豆汤,连翘,9克（即连翘根）
麻黄连翘赤小豆汤,杏仁,6克
麻黄连翘赤小豆汤,赤小豆,30克
麻黄连翘赤小豆汤,大枣,12枚（擘）
麻黄连翘赤小豆汤,生梓白皮（,适量
麻黄连翘赤小豆汤,现多用桑白皮代替）,10克
麻黄连翘赤小豆汤,生姜,6克
麻黄连翘赤小豆汤,甘草,6克（炙）
仙遗粮汤,仙遗粮四两（,120g）
仙遗粮汤,防风,一钱（3g）
仙遗粮汤,荆芥,一钱（3g）
仙遗粮汤,川芎,一钱（3g）
仙遗粮汤,当归,一钱（3g）
仙遗粮汤,天花粉,一钱（3g）
仙遗粮汤,金银花,一钱（3g）
仙遗粮汤,白蒺藜,一钱（3g）
仙遗粮汤,薏苡仁,一钱（3g）
仙遗粮汤,威灵仙,一钱（3g）
仙遗粮汤,山栀,六分（1.8g）
仙遗粮汤,黄连,六分（1.8g）
仙遗粮汤,连翘,六分（1.8g）
仙遗粮汤,干葛,六分（1.8g）
仙遗粮汤,白芷,六分（1.8g）
仙遗粮汤,甘草,六分（1.8g）
仙遗粮汤,黄芩,六分（1.8g）
仙遗粮汤,鲜土茯苓,60克（洗净
仙遗粮汤,木石臼内捣碎）,适量
仙遗粮汤,当归,适量
仙遗粮汤,生地,适量
仙遗粮汤,防风,适量
仙遗粮汤,木通,适量
仙遗粮汤,薏仁,2.4克
仙遗粮汤,金银花,适量
仙遗粮汤,黄连,适量
仙遗粮汤,连翘,3克
仙遗粮汤,白术,适量
仙遗粮汤,白鲜皮,2.1克
仙遗粮汤,皂刺,1.8克
仙遗粮汤,甘草,1.2克
仙遗粮汤,灯心,20根
仙遗粮汤,土茯苓(干者,七钱)一两
仙遗粮汤,防风,五分
仙遗粮汤,木瓜,五分
仙遗粮汤,木通,五分
仙遗粮汤,薏苡仁,五分
仙遗粮汤,白鲜皮,五分
仙遗粮汤,金银花,五分
仙遗粮汤,皂子,四分
仙遗粮汤,川芎,一钱
仙遗粮汤,当归,一钱
仙遗粮汤,防风,一钱
仙遗粮汤,米仁,一钱
仙遗粮汤,木瓜,一钱
仙遗粮汤,木通,一钱
仙遗粮汤,银花,一钱
仙遗粮汤,白鲜皮,一钱
仙遗粮汤,苍术,一钱
仙遗粮汤,威灵仙,一钱
仙遗粮汤,甘草,五分
仙遗粮汤,肥皂(片,适量
仙遗粮汤,微)五个,适量
仙遗粮汤,木槌),二两
仙遗粮汤,仙遗粮四两(,120g)
仙遗粮汤,防风,三钱(10g)
仙遗粮汤,荆芥,三钱(10g)
仙遗粮汤,川芎,三钱(10g)
仙遗粮汤,当归,三钱(10g)
仙遗粮汤,天花粉,三钱(10g)
仙遗粮汤,金银花,三钱(10g)
仙遗粮汤,白蒺藜,三钱(10g)
仙遗粮汤,牛膝,三钱(10g)
仙遗粮汤,苡仁,三钱(10g)
仙遗粮汤,威灵仙,三钱(10g)
仙遗粮汤,山栀,三钱(10g)
仙遗粮汤,黄连,三钱(10g)
仙遗粮汤,连翘,三钱(10g)
仙遗粮汤,葛根,三钱(10g)
仙遗粮汤,白芷,三钱(10g)
仙遗粮汤,甘草,三钱(10g)
仙遗粮汤,黄芩,二钱(6g)
甘草麻黄汤（别名：麻黄汤、麻黄甘草汤、二物汤、麻甘汤、走马通圣散）,甘草,2两
甘草麻黄汤（别名：麻黄汤、麻黄甘草汤、二物汤、麻甘汤、走马通圣散）,麻黄,4两
甘草麻黄汤（别名：麻黄汤、麻黄甘草汤、二物汤、麻甘汤、走马通圣散）,麻黄,1分
甘草麻黄汤（别名：麻黄汤、麻黄甘草汤、二物汤、麻甘汤、走马通圣散）,杏仁,1分
甘草麻黄汤（别名：麻黄汤、麻黄甘草汤、二物汤、麻甘汤、走马通圣散）,桑白皮,1分
甘草麻黄汤（别名：麻黄汤、麻黄甘草汤、二物汤、麻甘汤、走马通圣散）,甘草,1分
甘草麻黄汤（别名：麻黄汤、麻黄甘草汤、二物汤、麻甘汤、走马通圣散）,麻黄,3分
甘草麻黄汤（别名：麻黄汤、麻黄甘草汤、二物汤、麻甘汤、走马通圣散）,地骨皮,半两
甘草麻黄汤（别名：麻黄汤、麻黄甘草汤、二物汤、麻甘汤、走马通圣散）,玄参,半两
甘草麻黄汤（别名：麻黄汤、麻黄甘草汤、二物汤、麻甘汤、走马通圣散）,五味子,3分
甘草麻黄汤（别名：麻黄汤、麻黄甘草汤、二物汤、麻甘汤、走马通圣散）,甘草(,适量
甘草麻黄汤（别名：麻黄汤、麻黄甘草汤、二物汤、麻甘汤、走马通圣散）,锉),1分
甘草麻黄汤（别名：麻黄汤、麻黄甘草汤、二物汤、麻甘汤、走马通圣散）,干姜,1分
甘草麻黄汤（别名：麻黄汤、麻黄甘草汤、二物汤、麻甘汤、走马通圣散）,附子(炮裂,适量
甘草麻黄汤（别名：麻黄汤、麻黄甘草汤、二物汤、麻甘汤、走马通圣散）,脐),半两
甘草麻黄汤（别名：麻黄汤、麻黄甘草汤、二物汤、麻甘汤、走马通圣散）,桔梗,半两
甘草麻黄汤（别名：麻黄汤、麻黄甘草汤、二物汤、麻甘汤、走马通圣散）,杏仁(汤浸,适量
甘草麻黄汤（别名：麻黄汤、麻黄甘草汤、二物汤、麻甘汤、走马通圣散）,尖双仁,适量
甘草麻黄汤（别名：麻黄汤、麻黄甘草汤、二物汤、麻甘汤、走马通圣散）,),半两
甘草麻黄汤（别名：麻黄汤、麻黄甘草汤、二物汤、麻甘汤、走马通圣散）,知母,半两
复明汤,青皮,3分
复明汤,橘皮,5分
复明汤,川芎,5分
复明汤,苍术,5分
复明汤,甘草,1钱
复明汤,生地黄,1钱
复明汤,连翘,1钱
复明汤,柴胡,1钱
复明汤,黄耆,1钱5分
复明汤,当归身,2钱
复明汤,草龙胆麻黄,等分
复明汤,苍术,60克（米泔浸
复明汤,焙干）谷精草,30克
复明汤,地肤子,15克
复明汤,决明子,15克
复明汤,黄芩,15克
复明汤,黄耆,5克
复明汤,生地黄,适量
复明汤,柴胡,适量
复明汤,连翘,适量
复明汤,甘草,3克
复明汤,当归,6克
复明汤,苍术,适量
复明汤,川芎,适量
复明汤,陈皮,1.5克
复明汤,黄柏,0.9克
复明汤,苍术,2两（米泔浸
复明汤,焙干）,适量
复明汤,谷精草,1两
复明汤,地肤子,半两
复明汤,决明子,半两
复明汤,黄芩,半两
复明汤,黄耆,1钱半
复明汤,生地黄,1钱
复明汤,柴胡,1钱
复明汤,连翘,1钱
复明汤,甘草,1钱
复明汤,当归,2钱
复明汤,苍术,5分
复明汤,川芎,5分
复明汤,陈皮,5分
复明汤,黄柏,3分
复明汤,天麻,1两
复明汤,胡黄连,6钱
复明汤,夜明砂,1两（炒）
复明汤,芦荟,3钱
复明汤,银柴胡,1钱
复明汤,木贼,1两
复明汤,青黛,1两
复明汤,蝉退,1两
复明汤,草决明,1两（炒）
复明汤,五灵脂,1两（酒炒）
复明汤,龙胆草,1两
复明汤,蔓荆子,4钱
复明汤,谷精花,3钱
复明汤,炉甘石半两（童便淬,7次）
复明汤,铜绿,1两（水飞）
复明汤,乳香,3钱
复明汤,白土子,1两3钱（水飞）
复明汤,枯矾,3钱
复明汤,枸杞,25克
复明汤,菊花,20克
复明汤,地黄,15克
复明汤,当归,12克
复明汤,赤芍,9克
复明汤,苏木,15克
复明汤,青葙子,12克
复明汤,丝瓜络,15克
复明汤,寸冬,10克
复明汤,珍珠母,50克
复明汤,丹参,12克
复明汤,生芪,15克
三黄汤,麻黄,3.5克
三黄汤,黄耆,1.5克
三黄汤,黄芩,2.2克
三黄汤,独活,3克
三黄汤,细辛,1.5克
三黄汤,大黄,9克
三黄汤,黄芩,6克
三黄汤,甘草,3克
三黄汤,栀子,27枚
三黄汤,黄连,30g
三黄汤,黄柏,30g
三黄汤,乳香,15g
三黄汤,没药,15g
三黄汤,五倍子,15g
三黄汤,苦参,30g
三黄汤,朴硝,20g
三黄汤,荆芥,15g
三黄汤,防风,15g
三黄汤,延胡索,15g
茯苓白术汤,茯苓,等分
茯苓白术汤,白术,等分
茯苓白术汤,白术,1两
茯苓白术汤,附子,1两
茯苓白术汤,甘草,半两
茯苓白术汤,茯苓,半两
茯苓白术汤,官桂,半两
茯苓白术汤,茯苓,1两
茯苓白术汤,干姜,1两
茯苓白术汤,甘草,1两
茯苓白术汤,白术,1两
茯苓白术汤,桂心,1两
茯苓白术汤,赤茯苓,1两
茯苓白术汤,白术,3分
茯苓白术汤,桂,3分
茯苓白术汤,甘草,半两
茯苓白术汤,芎藭,1两
茯苓白术汤,赤茯苓,1两
茯苓白术汤,白术,3分
茯苓白术汤,桂,3分
茯苓白术汤,甘草,半两
茯苓白术汤,芎藭,1两
会厌逐瘀汤,桃仁(,9克)、红花(6克)、生地黄(12克)、当归(9克)、赤芍(9克)、枳壳(6克)、桔梗(3克)、柴胡(6克)、玄参(9克)、甘草(3克)
会厌逐瘀汤,桃仁,15克（炒）
会厌逐瘀汤,红花,15克
会厌逐瘀汤,甘草,9克
会厌逐瘀汤,桔梗,9克
会厌逐瘀汤,生地,12克
会厌逐瘀汤,当归,6克
会厌逐瘀汤,玄参,3克
会厌逐瘀汤,柴胡,3克
会厌逐瘀汤,枳壳,6克
会厌逐瘀汤,赤芍,6克
健运汤,生黄芪,18克
健运汤,党参,9克
健运汤,当归,9克
健运汤,麦冬,9克
健运汤,知母,9克
健运汤,生明乳香,9克
健运汤,生明没药,9克
健运汤,莪术,3克
健运汤,三棱,3克
十六味流气饮,川芎,9g
十六味流气饮,当归,9g
十六味流气饮,白芍,9g
十六味流气饮,防风,9g
十六味流气饮,人参,9g
十六味流气饮,木香,9g
十六味流气饮,黄耆,9g
十六味流气饮,官桂,9g
十六味流气饮,桔梗,9g
十六味流气饮,白芷,9g
十六味流气饮,槟榔,9g
十六味流气饮,厚朴,9g
十六味流气饮,乌药,9g
十六味流气饮,甘草,9g
十六味流气饮,紫苏叶,9g
十六味流气饮,枳壳,9g
十六味流气饮,人参、当归、官桂,5分
十六味流气饮,川芎,1钱
十六味流气饮,防风,1钱
十六味流气饮,白芷,1钱
十六味流气饮,桔梗,1钱
十六味流气饮,黄耆,1钱
十六味流气饮,草,1钱
十六味流气饮,厚朴,1钱
十六味流气饮,木香,1钱
十六味流气饮,白芍药,1钱
十六味流气饮,大腹皮,1钱
十六味流气饮,乌药,1钱
十六味流气饮,枳壳,1钱
十六味流气饮,苏叶,1钱
柴胡加龙骨牡蛎汤,柴胡四两(,12克)
柴胡加龙骨牡蛎汤,龙骨,4.5克)
柴胡加龙骨牡蛎汤,生姜,4.5克)
柴胡加龙骨牡蛎汤,人参,4.5克)
柴胡加龙骨牡蛎汤,桂枝,4.5克)
柴胡加龙骨牡蛎汤,茯苓各一两半(,4.5克)
柴胡加龙骨牡蛎汤,洗半夏二合半(,10克)
柴胡加龙骨牡蛎汤,黄芩一两(,3克)
柴胡加龙骨牡蛎汤,铅丹一两半(,1克)
柴胡加龙骨牡蛎汤,大黄二两(,6克)
柴胡加龙骨牡蛎汤,熬牡蛎一两半(,4.5克)
柴胡加龙骨牡蛎汤,大枣,六枚
枳术汤,枳实,7枚
枳术汤,白术,30克
枳术汤,肉桂（,适量
枳术汤,不见火）,22克
枳术汤,附子（炮,适量
枳术汤,、脐）细辛（洗,适量
枳术汤,去土,30克
枳术汤,叶）白术,30克
枳术汤,桔梗（去芦,适量
枳术汤,锉,适量
枳术汤,）槟榔,适量
枳术汤,甘草,22克
枳术汤,枳实,15克
七味白术散,人参二钱五分(,7.5克)、白茯苓五钱(15克
七味白术散,)、白术五钱(,15克)、藿香叶五钱(15克)、木香二钱(6克)、甘草一钱(3克)、葛根五钱
七味白术散,渴者加一两(,15～30克)
瓜蒌薤白白酒汤,瓜蒌实一枚(,24g)
瓜蒌薤白白酒汤,薤白半升(,12g)
瓜蒌薤白白酒汤,白酒七升.,适量
栝楼薤白半夏汤,栝蒌实,12克
栝楼薤白半夏汤,薤白,9克、半夏9克
栝楼薤白半夏汤,白酒,70毫升（非现代之白酒
栝楼薤白半夏汤,实为黄酒,适量
栝楼薤白半夏汤,或用醪糟代之亦可),适量
安魂汤,龙眼肉,18克
安魂汤,酸枣仁,12克
安魂汤,生龙骨,15克
安魂汤,生牡蛎,15克
安魂汤,清半夏,9克
安魂汤,茯苓片,9克
安魂汤,生赭石,12克
千金鲤鱼汤（鲤鱼汤）,鲤鱼,1尾(约重1千克)、白术(150克)、茯苓(120克)、芍药(90克)、当归(90克)、生姜(90克)
生肌散,石膏,30克)
生肌散,轻粉,30克)
生肌散,赤石脂各一两(,30克)
生肌散,黄丹二钱(,6克)
生肌散,龙骨,9克)
生肌散,血竭,9克)
生肌散,乳香,9克)
生肌散,樟脑各三钱(,9克)
蠲（juān）痹汤,当归,9克)
蠲（juān）痹汤,羌活,9克)
蠲（juān）痹汤,姜黄,9克)
蠲（juān）痹汤,黄芪,9克)
蠲（juān）痹汤,白芍,9克)
蠲（juān）痹汤,防风各一两(,9克)
蠲（juān）痹汤,甘草半两(,3克)
蠲（juān）痹汤,羌活,10g
蠲（juān）痹汤,独活,5g
蠲（juān）痹汤,桂心,6g
蠲（juān）痹汤,秦艽,10g
蠲（juān）痹汤,当归,10g
蠲（juān）痹汤,川芎,5g
蠲（juān）痹汤,甘草,5g
蠲（juān）痹汤,海风藤,10g
蠲（juān）痹汤,桑枝,10g
蠲（juān）痹汤,乳香,5g
蠲（juān）痹汤,木香,5g
蠲（juān）痹汤,当归,1钱5分
蠲（juān）痹汤,赤芍,1钱5分
蠲（juān）痹汤,黄耆,1钱5分
蠲（juān）痹汤,姜黄,1钱5分
蠲（juān）痹汤,羌活,1钱5分
蠲（juān）痹汤,甘草,5分
蠲（juān）痹汤,薄荷,5分
蠲（juān）痹汤,桂枝,5分
越婢汤,麻黄六两(,18克)、石膏半斤(24克)、生姜三两(9克)、甘草二两(6克)、大枣十五枚(5枚)
荆防败毒散,羌活（,4.5克）
荆防败毒散,柴胡（,4.5克）
荆防败毒散,前胡（,4.5克）
荆防败毒散,独活（,4.5克）
荆防败毒散,枳壳（,4.5克）
荆防败毒散,茯苓（,4.5克）
荆防败毒散,荆芥（,4.5克）
荆防败毒散,防风（,4.5克）
荆防败毒散,桔梗（,4.5克）
荆防败毒散,川芎（,4.5克）
荆防败毒散,甘草（,1.5克）
荆防败毒散,柴胡,3g
荆防败毒散,甘草,3g
荆防败毒散,人参,3g
荆防败毒散,桔梗,3g
荆防败毒散,川芎,3g
荆防败毒散,茯苓,3g
荆防败毒散,枳壳,3g
荆防败毒散,前胡,3g
荆防败毒散,羌活,3g
荆防败毒散,独活,3g
荆防败毒散,荆芥穗,3g
荆防败毒散,防风,3g【用法】上味为粗末
荆防败毒散,作,1服用水150ml
荆防败毒散,煎至,100ml
荆防败毒散,温服,适量
荆防败毒散,或加薄荷叶,5片【功效】疏风解表
荆防败毒散,【医案】薛某,适量
荆防败毒散,男,适量
荆防败毒散,尚发热,适量
荆防败毒散,鼻塞流涕,适量
荆防败毒散,咳嗽,适量
荆防败毒散,咽痒且痛,适量
荆防败毒散,大便干燥,适量
荆防败毒散,小便正常,适量
荆防败毒散,舌淡苔白黄腻,适量
荆防败毒散,脉浮微数属感冒夹湿治宜疏解予荆防败毒散,3月16日(二诊)：服上药8剂后
荆防败毒散,体温正常,适量
荆防败毒散,咳嗽已止,适量
荆防败毒散,咽已不痛痒,适量
荆防败毒散,鼻塞消失,适量
荆防败毒散,荆防败毒散,适量
荆防败毒散,https://www.,901020.com/fangji/2515.html
荆防败毒散,您好访客,适量
荆防败毒散,请登陆发表！,适量
荆防败毒散,名,适量
荆防败毒散,称,适量
荆防败毒散,QQ号码,适量
荆防败毒散,地,适量
荆防败毒散,址,适量
荆防败毒散,中医交流可加微信入群：hbxt,998
荆防败毒散,柴胡,9克
荆防败毒散,前胡,9克
荆防败毒散,川芎,9克
荆防败毒散,枳壳,9克
荆防败毒散,羌活,9克
荆防败毒散,独活,9克
荆防败毒散,茯苓,9克
荆防败毒散,桔梗,9克
荆防败毒散,人参,9克
荆防败毒散,甘草,9克
荆防败毒散,羌活,适量
荆防败毒散,独活,适量
荆防败毒散,柴胡,适量
荆防败毒散,前胡,适量
荆防败毒散,枳壳,适量
荆防败毒散,茯苓,适量
荆防败毒散,荆芥,适量
荆防败毒散,防风,适量
荆防败毒散,桔梗,适量
荆防败毒散,川芎各一钱五分(,4.5g)
荆防败毒散,甘草五分(,1.5g)
黄芪建中汤,黄芪一两半(,45克)、桂枝三两(90克)、芍药六两(180克)、甘草二两(60克)、生姜三两(90克)、大枣十二枚、饴糖一升
桂枝二越婢一汤,桂枝,十八铢（2.3g）
桂枝二越婢一汤,芍药,十八铢（2.3g）
桂枝二越婢一汤,麻黄,十八铢（2.3g）
桂枝二越婢一汤,甘草,十八铢（2.3g）
桂枝二越婢一汤,大枣,四枚
桂枝二越婢一汤,生姜一两二铢（,3.1g）
桂枝二越婢一汤,石膏(碎,适量
桂枝二越婢一汤,绵裹)二十四铢（,3g）
桂枝二越婢一汤,桂枝,一两十七铢（去皮）
桂枝二越婢一汤,芍药,一两六铢
桂枝二越婢一汤,麻黄十六铢,适量
桂枝二越婢一汤,生姜,一两六铢（切）
桂枝二越婢一汤,杏仁十六个,适量
桂枝二越婢一汤,甘草,一两二铢
桂枝二越婢一汤,大枣,五枚（擘）
桂枝二越婢一汤,桂枝麻黄,半汤桂枝一两十六铢（去皮）
桂枝二越婢一汤,芍药,一两
桂枝二越婢一汤,生姜,一两
桂枝二越婢一汤,甘草,一两
桂枝二越婢一汤,麻黄,一两
桂枝二越婢一汤,大枣,四枚（擘）
桂枝二越婢一汤,杏仁,二十四枚（汤浸
桂枝二越婢一汤,尖及两仁者）,适量
大黄附子汤,大黄三两(,9g)
大黄附子汤,附子三枚炮(,9g)
大黄附子汤,细辛二两(,3g)
四逆汤,附子,一枚
四逆汤,破八片(,12克)
四逆汤,干姜一两半(,9克)
四逆汤,甘草,二两
四逆汤,(,6克)
通脉四逆汤,甘草,6g
通脉四逆汤,附子,10~20g
通脉四逆汤,干姜,12g
当归四逆汤,当归三两(,12g)
当归四逆汤,桂枝三两(,9g)
当归四逆汤,芍药三两(,9g)
当归四逆汤,细辛三两(,3g)
当归四逆汤,甘草二两(,6g)
当归四逆汤,通草二两(,6g)
当归四逆汤,大枣(,9枚)擘
白通汤,附子（,15克）
白通汤,、干姜（,6克）、葱白4根
干姜附子汤,干姜一两（,50g）
干姜附子汤,附子（,适量
干姜附子汤,破八片）一枚（,5g）
温经汤,吴茱萸,9克)
温经汤,麦门冬各三两(,9克)
温经汤,当归,6克)
温经汤,芍药,6克)
温经汤,川芎,6克)
温经汤,人参,6克)
温经汤,桂枝,6克)
温经汤,阿胶,6克)
温经汤,牡丹皮,6克)
温经汤,生姜,6克)
温经汤,甘草,6克)
温经汤,半夏各二两(,6克)
麻黄汤,麻黄,9克、桂枝6克、杏仁6克、炙甘草3克
理冲汤,生山药(,15克)
理冲汤,天花粉,12克)
理冲汤,知母(,12克)
理冲汤,黄芪,9克)
理冲汤,三棱,9克)
理冲汤,莪术,9克)
理冲汤,鸡内金(,9克)
理冲汤,党参,6克)
理冲汤,白术(,6克)
四逆散,甘草,适量
四逆散,枳实破,适量
四逆散,水渍干,适量
四逆散,柴胡,适量
四逆散,芍药,十分
四逆散,(,6g)
九味羌活汤,羌活,9克
九味羌活汤,防风,9克
九味羌活汤,苍术,9克
九味羌活汤,细辛,3克
九味羌活汤,川芎,6克
九味羌活汤,白芷,6克
九味羌活汤,生地,6克
九味羌活汤,黄芩,6克
九味羌活汤,甘草,6克
止嗽散,桔梗,1kg
止嗽散,荆芥,1kg
止嗽散,紫菀,1kg
止嗽散,百部,1kg
止嗽散,白前,1kg
止嗽散,甘草,375g
止嗽散,陈皮,500g
桂枝汤,桂枝,三两
桂枝汤,(,9g)
桂枝汤,芍药,三两
桂枝汤,(,9g)
桂枝汤,甘草,适量
桂枝汤,二两,适量
桂枝汤,(,6g)
桂枝汤,生姜,三两
桂枝汤,(,9g)
桂枝汤,大枣,十二枚
桂枝汤,(,3g)
香苏散,香附子(香,适量
香苏散,去毛),适量
香苏散,紫苏叶,120克
香苏散,甘草,30克
香苏散,陈皮,60克(不去白)
正柴胡饮,柴胡一至,三钱
正柴胡饮,(,9g)
正柴胡饮,防风,一钱
正柴胡饮,(,3g)
正柴胡饮,陈皮,一钱半
正柴胡饮,(,4.5g)
正柴胡饮,芍药,二钱
正柴胡饮,(,6g)
正柴胡饮,甘草,一钱
正柴胡饮,(,3g)
正柴胡饮,生姜三至五片,适量
加减葳蕤汤,生葳蕤,9g
加减葳蕤汤,淡豆豉,9g
加减葳蕤汤,红枣,二枚
加减葳蕤汤,生葱白,6g
加减葳蕤汤,甘草,1.5g
加减葳蕤汤,桔梗,5g
加减葳蕤汤,苏薄荷,5g
加减葳蕤汤,东白薇,3g
参苏饮,人参紫苏叶,适量
参苏饮,干葛,适量
参苏饮,半夏,适量
参苏饮,前胡,适量
参苏饮,茯苓,适量
参苏饮,(,6g)
参苏饮,枳壳,适量
参苏饮,桔梗,适量
参苏饮,木香,适量
参苏饮,陈皮,适量
参苏饮,甘草,适量
参苏饮,(,4g)
败毒散,柴胡,适量
败毒散,前胡,适量
败毒散,川芎,适量
败毒散,枳壳,适量
败毒散,羌活,适量
败毒散,独活,适量
败毒散,茯苓,适量
败毒散,桔梗人参甘草,适量
败毒散,(,900g)
柴葛解肌汤（又名“干葛解肌汤”“葛根解肌汤”“柴胡解肌汤”）,柴胡,适量
柴葛解肌汤（又名“干葛解肌汤”“葛根解肌汤”“柴胡解肌汤”）,(,6g)
柴葛解肌汤（又名“干葛解肌汤”“葛根解肌汤”“柴胡解肌汤”）,干葛,适量
柴葛解肌汤（又名“干葛解肌汤”“葛根解肌汤”“柴胡解肌汤”）,(,9g)
柴葛解肌汤（又名“干葛解肌汤”“葛根解肌汤”“柴胡解肌汤”）,甘草,适量
柴葛解肌汤（又名“干葛解肌汤”“葛根解肌汤”“柴胡解肌汤”）,(,3g)
柴葛解肌汤（又名“干葛解肌汤”“葛根解肌汤”“柴胡解肌汤”）,黄芩,适量
柴葛解肌汤（又名“干葛解肌汤”“葛根解肌汤”“柴胡解肌汤”）,(,6g)
柴葛解肌汤（又名“干葛解肌汤”“葛根解肌汤”“柴胡解肌汤”）,羌活,适量
柴葛解肌汤（又名“干葛解肌汤”“葛根解肌汤”“柴胡解肌汤”）,(,3g)
柴葛解肌汤（又名“干葛解肌汤”“葛根解肌汤”“柴胡解肌汤”）,白芷,适量
柴葛解肌汤（又名“干葛解肌汤”“葛根解肌汤”“柴胡解肌汤”）,(,3g)
柴葛解肌汤（又名“干葛解肌汤”“葛根解肌汤”“柴胡解肌汤”）,芍药,适量
柴葛解肌汤（又名“干葛解肌汤”“葛根解肌汤”“柴胡解肌汤”）,(,6g)
柴葛解肌汤（又名“干葛解肌汤”“葛根解肌汤”“柴胡解肌汤”）,桔梗,适量
柴葛解肌汤（又名“干葛解肌汤”“葛根解肌汤”“柴胡解肌汤”）,(,3g)
柴葛解肌汤（又名“干葛解肌汤”“葛根解肌汤”“柴胡解肌汤”）,石膏,适量
柴葛解肌汤（又名“干葛解肌汤”“葛根解肌汤”“柴胡解肌汤”）,(,3g)
桑菊飲,桑叶二钱五分（,7.5g）
桑菊飲,菊花一钱（,3g）
桑菊飲,杏仁二钱（,6g）
桑菊飲,连翘一钱五分（,5g）
桑菊飲,薄荷八分（,2.5g）
桑菊飲,苦桔梗二钱（,6g）
桑菊飲,甘草八分（,2.5g）
桑菊飲,苇根二钱（,6g）
麻黄细辛附子汤,麻黄,二两
麻黄细辛附子汤,(,6g)
麻黄细辛附子汤,附子炮,适量
麻黄细辛附子汤,一枚,适量
麻黄细辛附子汤,破八片,适量
麻黄细辛附子汤,(,9g)
麻黄细辛附子汤,细辛,二两
麻黄细辛附子汤,(,3g)
银翘散,连翘,一两
银翘散,(,30g)
银翘散,金银花,一两
银翘散,(,30g)
银翘散,桔梗,六钱
银翘散,(,18g)
银翘散,薄荷,六钱
银翘散,(,18g)
银翘散,竹叶,四钱
银翘散,(,12g)
银翘散,生甘草,五钱
银翘散,(,15g)
银翘散,荆芥穗,四钱
银翘散,(,12g)
银翘散,淡豆豉,五钱
银翘散,(,15g)
银翘散,牛蒡子,六钱
银翘散,(,18g)
白虎汤,石膏,50g
白虎汤,知母,18g
白虎汤,甘草,6g
白虎汤,粳米,9g
玉女煎,石膏,9-15g
玉女煎,熟地,9-30g
玉女煎,麦冬,6g
玉女煎,知母,5g
玉女煎,牛膝,5g
左金丸,黄连六两（,18g）、吴茱萸一两或半两（3g）
仙方活命饮,白芷,3g
仙方活命饮,贝母,6g
仙方活命饮,防风,6g
仙方活命饮,赤芍药,6g
仙方活命饮,当归尾,6g
仙方活命饮,甘草节,6g
仙方活命饮,皂角刺,6g
仙方活命饮,穿山甲,6g
仙方活命饮,天花粉,6g
仙方活命饮,乳香,6g
仙方活命饮,没药,6g
仙方活命饮,金银花,9g
仙方活命饮,陈皮,9g
青蒿鳖甲汤,青蒿,6g
青蒿鳖甲汤,鳖甲,15g
青蒿鳖甲汤,细生地,12g
青蒿鳖甲汤,知母,6g
青蒿鳖甲汤,丹皮,9g
芍药汤,芍药,30g
芍药汤,当归,15g
芍药汤,黄连,15g
芍药汤,黄芩,15g
芍药汤,槟榔,6g
芍药汤,木香,6g
芍药汤,甘草,6g
芍药汤,大黄,9g
芍药汤,肉桂,5g
竹叶石膏汤,竹叶二把(,9克)、石膏一斤(30克)、半夏半升(3克)、人参三两(15克)、甘草二两(10克)、粳米半升、麦门冬一升
白头翁汤,白头翁,15g
白头翁汤,黄连,6g
白头翁汤,黄柏,12g
白头翁汤,秦皮,12g
清胃散,生地黄,6g
清胃散,当归身,6g
清胃散,牡丹皮,9g
清胃散,黄连,6g
清胃散,升麻,9g
清骨散,银柴胡,5g
清骨散,胡黄连,3g
清骨散,秦艽,3g
清骨散,鳖甲,3g
清骨散,地骨皮,3g
清骨散,青蒿,3g
清骨散,知母,3g
清骨散,甘草,2g
清营汤,犀角,30g
清营汤,生地黄,15g
清营汤,元参,9g
清营汤,竹叶心,3g
清营汤,麦冬,9g
清营汤,丹参,6g
清营汤,黄连,5g
清营汤,银花,9g
清营汤,连翘,6g
凉膈散,川大黄,600g
凉膈散,朴硝,600g
凉膈散,甘草,600g
凉膈散,山栀子仁,300g
凉膈散,薄荷叶,300g
凉膈散,黄芩,300g
凉膈散,连翘,1250g
泻白散,地骨皮,30克
泻白散,桑白皮,30克
泻白散,甘草,3克
苇茎汤,苇茎,60g
苇茎汤,瓜瓣,60g
苇茎汤,薏苡仁,30g
苇茎汤,桃仁,24g
导赤散,生地黄,6g
导赤散,木通,6g
导赤散,生甘草梢,6g
导赤散,竹叶,6g
龙胆泻肝汤,龙胆草,6g
龙胆泻肝汤,黄芩,9g
龙胆泻肝汤,山栀子,9g
龙胆泻肝汤,泽泻,12g
龙胆泻肝汤,木通,9g
龙胆泻肝汤,车前子,9g
龙胆泻肝汤,当归,8g
龙胆泻肝汤,生地黄,20g
龙胆泻肝汤,柴胡,10g
龙胆泻肝汤,生甘草,6g
葛根黄芩黄连汤,葛根,15克
葛根黄芩黄连汤,甘草,6克（蜜炙）
葛根黄芩黄连汤,黄芩,9克
葛根黄芩黄连汤,黄连,9克
普济消毒饮,黄芩,15克
普济消毒饮,黄连,15克
普济消毒饮,陈皮,6克
普济消毒饮,甘草,6克
普济消毒饮,玄参,6克
普济消毒饮,柴胡,6克
普济消毒饮,桔梗,6克
普济消毒饮,连翘,3克
普济消毒饮,板蓝根,3克
普济消毒饮,马勃,3克
普济消毒饮,牛蒡子,3克
普济消毒饮,薄荷,3克
普济消毒饮,僵蚕,2克
普济消毒饮,升麻,2克
黄连解毒汤,黄连,9g
黄连解毒汤,黄芩,6g
黄连解毒汤,黄柏,6g
黄连解毒汤,栀子,9g
犀角地黄汤,犀角,30g
犀角地黄汤,生地,24g
犀角地黄汤,芍药,12g
犀角地黄汤,丹皮,9g
当归六黄汤,当归,6克
当归六黄汤,生地黄,6克
当归六黄汤,熟地黄,6克
当归六黄汤,黄芩,6克
当归六黄汤,黄柏,6克
当归六黄汤,黄连,6克
当归六黄汤,黄芪,12克
朱砂安神丸,朱砂(另研,适量
朱砂安神丸,水飞为衣),适量
朱砂安神丸,g,适量
朱砂安神丸,黄连(去须,适量
朱砂安神丸,净,适量
朱砂安神丸,酒洗),18g
朱砂安神丸,甘草,16.5g
朱砂安神丸,生地黄,4.5g
朱砂安神丸,当归,7.5g
天王补心丹,人参,15g
天王补心丹,茯苓,15g
天王补心丹,玄参,15g
天王补心丹,丹参,15g
天王补心丹,桔梗,15g
天王补心丹,远志,15g
天王补心丹,当归,30g
天王补心丹,五味子,30g
天王补心丹,麦门冬,30g
天王补心丹,天门冬,30g
天王补心丹,柏子仁,30g
天王补心丹,酸枣仁,30g
天王补心丹,生地黄,120g
酸枣仁汤,酸枣仁,15g
酸枣仁汤,甘草,3g
酸枣仁汤,知母,6g
酸枣仁汤,茯苓,6g
酸枣仁汤,川芎,6g
安宫牛黄丸,牛黄,适量
安宫牛黄丸,郁金,适量
安宫牛黄丸,黄连,适量
安宫牛黄丸,朱砂,适量
安宫牛黄丸,山栀,适量
安宫牛黄丸,雄黄,适量
安宫牛黄丸,黄芩,一两
安宫牛黄丸,(,30g)
安宫牛黄丸,犀角,一两
安宫牛黄丸,(水牛角浓缩粉代,适量
安宫牛黄丸,g),适量
安宫牛黄丸,冰片,适量
安宫牛黄丸,麝香,二钱五分
安宫牛黄丸,(,7.5g)
安宫牛黄丸,珍珠,五钱
安宫牛黄丸,(,15g)
至宝丹,犀角,一两
至宝丹,(水牛角浓缩粉代,适量
至宝丹,g),适量
至宝丹,朱砂,适量
至宝丹,雄黄,适量
至宝丹,生玳瑁,适量
至宝丹,琥珀,一两
至宝丹,(,30g)
至宝丹,牛黄,适量
至宝丹,麝香,适量
至宝丹,冰片,一分
至宝丹,(,0.3g)
至宝丹,安息香,一两半
至宝丹,(,45g)
至宝丹,酒浸,适量
至宝丹,重汤煮令化,适量
至宝丹,滤去滓,适量
至宝丹,约取,一两净
至宝丹,(原用金银箔,五十片
至宝丹,现不用),适量
紫雪丹,石膏,适量
紫雪丹,寒水石,适量
紫雪丹,滑石,适量
紫雪丹,磁石,三斤
紫雪丹,(,1.5kg)
紫雪丹,犀角屑,五两
紫雪丹,(水牛角浓缩粉代,适量
紫雪丹,g),适量
紫雪丹,羚羊角屑,适量
紫雪丹,沉香,适量
紫雪丹,木香,五两
紫雪丹,(,150g)
紫雪丹,玄参,适量
紫雪丹,升麻,一斤
紫雪丹,(,500g)
紫雪丹,甘草,八两
紫雪丹,(,240g)
紫雪丹,丁香,一两
紫雪丹,(,30g)
紫雪丹,(原用黄金百两,适量
紫雪丹,现不用),适量
苏合香丸,苏合香,适量
苏合香丸,冰片,适量
苏合香丸,乳香,适量
苏合香丸,(,半两)
苏合香丸,麝香,适量
苏合香丸,安息香,适量
苏合香丸,木香,适量
苏合香丸,香附,适量
苏合香丸,白檀香,适量
苏合香丸,丁香,适量
苏合香丸,沉香,适量
苏合香丸,荜茇,适量
苏合香丸,吃力伽,适量
苏合香丸,诃子皮,适量
苏合香丸,朱砂,一两
苏合香丸,(,30g)
苏合香丸,犀角,一两
苏合香丸,(水牛角浓缩粉代,适量
苏合香丸,g),适量
乌梅丸,乌梅三百枚,适量
乌梅丸,(,480g)
乌梅丸,细辛,六两
乌梅丸,(,180g)
乌梅丸,干姜,十两
乌梅丸,(,300g)
乌梅丸,黄连,十六两
乌梅丸,(,480g)
乌梅丸,当归,四两
乌梅丸,(,120g)
乌梅丸,附子,六两
乌梅丸,炮,适量
乌梅丸,(,180g)
乌梅丸,蜀椒,四两
乌梅丸,出汗,适量
乌梅丸,(,120g)
乌梅丸,桂枝,六两
乌梅丸,(,180g)人参六两
乌梅丸,(,180g)
乌梅丸,黄柏,六两
乌梅丸,(,180g)
瓜蒂散,瓜蒂熬黄,一分
瓜蒂散,(,3g)
瓜蒂散,赤小豆,一分
瓜蒂散,(,3g)
蒿芩清胆汤,】青蒿脑钱半至,二钱
蒿芩清胆汤,(,4.5~6g)
蒿芩清胆汤,淡竹茹,三钱
蒿芩清胆汤,(,9g)
蒿芩清胆汤,仙半夏钱半,适量
蒿芩清胆汤,(,4.5g)
蒿芩清胆汤,赤茯苓,三钱
蒿芩清胆汤,(,9g)
蒿芩清胆汤,青子芩钱半至,三钱
蒿芩清胆汤,(,4.5g~9g)
蒿芩清胆汤,生枳壳钱半,适量
蒿芩清胆汤,(,4.5g)
蒿芩清胆汤,陈广皮钱半,适量
蒿芩清胆汤,(,4.5g)
蒿芩清胆汤,碧玉散,适量
蒿芩清胆汤,包,适量
蒿芩清胆汤,三钱,适量
蒿芩清胆汤,(,9g)
达原饮,】槟榔（,6克）厚朴（3克）草果仁（1.5克）知母（3克）芍药（3克）黄芩（3克）甘草（1.5克）
痛泻要方,陈皮,45g
痛泻要方,白术,适量
痛泻要方,g,适量
痛泻要方,白芍,适量
痛泻要方,g,适量
痛泻要方,防风,30g
逍遥散,甘草半两（,15g）
逍遥散,当归（去苗,适量
逍遥散,锉,适量
逍遥散,各一两（,30g）
半夏泻心汤,半夏,15g
半夏泻心汤,黄芩,9g
半夏泻心汤,干姜,9g
半夏泻心汤,人参,9g
半夏泻心汤,甘草,9g
半夏泻心汤,黄连,3g
半夏泻心汤,大枣,4枚
大柴胡汤,柴胡,12g
大柴胡汤,黄芩,9g
大柴胡汤,芍药,9g
大柴胡汤,半夏,9g
大柴胡汤,枳实,9g
大柴胡汤,生姜,15g
大柴胡汤,大枣,4枚
大柴胡汤,大黄,6g
小建中汤,桂枝,三两
小建中汤,(,9g)
小建中汤,甘草,二两
小建中汤,(,6g)
小建中汤,大枣,十二枚
小建中汤,(,6枚)
小建中汤,芍药,六两
小建中汤,(,18g)
小建中汤,生姜,三两
小建中汤,(,9g)
小建中汤,胶饴一升,适量
小建中汤,(,30g)
回阳救急汤,熟附子,适量
回阳救急汤,(,9g)
回阳救急汤,干姜,适量
回阳救急汤,(,6g)人参(6g)
回阳救急汤,甘草,适量
回阳救急汤,(,6g)
回阳救急汤,白术,适量
回阳救急汤,(,9g)
回阳救急汤,肉桂,适量
回阳救急汤,(,3g)
回阳救急汤,陈皮,适量
回阳救急汤,(,6g)
回阳救急汤,五味子,适量
回阳救急汤,(,3g)
回阳救急汤,茯苓,适量
回阳救急汤,(,9g)
回阳救急汤,半夏制,适量
回阳救急汤,(,9g)
吴茱萸汤,吴茱萸,适量
吴茱萸汤,g,适量
吴茱萸汤,生姜,18g
吴茱萸汤,人参,9g
吴茱萸汤,大枣,十二枚
理中丸,人参,三两（9g）
理中丸,干姜,三两（9g）
理中丸,甘草,三两（9g）
理中丸,白术,三两（9g）
清燥救肺汤,桑叶(经霜者,适量
清燥救肺汤,去枝、梗,适量
清燥救肺汤,净叶),9g
清燥救肺汤,石膏,8g
清燥救肺汤,甘草、胡麻仁(,适量
清燥救肺汤,蜜涂,适量
清燥救肺汤,黄),3g
清燥救肺汤,麦门冬,4g
清燥救肺汤,人参、杏仁(泡,适量
清燥救肺汤,尖,适量
清燥救肺汤,黄),2g
增液汤,玄参一两（,30g）、麦冬（连心）八钱（24g）、细生地八钱（24g）
益胃汤,沙参,9g
益胃汤,麦冬,15g
益胃汤,冰糖,3g
益胃汤,细生地,15g
益胃汤,玉竹香,4.5g
杏苏散,苏叶,9g
杏苏散,半夏,9g
杏苏散,茯苓,9g
杏苏散,前胡,9g
杏苏散,杏仁,9g
杏苏散,苦桔梗,6g
杏苏散,枳壳,6g
杏苏散,橘皮,6g
杏苏散,甘草,3g
杏苏散,生姜,3片
杏苏散,大枣,3枚
桑杏汤,桑叶,一钱
桑杏汤,(,3g)
桑杏汤,杏仁,一钱五分
桑杏汤,(,4.5g)
桑杏汤,沙参,二钱
桑杏汤,(,6g)
桑杏汤,象贝,一钱
桑杏汤,(,3g)
桑杏汤,香豉,一钱
桑杏汤,(,3g)
桑杏汤,栀皮,一钱
桑杏汤,(,3g)
桑杏汤,梨皮,一钱
桑杏汤,(,3g)
百合固金汤,熟地,9g
百合固金汤,生地,9g
百合固金汤,归身,9g
百合固金汤,白芍,3g
百合固金汤,甘草,3g
百合固金汤,桔梗,3g
百合固金汤,玄参,3g
百合固金汤,贝母,12g
百合固金汤,麦冬,12g
百合固金汤,百合,12g
麦门冬汤,麦门冬七升,适量
麦门冬汤,(,42g)
麦门冬汤,半夏一升,适量
麦门冬汤,(,6g)
麦门冬汤,人参,三两
麦门冬汤,(,9g)
麦门冬汤,甘草,二两
麦门冬汤,(,6g)
麦门冬汤,粳米三合,适量
麦门冬汤,(,3g)
麦门冬汤,大枣,四枚
麦门冬汤,(,2枚)
补阳还五汤,黄芪生,适量
补阳还五汤,四两,适量
补阳还五汤,(,120g)
补阳还五汤,当归尾,二钱
补阳还五汤,(,6g)
补阳还五汤,赤芍,一钱半
补阳还五汤,(,5g)
补阳还五汤,地龙去土,一钱
补阳还五汤,(,3g)
补阳还五汤,川芎,一钱
补阳还五汤,(,3g)
补阳还五汤,红花,一钱
补阳还五汤,(,3g)
补阳还五汤,桃仁,一钱
补阳还五汤,(,3g)
槐花散,槐花、柏叶(杵,适量
槐花散,焙),12g
槐花散,荆芥穗,6g
槐花散,枳壳,6g
鳖甲煎丸,鳖甲,90克)
鳖甲煎丸,赤硝各十二分(,90克)
鳖甲煎丸,蜣螂六分(,45克)
鳖甲煎丸,芍药,37克)
鳖甲煎丸,牡丹,37克)
鳖甲煎丸,土蟞虫各五分(,37克)
鳖甲煎丸,蜂巢四分(,30克)
鳖甲煎丸,乌扇,22.5克)
鳖甲煎丸,柴胡,22.5克)
鳖甲煎丸,黄芩,22.5克)
鳖甲煎丸,鼠妇,22.5克)
鳖甲煎丸,干姜,22.5克)
鳖甲煎丸,大黄,22.5克)
鳖甲煎丸,桂枝,22.5克)
鳖甲煎丸,厚朴,22.5克)
鳖甲煎丸,石韦,22.5克)
鳖甲煎丸,紫葳,22.5克)
鳖甲煎丸,阿胶各三分(,22.5克)
鳖甲煎丸,瞿麦,15克)
鳖甲煎丸,桃仁各二分(,15克)
鳖甲煎丸,葶苈,7.5克)
鳖甲煎丸,半夏人参各一分(,7.5克)
黄土汤,甘草（,12g）
黄土汤,干地黄（,60g）
黄土汤,白术（,40g）
黄土汤,附子（,40g）
黄土汤,阿胶（,48g）
黄土汤,黄芩,三两
黄土汤,灶中黄土半斤（,120g）
复元活血汤,柴胡,15g
复元活血汤,瓜蒌根,9g
复元活血汤,当归,9g
复元活血汤,红花,6g
复元活血汤,甘草,6g
复元活血汤,穿山甲,6g
复元活血汤,大黄,30g
复元活血汤,桃仁(酒浸,适量
复元活血汤,尖,适量
复元活血汤,研如泥),15g
咳血方,青黛,6g
咳血方,诃子,6g
咳血方,瓜蒌仁,9g
咳血方,海粉,9g
咳血方,山栀子,9g
咳血方,【用法上为末,适量
咳血方,以蜜同姜汁为丸,适量
咳血方,每服,9g
咳血方,亦可作汤剂,适量
咳血方,水煎服,适量
咳血方,用量按原方比例酌定,适量
十灰散,大蓟,9g
十灰散,小蓟,9g
十灰散,荷叶,9g
十灰散,侧柏叶,9g
十灰散,茅根,9g
十灰散,茜根,9g
十灰散,山栀,9g
十灰散,大黄,9g
十灰散,牡丹皮,9g
十灰散,棕榈皮,9g
小蓟饮子,生地黄,等分9g
小蓟饮子,小蓟,等分9g
小蓟饮子,滑石,等分9g
小蓟饮子,木通,等分9g
小蓟饮子,蒲黄,等分9g
小蓟饮子,藕节,等分9g
小蓟饮子,淡竹叶,等分9g
小蓟饮子,当归,等分9g
小蓟饮子,山栀子,等分9g
小蓟饮子,甘草,等分9g
失笑散,五灵脂(酒研,适量
失笑散,淘去沙土),6g
失笑散,蒲黄,6g
桃核承气汤,桃仁尖五十个（,12g）、大黄四两（12g）、桂枝去皮二两（6g）、甘草炙二两（12g）、芒硝二两（6g）
血府逐瘀汤,桃仁,12g
血府逐瘀汤,红花,9g
血府逐瘀汤,当归,9g
血府逐瘀汤,生地黄,9g
血府逐瘀汤,牛膝,9g
血府逐瘀汤,川芎,4.5g
血府逐瘀汤,桔梗,4.5g
血府逐瘀汤,赤芍,6g
血府逐瘀汤,枳壳,6g
血府逐瘀汤,甘草,6g
血府逐瘀汤,柴胡,3g
桂枝茯苓丸,桂枝、,适量
桂枝茯苓丸,茯苓,适量
桂枝茯苓丸,、丹皮、,适量
桂枝茯苓丸,桃仁尖,适量
桂枝茯苓丸,芍药,等分
桂枝茯苓丸,(,9g)
苏子降气汤,紫苏子,75g)
苏子降气汤,半夏汤洗七次各二两半(,75g)
苏子降气汤,川当归去芦两半(,45g)
苏子降气汤,甘草二两(,6g)
苏子降气汤,前胡去芦,适量
苏子降气汤,厚朴去粗皮姜汁拌各一两(,30g)
苏子降气汤,肉桂一两半(,45g)
橘皮竹茹汤,橘皮二斤,适量
橘皮竹茹汤,(,12g)
橘皮竹茹汤,竹茹二升,适量
橘皮竹茹汤,(,12g)
橘皮竹茹汤,大枣,三十枚
橘皮竹茹汤,(,5枚)
橘皮竹茹汤,生姜半斤,适量
橘皮竹茹汤,(,9g)
橘皮竹茹汤,甘草,五两
橘皮竹茹汤,(,6g)
橘皮竹茹汤,人参,一两
橘皮竹茹汤,(,3g)
金铃子散,金铃子,30g
金铃子散,玄胡,30g
天台乌药散,天台乌药,适量
天台乌药散,木香,适量
天台乌药散,小茴香微,适量
天台乌药散,青皮汤浸,适量
天台乌药散,去白,适量
天台乌药散,焙,适量
天台乌药散,高良姜,适量
天台乌药散,(,15g)
天台乌药散,槟榔锉,适量
天台乌药散,二个,适量
天台乌药散,(,9g)
天台乌药散,川楝子十个,适量
天台乌药散,(,12g)
天台乌药散,巴豆七十粒,适量
天台乌药散,(,12g)
定喘汤,白果(去壳,适量
定喘汤,砸碎黄)二十一枚（,9g）
定喘汤,麻黄三钱（,9g）
定喘汤,苏子二钱（,6g）
定喘汤,甘草一钱（,3g）
定喘汤,款冬花三钱（,9g）
定喘汤,杏仁一钱五分（,4.5g）
定喘汤,桑白皮三钱（,9g）
定喘汤,黄芩一钱五分（,6g）
定喘汤,法制半夏三钱（,9g）如无
定喘汤,用甘草汤泡七次,适量
定喘汤,去脐用,适量
暖肝煎,当归,二钱
暖肝煎,(,6g)
暖肝煎,枸杞子,三钱
暖肝煎,(,9g)
暖肝煎,茯苓,二钱
暖肝煎,(,6g)
暖肝煎,小茴香,二钱
暖肝煎,(,6g)
暖肝煎,肉桂,一钱
暖肝煎,(,3g)
暖肝煎,乌药,二钱
暖肝煎,(,6g)
暖肝煎,沉香,一钱(木香亦可)
暖肝煎,(,3g)
枳实薤白桂枝汤,枳实,12g
枳实薤白桂枝汤,厚朴,12g
枳实薤白桂枝汤,薤白,9g
枳实薤白桂枝汤,桂枝,3g
枳实薤白桂枝汤,瓜蒌实,适量
枳实薤白桂枝汤,g,适量
越鞠丸,香附、,适量
越鞠丸,川芎、,适量
越鞠丸,苍术,适量
越鞠丸,栀子,适量
越鞠丸,神曲,等分
越鞠丸,(,6~10g)
旋覆代赭汤,旋覆花,6g
旋覆代赭汤,半夏,6g
旋覆代赭汤,甘草各9g,6g
旋覆代赭汤,人参,6g
旋覆代赭汤,代赭石,6g
旋覆代赭汤,生姜,15g
旋覆代赭汤,大枣,4枚
小半夏汤,半夏,20g
小半夏汤,生姜,10g
半夏厚朴汤,半夏,12g
半夏厚朴汤,茯苓,12g
半夏厚朴汤,厚朴,9g
半夏厚朴汤,生姜,适量
半夏厚朴汤,g,适量
半夏厚朴汤,苏叶,6g
葛花解酲汤,葛花,15克
葛花解酲汤,木香,10克
葛花解酲汤,砂仁,15克
葛花解酲汤,茯苓,10克
葛花解酲汤,猪苓,10克
葛花解酲汤,人参,10克
葛花解酲汤,白术,10克
葛花解酲汤,白豆蔻,15克
葛花解酲汤,青皮,10克
葛花解酲汤,陈皮,10克
葛花解酲汤,神曲,10克
葛花解酲汤,干姜,10克
葛花解酲汤,泽泻,10克
枳实消痞丸,干生姜,6g
枳实消痞丸,甘草,6g
枳实消痞丸,麦芽曲,6g
枳实消痞丸,白茯苓,6g
枳实消痞丸,白术,6g
枳实消痞丸,半夏曲,9g
枳实消痞丸,人参,9g
枳实消痞丸,厚朴,12g
枳实消痞丸,枳实,15g
枳实消痞丸,黄连,15g
枳实导滞丸,大黄,一两
枳实导滞丸,(,30g)
枳实导滞丸,枳实、,适量
枳实导滞丸,神曲,五钱
枳实导滞丸,(,15g)
枳实导滞丸,茯苓、,适量
枳实导滞丸,黄芩、,适量
枳实导滞丸,黄连、,适量
枳实导滞丸,白术,三钱
枳实导滞丸,(,9g)
枳实导滞丸,泽泻,二钱
枳实导滞丸,(,6g)
保和丸,山楂,六两
保和丸,(,180g)
保和丸,神曲,二两
保和丸,(,60g)
保和丸,半夏、,适量
保和丸,茯苓,三两
保和丸,(,90g)
保和丸,陈皮、,适量
保和丸,连翘,适量
保和丸,莱菔子,一两
保和丸,(,30g)
健脾丸,白术,二两半
健脾丸,(,75g)
健脾丸,木香、,适量
健脾丸,黄连酒,适量
健脾丸,甘草,七钱半
健脾丸,(,22g)
健脾丸,白茯苓,二两
健脾丸,(,60g)、人参一两五钱
健脾丸,(,45g)、
健脾丸,神曲、,适量
健脾丸,陈皮、,适量
健脾丸,砂仁、,适量
健脾丸,麦芽、,适量
健脾丸,山楂,适量
健脾丸,、山药、,适量
健脾丸,肉豆蔻,一两
健脾丸,(,30g)
清络饮,鲜荷叶边,二钱
清络饮,(,6g)
清络饮,鲜银花,二钱
清络饮,(,6g)
清络饮,丝瓜皮,二钱
清络饮,(,6g)
清络饮,西瓜翠衣,二钱
清络饮,(,6g)
清络饮,鲜扁豆花一枝,适量
清络饮,(,6g)
清络饮,鲜竹叶心,二钱
清络饮,(,6g)
香薷散,香薷去土一斤,适量
香薷散,(,500g)
香薷散,白扁豆微、,适量
香薷散,厚朴去粗皮姜制,半斤
香薷散,(,250g)
六一散,滑石,六两
六一散,(,180g)
六一散,甘草,适量
六一散,一两,适量
六一散,(,30g)
桂苓甘露飲,滑石,30g
桂苓甘露飲,猪苓,15g
桂苓甘露飲,石膏,30g
桂苓甘露飲,寒水石,30g
桂苓甘露飲,泽泻,15g
桂苓甘露飲,茯苓,15g
桂苓甘露飲,白术,12g
桂苓甘露飲,官桂,3g
桂苓甘露飲,甘草,15g
清暑益气汤,西洋参,5g
清暑益气汤,石斛,15g
清暑益气汤,麦冬,9g
清暑益气汤,黄连,3g
清暑益气汤,竹叶,6g
清暑益气汤,荷梗,6g
清暑益气汤,知母,6g
清暑益气汤,甘草,3g
清暑益气汤,粳米,15g
清暑益气汤,西瓜翠衣,30g
萆薢分清散,益智仁,适量
萆薢分清散,川萆薢,适量
萆薢分清散,石菖蒲,适量
萆薢分清散,乌药,9g
当归拈痛汤,羌活,15g
当归拈痛汤,甘草,15g
当归拈痛汤,茵陈,15g
当归拈痛汤,防风,9g
当归拈痛汤,苍术,9g
当归拈痛汤,当归身,9g
当归拈痛汤,知母,9g
当归拈痛汤,猪苓,9g
当归拈痛汤,泽泻,9g
当归拈痛汤,升麻,3g
当归拈痛汤,白术,3g
当归拈痛汤,黄芩,3g
当归拈痛汤,葛根,6g
当归拈痛汤,人参,6g
当归拈痛汤,苦参,6g
连朴饮,制厚朴,6g
连朴饮,川连,适量
连朴饮,石菖蒲,3g
连朴饮,制半夏,3g
连朴饮,香豉,9g
连朴饮,焦栀,9g
连朴饮,芦根,60g
实脾散（实脾饮）,厚朴,6g
实脾散（实脾饮）,白术,6g
实脾散（实脾饮）,木瓜,6g
实脾散（实脾饮）,木香,6g
实脾散（实脾饮）,草果仁,6g
实脾散（实脾饮）,大腹子,6g
实脾散（实脾饮）,附子,6g
实脾散（实脾饮）,白茯苓,6g
实脾散（实脾饮）,干姜,6g
实脾散（实脾饮）,甘草,3g
羌活胜湿汤,羌活,6g
羌活胜湿汤,独活,6g
羌活胜湿汤,藁本,3g
羌活胜湿汤,防风,3g
羌活胜湿汤,甘草,3g
羌活胜湿汤,蔓荆子,2g
羌活胜湿汤,川芎,1.5g
甘露消毒丹,飞滑石,450g
甘露消毒丹,淡黄芩,300g
甘露消毒丹,绵茵陈,330g
甘露消毒丹,石菖蒲,180g
甘露消毒丹,川贝母、木通,150g
甘露消毒丹,藿香,120g
甘露消毒丹,连翘,120g
甘露消毒丹,白蔻仁,120g
甘露消毒丹,薄荷,120g
甘露消毒丹,射干,120g
八正散,煨,适量
八正散,去面,适量
八正散,焙),500g
八正散,扁蓄,9g
八正散,麦,9g
八正散,黑栀子,9g
八正散,连翘壳,9g
八正散,茯苓,15g
八正散,车前子,15g
八正散,白茅根,30g
八正散,鹿衔草,9g
八正散,滑石,12g+甘草3g等
二妙散,黄柏,适量
二妙散,苍术米泔水浸,适量
二妙散,(,15g)
三仁汤,杏仁五钱（,15g）
三仁汤,飞滑石六钱（,18g）
三仁汤,白通草二钱（,6g）
三仁汤,白蔻仁二钱（,6g）
三仁汤,竹叶二钱（,6g）
三仁汤,厚朴二钱（,6g）
三仁汤,生薏苡仁六钱（,18g）
三仁汤,半夏五钱（,15g）
平胃散,苍术(去黑皮,适量
平胃散,捣为粗末,适量
平胃散,黄色),120g
平胃散,厚朴(去粗皮,适量
平胃散,涂生姜汁,适量
平胃散,令香熟),90g
平胃散,陈橘皮(洗令净,适量
平胃散,焙干),60g
平胃散,甘草,30g
防己黄芪汤,防已,一两
防己黄芪汤,(,12g)
防己黄芪汤,黄芪,一两一分
防己黄芪汤,(,15g)
防己黄芪汤,甘草,半两
防己黄芪汤,(,6g)
防己黄芪汤,白术,七钱半
防己黄芪汤,(,9g)
藿香正气散,大腹皮,30g
藿香正气散,白芷,30g
藿香正气散,紫苏,30g
藿香正气散,茯苓,30g
藿香正气散,姜汁),60g
藿香正气散,苦桔梗,60g
藿香正气散,藿香,90g
藿香正气散,甘草,75g
独活寄生汤,独活,9g
独活寄生汤,桑寄生,6g
独活寄生汤,杜仲,6g
独活寄生汤,牛膝,6g
独活寄生汤,细辛,6g
独活寄生汤,秦艽,6g
独活寄生汤,茯苓,6g
独活寄生汤,肉桂心,6g
独活寄生汤,防风,6g
独活寄生汤,川芎,6g
独活寄生汤,人参,6g
独活寄生汤,甘草,6g
独活寄生汤,当归,6g
独活寄生汤,芍药,6g
独活寄生汤,干地黄,6g
五苓散,茯苓,9克、猪苓9克、泽泻12克、白术9克、桂枝6克
济川煎,当归(,9～15克)、牛膝(6克)、肉苁蓉(酒洗去咸)(6～9克)、泽泻(4.5克)、升麻(1.5～3克)、枳壳(3克)
大黄牡丹汤,大黄四两(,12g)、牡丹皮一两(3g)、桃仁五十个(9g)、冬瓜仁半升(30g)、芒硝三合(9g)
大黄牡丹汤,大黄,30g
大黄牡丹汤,芒硝,30g
大黄牡丹汤,红花,30g
大黄牡丹汤,桃仁,30g
大黄牡丹汤,牡丹皮,30g
大黄牡丹汤,苦参,30g
大黄牡丹汤,白及,30g
大黄牡丹汤,冬瓜子,20g
大黄牡丹汤,五倍子,20g
大黄牡丹汤,艾叶,20g
大陷胸汤,大黄,六两
大陷胸汤,(,10g)
大陷胸汤,芒硝一升,适量
大陷胸汤,(,10g)
大陷胸汤,甘遂,一钱匕
大陷胸汤,(,1g)
十枣汤,芫花,1.5g、大戟1.5g、甘遂1.5g、大枣10枚
大承气汤,大黄,四两
大承气汤,(,12g)
大承气汤,厚朴半斤,适量
大承气汤,(,24g)
大承气汤,枳实,五枚
大承气汤,(,12g)
大承气汤,芒硝三合,适量
大承气汤,(,9g)
大承气汤,大黄,12克(酒洗)
大承气汤,厚朴,6克(炙
大承气汤,),适量
大承气汤,枳实,9克(大者
大承气汤,),适量
黄龙汤,大黄（,9g）
黄龙汤,芒硝（,12g）
黄龙汤,枳实,适量
黄龙汤,（,6g）
黄龙汤,厚朴（,3g）
黄龙汤,当归,适量
黄龙汤,（,9g）
黄龙汤,人参（,6g）
黄龙汤,甘草（,3g）
温脾汤,大黄,15g、当归9g、干姜9g、附子6g、人参6g、芒硝6g、甘草6g
左归丸,大怀熟八两（,24g）、山药（炒）四两（12g）、枸杞四两（12g）、山茱萸肉四两（12g）、川牛膝（酒洗
左归丸,蒸熟）三两（,9g）、菟丝子（制）四两（12g）、鹿胶（敲碎
左归丸,珠）四两（,12g）、龟胶（切碎
左归丸,珠）四两（,12g）
右归丸,熟地黄,八两
右归丸,(,240g)
右归丸,山药,四两
右归丸,(,120g)
右归丸,山茱萸微,适量
右归丸,三两,适量
右归丸,(,90g)
右归丸,枸杞子微,适量
右归丸,三两,适量
右归丸,(,90g)
右归丸,菟丝子制,适量
右归丸,四两,适量
右归丸,(,120g)
右归丸,鹿角胶珠,适量
右归丸,四两,适量
右归丸,(,120g)
右归丸,杜仲姜汁,适量
右归丸,四两,适量
右归丸,(,120g)
右归丸,肉桂,二两
右归丸,(,60g)
右归丸,当归,三两
右归丸,(,90g)
右归丸,制附子,二两
右归丸,渐可加至,五六两
右归丸,(,60~180g)
龟鹿二仙胶,鹿角(新鲜麋鹿杀,适量
龟鹿二仙胶,角解的不用,适量
龟鹿二仙胶,马鹿角不用,适量
龟鹿二仙胶,去角脑梢骨二寸绝断,适量
龟鹿二仙胶,劈开,适量
龟鹿二仙胶,净用),5000g
龟鹿二仙胶,龟板(去弦,适量
龟鹿二仙胶,洗净,适量
龟鹿二仙胶,捶碎),2500g
龟鹿二仙胶,人参,450g
龟鹿二仙胶,枸杞子,900g
补中益气汤,黄芪,15g、人参(党参)15g、白术10g、炙甘草15g、当归10g、陈皮6g、升麻6g、柴胡12g、生姜9片、大枣6枚
归脾汤,白术、当归、白茯苓、黄芪、龙眼肉、远志、酸枣仁、人参,3g
归脾汤,木香,1.5g
归脾汤,甘草,1g
当归补血汤,黄芪,一两
当归补血汤,(,30g)
当归补血汤,当归酒洗,二钱
当归补血汤,(,6g)
参苓白术散,莲子肉一斤(,500克)
参苓白术散,薏苡仁一斤(,500克)
参苓白术散,缩砂仁一斤(,500克)
参苓白术散,桔梗令深黄色一斤(,500克)
参苓白术散,白扁豆姜汁浸,适量
参苓白术散,微一斤半(,750克)
参苓白术散,白茯苓二斤(,1000克)
参苓白术散,人参二斤(,1000克)
参苓白术散,甘草二斤(,1000克)
参苓白术散,白术二斤(,1000克)
参苓白术散,甘草二两(,6克)
参苓白术散,山药二斤(,1000克)
肾气丸,干地黄八两（,24g）
肾气丸,薯蓣,12g）
肾气丸,山茱萸各四两（,12g）
肾气丸,泽泻,9g）
肾气丸,茯苓,9g）
肾气丸,牡丹皮各三两（,9g）
肾气丸,桂枝,3g）
肾气丸,附子各一两（,3g）
炙甘草汤,甘草,12g
炙甘草汤,生姜,9g
炙甘草汤,桂枝,9g
炙甘草汤,人参,6g
炙甘草汤,生地黄,50g
炙甘草汤,阿胶,6g
炙甘草汤,麦门冬,10g
炙甘草汤,麻仁,10g
炙甘草汤,大枣,10枚
炙甘草汤,甘草（,12g）
炙甘草汤,西洋参（,6g）
炙甘草汤,火麻仁（,9g）
炙甘草汤,生地（,12g）
炙甘草汤,麦冬（,12g）
地黄饮子,熟干地黄,12g
地黄饮子,焙)、附子(炮裂,适量
地黄饮子,焙),15g
地黄饮子,菖蒲,15g
地黄饮子,远志,15g
玉屏风散,防风,一两
玉屏风散,(,30g)
玉屏风散,黄芪蜜、,适量
玉屏风散,白术,二两
玉屏风散,(,60g)
生脉散,人参,五分
生脉散,(,9g)
生脉散,麦门冬,五分
生脉散,(,9g)
生脉散,五味子七粒,适量
生脉散,(,6g)
完带汤,白术,30g
完带汤,山药,30g
完带汤,人参,6g
完带汤,白芍,15g
完带汤,车前子,9g
完带汤,苍术,9g
完带汤,甘草,3g
完带汤,陈皮,2g
完带汤,黑芥穗,2g
完带汤,柴胡,2g
四物汤,当归去芦酒浸,适量
四物汤,(,9g)
四物汤,川芎,6g
四物汤,白芍,9g
四物汤,熟干地黄酒蒸,适量
四物汤,(熟地黄已有成品,适量
四物汤,干地黄即生地黄晒干,适量
四物汤,(,12g)
四君子汤,人参,9g
四君子汤,白术,9g
四君子汤,茯苓,9g
四君子汤,甘草,6g
八珍汤,人参,30g
八珍汤,白术,30g
八珍汤,白茯苓,30g
八珍汤,当归,30g
八珍汤,川芎,30g
八珍汤,白芍药,30g
八珍汤,熟地黄,30g
八珍汤,甘草,30g
大补阴丸,熟地黄酒蒸、龟板酥,适量
大补阴丸,(,180g)
大补阴丸,黄柏褐色、,适量
大补阴丸,知母酒浸,适量
大补阴丸,(,120g)
一贯煎,北沙参,9g
一贯煎,麦冬,9g
一贯煎,当归身,9g
一贯煎,生地黄,18-30g
一贯煎,枸杞子,9-18g
一贯煎,川楝子,4.5g
六味地黄丸,熟地黄,八钱
六味地黄丸,(,24g)
六味地黄丸,山萸肉,适量
六味地黄丸,干山药,四钱
六味地黄丸,(,12g)
六味地黄丸,泽泻,适量
六味地黄丸,、牡丹皮、,适量
六味地黄丸,茯苓,三钱
六味地黄丸,(,9g)
牵正散,并,适量
消风散,当归,6g
消风散,生地,6g
消风散,防风,6g
消风散,蝉蜕,6g
消风散,知母,6g
消风散,苦参,6g
消风散,胡麻,6g
消风散,荆芥,6g
消风散,苍术,6g
消风散,牛蒡子,6g
消风散,石膏,6g
消风散,甘草,3g
消风散,木通,3g
玉真散,生白附子,等分
玉真散,生天南星,等分
玉真散,天麻,等分
玉真散,白芷,等分
玉真散,防风,等分
玉真散,羌活,等分
川芎茶调散,川芎,适量
川芎茶调散,荆芥,四两
川芎茶调散,(,120g)
川芎茶调散,白芷、,适量
川芎茶调散,羌活、,适量
川芎茶调散,甘草爁,适量
川芎茶调散,(,60g)
川芎茶调散,细辛,一两
川芎茶调散,(,30g)
川芎茶调散,防风,一两半
川芎茶调散,(,45g)
川芎茶调散,薄荷叶,八两
川芎茶调散,(,240g)
羚角钩藤汤,羚角片,适量
羚角钩藤汤,钱半,适量
羚角钩藤汤,(,4.5g)
羚角钩藤汤,霜桑叶,适量
羚角钩藤汤,二钱,适量
羚角钩藤汤,(,6g)
羚角钩藤汤,京贝母,适量
羚角钩藤汤,四钱,适量
羚角钩藤汤,(,12g)
羚角钩藤汤,鲜生地,适量
羚角钩藤汤,五钱,适量
羚角钩藤汤,(,15g)
羚角钩藤汤,双钩藤,适量
羚角钩藤汤,三钱,适量
羚角钩藤汤,(,9g)
羚角钩藤汤,后入,适量
羚角钩藤汤,滁菊花,适量
羚角钩藤汤,三钱,适量
羚角钩藤汤,(,9g)
羚角钩藤汤,茯神木,三钱
羚角钩藤汤,(,9g)
羚角钩藤汤,生白芍,适量
羚角钩藤汤,三钱,适量
羚角钩藤汤,(,9g)
羚角钩藤汤,生甘草,适量
羚角钩藤汤,八分,适量
羚角钩藤汤,(,2.4g)
羚角钩藤汤,淡竹茹,适量
羚角钩藤汤,五钱,适量
羚角钩藤汤,鲜刮,适量
羚角钩藤汤,(,15g)
羚角钩藤汤,与羚羊角代水,适量
镇肝熄风汤,怀牛膝,一两(30克)
镇肝熄风汤,生赭石,一两(30克)
镇肝熄风汤,生龙骨,(15克)
镇肝熄风汤,生牡蛎,(15克)
镇肝熄风汤,生龟甲,(15克)
镇肝熄风汤,生杭芍,(15克)
镇肝熄风汤,玄参,(15克)
镇肝熄风汤,天冬五钱,(15克)
镇肝熄风汤,川楝子,二钱(6克)
镇肝熄风汤,生麦芽,二钱(6克)
镇肝熄风汤,茵陈,二钱(6克)
镇肝熄风汤,甘草一钱半(,4.5克)
小活络丹,天南星,180g
小活络丹,制川乌,180g
小活络丹,制草乌,180g
小活络丹,地龙,180g
小活络丹,乳香,65g
小活络丹,没药,65g
大秦艽汤,秦艽,三两
大秦艽汤,(,90g)
大秦艽汤,甘草,二两
大秦艽汤,(,60g)
大秦艽汤,川芎,二两
大秦艽汤,(,60g)
大秦艽汤,当归,二两
大秦艽汤,(,60g)
大秦艽汤,白芍药,二两
大秦艽汤,(,60g)
大秦艽汤,细辛,半两
大秦艽汤,(,15g)
大秦艽汤,川羌活,适量
大秦艽汤,防风,适量
大秦艽汤,黄芩,一两
大秦艽汤,(,30g)
大秦艽汤,石膏,二两
大秦艽汤,(,60g)
大秦艽汤,吴白芷,一两
大秦艽汤,(,30g)
大秦艽汤,白术,一两
大秦艽汤,(,30g)
大秦艽汤,生地黄,一两
大秦艽汤,(,30g)
大秦艽汤,熟地黄,一两
大秦艽汤,(,30g)
大秦艽汤,白茯苓,一两
大秦艽汤,(,30g)
大秦艽汤,川独活,二两
大秦艽汤,(,60g)
大定风珠,生白芍六钱(,18g)
大定风珠,阿胶三钱(,9g)
大定风珠,生龟甲四钱(,12g)
大定风珠,干地黄六钱(,18g)
大定风珠,麻仁二钱(,6g)
大定风珠,五味子二钱(,6g)
大定风珠,生牡蛎四钱(,12g)
大定风珠,麦冬连心六钱(,18g)
大定风珠,甘草四钱(,12g)
大定风珠,鸡子黄生二枚(,2个)
大定风珠,鳖甲生四钱(,12g)
天麻钩藤饮,天麻,9g
天麻钩藤饮,川牛膝,12g
天麻钩藤饮,钩藤,12g
天麻钩藤饮,石决明,18g
天麻钩藤饮,山栀,9g
天麻钩藤饮,杜仲,9g
天麻钩藤饮,黄芩,9g
天麻钩藤饮,益母草,9g
天麻钩藤饮,桑寄生,9g
天麻钩藤饮,夜交藤,9g
天麻钩藤饮,朱茯神,9g
真人养脏汤（纯阳真人养脏汤）,人参,6克)
真人养脏汤（纯阳真人养脏汤）,当归,6克)
真人养脏汤（纯阳真人养脏汤）,白术各六钱(,6克)
真人养脏汤（纯阳真人养脏汤）,肉豆蔻(面裹,适量
真人养脏汤（纯阳真人养脏汤）,煨)半两(,8克)
真人养脏汤（纯阳真人养脏汤）,白芍一两六钱(,12克)
真人养脏汤（纯阳真人养脏汤）,诃子一两二钱(,9克)
真人养脏汤（纯阳真人养脏汤）,肉桂,6克)
真人养脏汤（纯阳真人养脏汤）,甘草各八钱(,6克)
真人养脏汤（纯阳真人养脏汤）,木香一两四钱(,3克)
真人养脏汤（纯阳真人养脏汤）,罂粟壳(去蒂萼,适量
真人养脏汤（纯阳真人养脏汤）,蜜)三两六钱(,9克)
桑螵蛸散,桑螵蛸,30g
桑螵蛸散,远志,30g
桑螵蛸散,菖蒲,30g
桑螵蛸散,龙骨,30g
桑螵蛸散,人参,30g
桑螵蛸散,茯神,30g
桑螵蛸散,当归,30g
桑螵蛸散,龟甲,30g
易黄汤,山药,
易黄汤,芡实,
易黄汤,g,适量
易黄汤,黄柏,6g
易黄汤,车前子,3g、白果(碎
易黄汤,十枚),12g
固经丸,黄芩,适量
固经丸,、白芍,适量
固经丸,、龟板,适量
固经丸,(,30g)
固经丸,黄柏,三钱
固经丸,(,9g)
固经丸,椿树根皮,七钱半
固经丸,(,22.5g)
固经丸,香附,二钱半
固经丸,(,7.5g)
九仙散,人参,30g
九仙散,款冬花,30g
九仙散,桑白皮,30g
九仙散,桔梗,30g
九仙散,五味子,30g
九仙散,阿胶,30g
九仙散,乌梅,30g
九仙散,贝母,15g
九仙散,罂粟壳(去顶,适量
九仙散,蜜黄),240g
固冲汤,白术,30g
固冲汤,生黄芪,18g
固冲汤,龙骨(煅,适量
固冲汤,捣细)、牡蛎(煅,适量
固冲汤,捣细),24g
固冲汤,萸肉,24g
固冲汤,生杭芍,12g
固冲汤,海螵蛸,12g
固冲汤,茜草,9g
固冲汤,棕边炭,6g
固冲汤,五倍子,1.5g
牡蛎散,黄芪,适量
牡蛎散,(,30g)
牡蛎散,麻黄根,适量
牡蛎散,(,9g)
牡蛎散,牡蛎米泔浸,适量
牡蛎散,刷去土,适量
牡蛎散,火烧通赤,适量
牡蛎散,(,30g)
四神丸,肉豆蔻,二两
四神丸,(,60g)
四神丸,补骨脂,四两
四神丸,(,102g)
四神丸,五味子,二两
四神丸,(,60g)
四神丸,吴茱萸浸,适量
四神丸,一两,适量
四神丸,(,30g)
四神丸,生姜,四两
四神丸,(,120g)
四神丸,红枣,五十枚
金锁固精丸,沙苑蒺藜、,适量
金锁固精丸,芡实蒸、,适量
金锁固精丸,莲须,二两
金锁固精丸,(,60g)
金锁固精丸,龙骨酥、,适量
金锁固精丸,牡蛎盐水煮一日一夜,适量
金锁固精丸,煅粉,适量
金锁固精丸,(,30g)
滚痰丸,大黄,240g
滚痰丸,片黄芩,240g
滚痰丸,礞石(捶碎,适量
滚痰丸,同焰硝,30g
滚痰丸,投入小砂罐内盖之,适量
滚痰丸,铁线缚定,适量
滚痰丸,盐泥固济,适量
滚痰丸,晒干,适量
滚痰丸,火煅红,适量
滚痰丸,候冷取出),30g
滚痰丸,沉香,15g
茯苓丸,茯苓,30g
茯苓丸,枳壳,15g
茯苓丸,半夏,30g
茯苓丸,风化朴硝,3g
定痫丸,明天麻,一两
定痫丸,(,30g)
定痫丸,僵蚕,适量
定痫丸,五钱,适量
定痫丸,(,15g)
定痫丸,川贝母,一两
定痫丸,(,30g)
定痫丸,全蝎,五钱
定痫丸,(,15g)
定痫丸,半夏,一两
定痫丸,(,30g)
定痫丸,茯苓,适量
定痫丸,茯神,一两
定痫丸,(,30g)
定痫丸,陈皮,七钱
定痫丸,(,20g)
定痫丸,远志,七钱
定痫丸,(,20g)
定痫丸,石菖蒲,五钱
定痫丸,(,15g)
定痫丸,胆南星,五钱
定痫丸,(,15g)
定痫丸,丹参,二两
定痫丸,(,60g)
定痫丸,麦冬,二两
定痫丸,(,60g)
定痫丸,琥珀,适量
定痫丸,五钱,适量
定痫丸,(,15g)
定痫丸,辰砂,三钱
定痫丸,(,9g)
苓甘五味姜辛汤,茯苓,12g
苓甘五味姜辛汤,甘草,9g
苓甘五味姜辛汤,干姜,9g
苓甘五味姜辛汤,细辛,5g
苓甘五味姜辛汤,五味子,5g
贝母瓜蒌散,贝母,一钱五分
贝母瓜蒌散,(,5g)
贝母瓜蒌散,瓜蒌,一钱
贝母瓜蒌散,(,3g)
贝母瓜蒌散,茯苓,适量
贝母瓜蒌散,、橘红,适量
贝母瓜蒌散,、花粉,适量
贝母瓜蒌散,桔梗,八分
贝母瓜蒌散,(,2.5g)
清气化痰丸,瓜蒌仁,一两
清气化痰丸,(,30g)
清气化痰丸,枳实,一两
清气化痰丸,(,30g)
清气化痰丸,陈皮,一两
清气化痰丸,(,30g)
清气化痰丸,茯苓,一两
清气化痰丸,(,30g)
清气化痰丸,、黄芩,一两
清气化痰丸,(,30g)
清气化痰丸,胆南星,一两半
清气化痰丸,(,45g)
清气化痰丸,杏仁,一两
清气化痰丸,(,30g)
清气化痰丸,制半夏,一两半
清气化痰丸,(,45g)
小陷胸汤,黄连,6g
小陷胸汤,半夏,12g
小陷胸汤,瓜蒌,20g
半夏白术天麻汤,半夏,一钱五分
半夏白术天麻汤,(,4.5g)
半夏白术天麻汤,天麻,适量
半夏白术天麻汤,茯苓、,适量
半夏白术天麻汤,橘红,适量
半夏白术天麻汤,(,3g)
半夏白术天麻汤,白术,三钱
半夏白术天麻汤,(,9g)
半夏白术天麻汤,甘草,五分
半夏白术天麻汤,(,1.5g)
半夏白术天麻汤,生姜一片,适量
半夏白术天麻汤,大枣,二枚
二陈汤,半夏,15g
二陈汤,橘红,15g
二陈汤,白茯苓,9g
二陈汤,甘草,4.5g
三子养亲汤,紫苏子,适量
三子养亲汤,(,9g)
三子养亲汤,白芥子,适量
三子养亲汤,(,9g)
三子养亲汤,莱菔子,适量
三子养亲汤,(,9g)
温胆汤,去瓤),60g
温胆汤,陈皮,90g
温胆汤,甘草,30g
温胆汤,茯苓,45g
甘麦大枣汤,甘草三两（,9~12g）
甘麦大枣汤,小麦一升（,15~30g）
甘麦大枣汤,大枣五~,十枚
黄芪桂枝五物汤,黄芪,9g
黄芪桂枝五物汤,桂枝,9g
黄芪桂枝五物汤,芍药,9g
黄芪桂枝五物汤,生姜,18g
黄芪桂枝五物汤,大枣,4枚
升陷汤,生黄芪六钱(,18g)、知母三钱(9g)、柴胡一钱五分(5g)、桔梗一钱五分(5g)、升麻一钱(3g)
当归芍药散,当归三两（,9g）、芍药一斤（48g）、茯苓四两（12g）、白术四两（12g）、泽泻半斤（24g）、川芎半斤（一作三两）（10g）
暖肾助火汤,潞参,9g
暖肾助火汤,白术,9g
暖肾助火汤,山药,9g（炒）
暖肾助火汤,巴戟天,15g（去心
暖肾助火汤,盐水）,适量
暖肾助火汤,覆盆子,15g（盐水炒）
暖肾助火汤,桑螵蛸,9g（盐水炒）
暖肾助火汤,附子片,4.5g
暖肾助火汤,上元桂,4.5g（去皮
暖肾助火汤,研）,适量
暖肾助火汤,芡实,9g（炒）
暖肾助火汤,肉苁蓉,3g（洗净）
五萎汤,人参,3g
五萎汤,白术,3g
五萎汤,茯苓,3g
五萎汤,甘草,1.2g
五萎汤,当归,4.5g
五萎汤,苡仁,9g
五萎汤,麦冬,6g
五萎汤,黄柏,1.5g
五萎汤,知母,1.5g
癫狂梦醒汤,桃仁,24g
癫狂梦醒汤,甘草,15g
癫狂梦醒汤,紫苏子,12g
癫狂梦醒汤,柴胡,9g
癫狂梦醒汤,木通,9g
癫狂梦醒汤,赤芍,9g
癫狂梦醒汤,大腹皮,9g
癫狂梦醒汤,陈皮,9g
癫狂梦醒汤,桑白皮,9g
癫狂梦醒汤,香附,6g
癫狂梦醒汤,半夏,6g
癫狂梦醒汤,青皮,6g
薯蓣丸,薯蓣三十分(,30克)
薯蓣丸,当归,10克)
薯蓣丸,桂枝,10克)
薯蓣丸,神曲,10克)
薯蓣丸,干地黄,10克)
薯蓣丸,大豆黄卷各十分(,10克)
薯蓣丸,甘草二十八分(,28克)
薯蓣丸,人参,7克)
薯蓣丸,阿胶各七分,7克)
薯蓣丸,川芎,6克)
薯蓣丸,白芍,6克)
薯蓣丸,白术,6克)
薯蓣丸,麦门冬,6克)
薯蓣丸,防风,6克)
薯蓣丸,杏仁各六分(,6克)
薯蓣丸,柴胡,五分(5克)
薯蓣丸,桔梗,五分(5克)
薯蓣丸,茯苓,五分(5克)
薯蓣丸,干姜三分(,3克)
薯蓣丸,白蔹二分(,2克)
薯蓣丸,大枣一百枚(,100个)薯蓣三十分(30克)
薯蓣丸,当归,10克)
薯蓣丸,桂枝,10克)
薯蓣丸,神曲,10克)
薯蓣丸,干地黄,10克)
薯蓣丸,大豆黄卷各十分(,10克)
薯蓣丸,甘草二十八分(,28克)
薯蓣丸,人参,7克)
薯蓣丸,阿胶各七分,7克)
薯蓣丸,川芎,6克)
薯蓣丸,白芍,6克)
薯蓣丸,白术,6克)
薯蓣丸,麦门冬,6克)
薯蓣丸,防风,6克)
薯蓣丸,杏仁各六分(,6克)
薯蓣丸,柴胡,五分(5克)
薯蓣丸,桔梗,五分(5克)
薯蓣丸,茯苓,五分(5克)
薯蓣丸,干姜三分(,3克)
薯蓣丸,白蔹二分(,2克)
薯蓣丸,大枣一百枚(,100个)
升阳益胃汤,黄芪（,30g）
升阳益胃汤,半夏（,15g）
升阳益胃汤,人参（,15g）
升阳益胃汤,甘草（,15g）
升阳益胃汤,独活（,9g）
升阳益胃汤,防风（,9g）
升阳益胃汤,白芍药（,9g）
升阳益胃汤,羌活（,9g）
升阳益胃汤,橘皮（,6g）
升阳益胃汤,茯苓（,5g）
升阳益胃汤,柴胡（,5g）
升阳益胃汤,泽泻（,5g）
升阳益胃汤,白术（,5g）
升阳益胃汤,黄连（,1.5g）.
麻杏石甘汤,麻黄,9~12g（4两）、杏仁9g（50个去皮尖）、甘草6g（2两炙）、石膏24g
定经汤,菟丝子,30克
定经汤,白芍,30克
定经汤,当归,30克（酒洗）大熟地15克（九蒸）山药15克
定经汤,白茯苓,9克
定经汤,芥穗,6克（炒黑）柴胡15克
温经摄血汤,大熟地,30克(九蒸)
温经摄血汤,白芍,30克(酒炒)
温经摄血汤,川芎,15克(酒洗)
温经摄血汤,白术,15克(土炒)
温经摄血汤,柴胡,1.5克
温经摄血汤,五味子,0.9克
温经摄血汤,肉桂,1.5克(去粗研)
温经摄血汤,续断,3克
黄连阿胶汤,黄连四两(,12克)、黄芩二两(6克)、芍药二两(6克)、鸡子黄二枚、阿胶三两(9克)
黄连阿胶汤,黄连,9克
黄连阿胶汤,阿胶,9克
黄连阿胶汤,黄芩,6克
黄连阿胶汤,生地,12克
黄连阿胶汤,生白芍,15克
黄连阿胶汤,甘草,4.5克
桂枝加龙骨牡蛎汤,桂枝,9克
桂枝加龙骨牡蛎汤,芍药,9克
桂枝加龙骨牡蛎汤,生姜,9克
桂枝加龙骨牡蛎汤,甘草,6克
桂枝加龙骨牡蛎汤,大枣,12枚（3~5枚）
桂枝加龙骨牡蛎汤,龙骨,适量
桂枝加龙骨牡蛎汤,牡蛎,9克
骨痹汤,杭白芍,30-60克
骨痹汤,生甘草,10克
骨痹汤,木瓜,10克
骨痹汤,威灵仙,15克
白术附子汤（桂枝附子去桂加白术汤）,附子(,9克)、白术(12克)、生姜(9克)、炙甘草(6克)、大枣(12枚)
桂枝附子汤,桂枝四两（,12g）
桂枝附子汤,附子(炮,适量
桂枝附子汤,)三枚（,15g）
桂枝附子汤,生姜三两（,9g）
桂枝附子汤,大枣十二枚、甘草二两（,6g）
甘草附子汤,甘草,6克
甘草附子汤,附子,12克（炮
甘草附子汤,破）,适量
甘草附子汤,白术,6克
甘草附子汤,桂枝,12克（去皮）
