id,name,effect,usage_text,explanation,key_points,modifications,precautions,other_info
1005,葛根汤,疏散风寒，解肌发汗。,以水1000ml，先煮麻黄、葛根减二升（200ml），再去白沫，纳其它诸药，煮取三升300ml，去滓，温服一升100ml。覆衣被取微似汗，余如桂枝法将息。,本方为桂枝汤加麻黄、葛根而成。方用葛根四两为主药，主治“项背强几几”。“项背强几几”，即为项背强痛的古代通俗说法。用现代语言描述，这是一种从后头部至后背部的肌肉拘急疼痛感，有时范围可达到腰部。同时多伴有头痛，头昏，眩晕等。患者有主诉头项强痛者，有主诉肩颈部酸重者，有主诉腰背酸痛者，也有但诉说头昏头重头痛者，甚至仅诉说全身困重者。医生可用手指沿其风池穴往下向脊柱两侧用力按压，两夹脊肌肉有抵抗感，患者可诉说疼痛感或酸重感。这种项背强痛感，一般多见于肌肉较厚实的患者。另外，头面部的乃至五官的许多病症所出现的头痛、头昏、头晕、耳鸣等不适感，也可以看作是项背强痛的延伸。需要特别指出的是项背强痛一证，非葛根证所独有。栝楼桂枝汤证的“身体强几几然”，麻黄汤证的“身疼腰痛”、桂枝去桂加茯苓白术汤证的“头项强痛”等在某种程度上都可以认为是“项背强几几”的延伸表现，临床应注意鉴别。,"本方证为邪入太阳经输，经气不利，筋脉失于濡养所致，以无汗、恶风、项背拘急不舒为主证，宜葛根汤解表而散经输之邪。身体瘦癯，头项左倾，两侧颈项和后枕部僵硬麻木，牵强疼痛，转侧时疼痛益剧，头似不在脖子上，二便自调。舌质淡红，苔薄白，脉细弦。
项背强、自下利、无汗、肌肉痉挛者
①熊腰虎背：体格强健，肌肉厚实，脉象有力，体力劳动者或青壮年多见。
②皮粗肤干：面色黄黯或黯红，皮肤粗糙干燥，背部以及面部多有痤疮；平时不容易出汗，许多疾病在汗后减轻，有夏轻冬重的趋向。
③易困倦：疲劳感，困倦，嗜睡，反应比较迟钝。
④多头疾：容易有头项腰背拘急疼痛、耳鸣耳詟、痤疮、皮肤疮癣等。
⑤月经不调：女性月经素乱，表现为月经量少、月经周期校长或闭经、痛经等。",表邪犯胃呕逆者，加半夏；身热烦渴，加石膏；头痛剧者，加蔓荆子、藁本；咽痛痰粘，加桔梗；伴风疹者，加防风、川芎、蝉蜕；口眼㖞斜，加地龙、川芎、木瓜。,①表虚有汗者，忌。②口渴、思冷者，忌。③下利清谷、不欲食冷之里虚寒证者，忌。④本方应餐后服用。,方歌：葛根汤内麻黄襄，桂甘芍药枣生姜，轻可去实因无汗，有汗加葛无麻黄。
1055,三物黄芩汤,养血滋阴、清热解毒,上三味以水800毫升煮取300毫升，分早晚两次温服,本方用于治疗产后血亏阴虚，风邪入里化热之证，方用黄芩清热，地黄滋阴养血，苦参燥湿祛风，刚柔并用，祛风而不燥，滋阴而不腻,临床应用以产后发热而无表证者为辨证要点。①心烦失眠，手足烦热，甚则灼热疼痛、肤色红。②唇舌干燥，口渴欲饮。③舌质红而少津,,,《金匮要略，妇人产后病脉证治》云：“治妇人在草蓐，自发露得风，四肢苦烦热，头痛者与小柴胡汤；头不痛但烦者，此汤主之。”三物黄芩汤治疗产后虚热，而且将其扩大运用于多种虚热疑难杂症。《张氏医通》：上三味皆纯阴苦寒，伤胃滞血之药，产后虽有烦热，难以轻用，必有质壮气盛，脉证俱实，能食便硬者，始堪任此，用者审之
134,参附龙牡汤,具有敛汗潜阳，扶正固脱之功效,每日1剂，水煎分3次服,附子大辛大热，回阳救逆，人参甘温，大补元气，以固后天之本。参附合用补气回阳，阳气（元阳）是五脏六腑功能活动之动力。龙骨、牡蛎重镇，固摄阳气，以防虚阳浮动，摄气归原，阴阳相互依附，故用酸甘之白芍、甘草护阴潜阳,诊断要点为汗出肢冷，面色浮红，脉虚数或浮大无根。临床上用于阴阳俱竭、阳越于上证,气虚者，加黄芪；肾虚者，加补骨脂、山茱萸、山药、桑螵蛸,龙骨、牡蛎须先煎,歌诀：证见五脱元气衰，参附龙牡急回阳；后遗偏瘫应还五，语謇舌强解语方
135,麻黄杏仁甘草石膏汤,辛凉宣泄，清肺平喘。,水煎，温服。,麻黄杏仁甘草石膏汤清宣肺热，平喘止咳。本方是麻黄汤去桂枝加石膏半斤组成。柯韵伯《伤寒来苏集》云：“一加一减，温解之方转为凉散之剂矣。”方中麻黄辛温，宣肺止咳平喘；石膏辛甘大寒，清解肺热，其用量大于麻黄一倍，使麻黄由辛温之性转为辛凉之用，以宣散清透肺热；杏仁佐助麻黄宣肺降气，止咳平喘；炙甘草化痰止咳，和中缓急，调和麻黄与石膏寒热之性。四味相合，共奏清热宣肺、止咳平喘之功。麻黄与石膏相配，以及麻黄与杏仁相配，是清热宣肺及平喘止咳的常用对药。,麻黄杏仁甘草石膏汤治邪热壅肺证。症见发汗后，汗出，气喘，无大热。临床应用以身热不解、外感风邪、有汗或无汗、咳逆气急。甚或鼻扇口渴、苔薄白或黄、脉浮滑而数为辨证要点。凡属风寒实喘、肾虚久喘者，不宜应用。,原治太阳病，发汗未愈，风寒入里化热，“汗出而喘者”。后世用于风寒化热，或风热所伤，但见肺中热盛，身热喘急，口渴脉数，无论有汗，无汗，便以本方加减治疗，服后辄效。因肺中热甚，蒸迫津液，固然有汗，若津液大伤，则汗少或无汗。此时当加重石膏用量，或加炙桑皮、芦根、知母之属。若无汗而见恶寒，是虽邪已入里化热，但在表之风寒未尽，或是风温而挟风寒所致，当酌加解表之品，如荆芥、薄荷、淡豆豉、牛蒡子之类，在用清泄肺热为主的同时，开其皮毛，使肺热得泄而愈。所以临证用本方，不必拘于“汗出而喘”，但当细审无汗之故，或加清热生津之品，或加辛散解表之属，自然药证相当，应手而效。,斟酌。,本方又称“麻杏石甘汤”，首见于《伤寒论》。原书治“汗出而喘”“无大热者”。历代医家在临床实践中发现，本方证之于临床，既有汗出而喘者，又有无汗而喘者。于此，应用中主张不论有汗或无汗，皆可投之。
136,当归四逆加吴茱萸生姜汤,养血通络，散寒降逆,以水400毫升，清酒400毫升，煮取300毫升，去滓，分二次温服。,,主症：在当归四逆汤证的基础上，兼有脘腹冷痛、呕吐涎沫、寒疝囊缩等肝胃沉寒证。病机：血虚寒凝，兼肝胃沉寒。治法：养血温经，暖肝温胃。方用当归四逆加吴茱萸生姜汤。,,,方歌：当归四逆桂志芍，细辛甘草木通枣，内有大寒加姜茱，养血通络寒逆消。
137,参附汤,益气回阳救脱,先将生姜、大枣用水煎汤，去渣留汁，以汤代水煎煮人参、附子，取汁徐徐饮服。目前临床多只用人参、附子二药，水煎服。病情严重者，可日服2剂。注射液肌内注射，或静脉滴注，每次2～10毫升，或遵医嘱。,参附汤为回阳救逆、益气固脱之要方。方中人参大补元气、益气固脱；附子回阳救逆、补火助阳、散寒止痛。参附配伍，能上助心阳，下补肾阳，中健脾气，气阳同救，起到温而兼润、补而能固的功效，可期峻补阳气以救暴脱之效。临床运用时凡大病虚极欲脱，产后或月经暴崩，或痈疡久溃，血脱亡阳等，均可用本方救治。但一俟阳气来复，病情稳定。便当辨证论治，不可多服，免纯阳之品过剂，反致助火伤阴耗血。,,,,参附汤是救脱方，益气固阳效力彰，肢厥汗出脉欲绝，阳气暴脱急煎尝
138,养阴清肺汤,养阴清肺，解毒利咽。,水煎服。一般日服1剂，重症可日服2剂。,白喉一证，多由素体阴虚蕴热，复感燥气疫毒，津液被灼，热毒熏蒸于上所致。《重楼玉钥》卷上云：“缘此证发于肺肾，凡本质不足者，或遇燥气流行，或多食辛热之物，感触而发”。喉为肺系，少阴肾脉循喉咙系舌本，肺肾阴虚，虚火上炎，复加燥热疫毒上犯，肺失清肃，以致喉间起白如腐，咽喉肿痛，或咳或不咳，呼吸有声，似喘非喘等症；鼻干唇燥，脉数无力或细数。乃燥热伤津，正虚蕴毒之征。治之之法，“不外肺肾，总要养阴清肺，兼辛凉而散为主”。《重楼玉钥》卷上 。,本方是治疗阴虚燥热白喉的常用方。以喉间起白如腐，不易拭去，咽喉肿痛，鼻干唇燥，脉数无力为辨证要点。白喉忌表，尤忌辛温发汗，据原方后记载；“如有内热及发热，不必投表药，照方服去，其热自除”。,若阴虚甚者，加熟地滋阴补肾；热毒甚者，加银花、连翘以清热解毒；燥热甚者，加天冬、鲜石斛以养阴润燥。并可配合应用《重楼玉钥》之吹药方：青果炭6g，黄柏、川贝母、儿茶、薄荷各3g，冰片、凤凰衣各1.5g。 各研细末，再入乳钵内和匀，加冰片研细，瓶装备用。,白喉忌表，尤忌辛温发汗，据原方后记载：“如有内热及发热，不必投表药，照方服去，其热自除。”,"养阴清肺是妙方，玄参草芍冬地黄，薄荷贝母丹皮入，时疫白喉急煎尝。
1.原书主治《重楼玉钥》卷上：“喉间起白如腐，初起者发热或不发热，鼻干唇燥，或咳或不咳，鼻通者轻，鼻塞者重，音声清亮，气息调匀易治，若音哑气急，即属不治。”
2.方论选录郑梅涧《重楼玉钥》卷上：“按白喉一证，即所谓白缠喉是也。诸书皆未论及，惟《医学心悟》言之。至于论治之法，亦未详备。缘此症发于肺肾，凡本质不足者，或遇燥气流行，或多食辛热之物，感触而发。初起者发热，或不发热，鼻干唇燥，或咳或不咳，鼻通者轻，鼻塞者重。音声清亮，气息调匀易治；若音哑气急，即属不治。近有好奇之辈，一遇此症，即用象牙片动手于喉中，妄刮其白，益伤其喉，更速其死，岂不哀哉！余与既均三弟疗治以来，未尝误及一人，生者甚众，经治之法，不外肺肾，总要养阴清肺，兼辛凉而散为主。"
139,四逆加人参汤,回阳救逆，益气固脱。,用量上四味，以水600毫升，煮取240毫升，去滓，分温再服。上四味，以水三升，煮取一升合，去滓，分温再服。,,,,斟酌。,别名：四顺汤（《肘后方》卷二）、回阳饮（《医学集成》卷一）、人参四顺汤（《鸡峰普济方》卷五）
1932,柴胡疏肝散,疏肝解郁，行气止痛。,水煎服，水一盅半，煎八分，食前服。,本方所治为情志不遂，肝失疏泄，肝郁血滞，横逆犯胃所致。肝失疏泄，经气不利，则胁肋疼痛，胸闷善太息，情志抑郁，易怒，脉弦；肝气不疏，横逆犯胃，则脘腹胀满。根据“木郁达之”之旨，治宜疏肝解郁，行气止痛。方以柴胡为君，调肝气，散郁结。臣以香附专人肝经，既疏肝解郁，又理气止痛；川芎辛散，开郁行气，活血止痛，二药助柴胡疏肝理气止痛。佐以陈皮理气行滞和胃，醋炒以增入肝行气之功；枳壳理气宽中，行气消胀，与陈皮相伍以理气行滞调中；白芍、甘草养血柔肝，缓急止痛。炙甘草又调和诸药，兼作使药。诸药合用，能理肝气、养肝血，和胃气，诚为疏肝理气解郁之良方。本方是四逆散加陈皮、川芎、香附而成。而四逆散中四药等量，侧重调畅气机，疏理肝脾；本方重用柴胡，轻用甘草，将枳实改为枳壳，再加陈皮、川芎、香附重在行气疏肝，兼以和血止痛，为治肝郁血滞之良方。,本方为疏肝解郁的常用方，以胁肋胀痛，脉弦为辨证要点。,胁肋痛甚者，酌加郁金、青皮、当归、乌药等以增强其行气活血之力；肝郁化火者，可酌加山栀、黄芩、川榛子以清热泻火。,本方芳香辛燥，易耗气伤阴，不宜久服。孕妇慎用。,"①原书主治 《医学统旨》：“治怒火伤肝，左胁作痛，血苑于上……吐血加童便半盅。”
②方论选录《谦斋医学讲稿》：“本方即四逆散加川芎、香附和血理气，治疗胁痛，寒热往来，专以疏肝为目的。用柴胡、枳壳、香附理气为主，白芍、川芎和血为佐，再用甘草以缓之。系疏肝的正法，可谓善于运用古方。”"
1933,牛蒡解肌汤,疏风清热，凉血解毒,水煎服,本方主要用于头面颈项疮疡。方中牛蒡子辛散风热，解毒消肿；薄荷、荆芥疏风散邪，以增强牛蒡子疏散风热之力，使邪从表解；连翘、夏枯草清热解毒，散结消痈；牡丹皮、山栀子、玄参清热泻火，凉血散血；玄参与石斛相配可滋阴清热。诸药合用，共奏疏风清热，凉血消肿之功。,临床应用以疮疡发于头面颈项、局部红肿疼痛，兼有恶寒发热，为其辨证要点,热甚者，加银花、石膏、黄芩；便秘者，重用牛蒡子，加瓜萎仁、积实、莱菔子；肿块坚硬者。加丹参、赤芍；肿块化脑者，去荆芥、牛蒡子、薄荷，加穿山甲、皂角刺,,方歌：牛蒡解肌翘丹栀，夏枯荆薄石斛玄，疏风清热又散肿，牙痛颈毒皆可医
1947,清经散,清热凉血,水煎服,清经散中牡丹皮凉血清热，泻血分伏火；地骨皮、黄柏泻肾火；青蒿清阴分之热；熟地黄凉血养阴而滋肾水；白芍益阴敛肝；茯苓行水泄热，又可宁心。本方以清热泻火药为主，抑阳以配阴，少佐滋阴药，使火泻而液不伤，用于火热而水有余之实热证，火热泻后血海得以安宁则经自调。临床应用以经行先期、月经过多、色红或有块、舌质红、脉细数为辨证要点。若经来腹痛，加制香附、台乌药；经来量多，加生熟蒲黄、茜草根；热甚，加知母。,中医临床运用以经行先期，月经过多，色红或有块，舌质红，脉细弱为其汤证之要点,如见经行量多有块，加生炒蒲黄、茜草；经行腹痛，加香附、乌药；血热甚，加炒地榆、炒槐花、知母等,气血虚弱，不能摄血所致的月经先期、月经过多等不宜,"清经散和两地汤区别：
清经散和两地汤可用于月经先期，或阴虚血热性崩漏、产后恶露不绝、产后盗汗、经行发热；或月经量过多、经间期出血及黄体功能不全等疾病，也可以拓展应用到精液量少、精液不化症等男科疾病。本病相当于黄体功能不全等疾病出现的月经先期。
清经散：清热凉血，滋肾养阴；主治月经先期、量多。
两地汤：滋阴清热，凉血调经；主治月经先期、量少。
中医大宝调经总结：（点↓名称可以查看详细方剂）
清经散：清热凉血，滋肾养阴；主治月经先期、量多。
两地汤：滋阴清热，凉血调经；主治月经先期、量少。
助仙丹：证见经水数月一行，腰痠腿软，食差，头晕神疲等。
益经汤：滋防养血，疏肝解郁；心、肝、脾经气郁，未老经水断、月经过少。
定经汤：妇人经来断续，或前或后无定期。
温经汤：漏下不止淋漓不畅，血色暗而有块，或月经超前或延后或逾期不止或一月再行或经停不至..
温经摄血汤：主治妇女经水后期，经来量多者。
清经散 https://www.901020.com/fangji/1947.html
您好访客,请登陆发表！
名 称
QQ号码
地 址
中医交流可加微信入群：hbxt998"
1949,玉液汤,益气养阴，生津止渴。治消渴。,水煎服。,本证因气阴不足所致，故用黄芪益气，葛根升阳生津，山药、知母、天花粉滋阴清热，鸡内金健运脾胃，五味子酸敛生津。张锡纯云：“方中以黄芪为主，得葛根能升元气。而又佐以山药、知母、花粉以大滋真阴。使之阳升而阴应，自有云行雨施之妙也。用鸡内金者，……用之以助脾胃强健，…为津液也。用五味者，取其酸收之性，大能封固肾关，不使水饮急于下趋也。”,以口渴尿多，困倦气短，脉虚细无力为辩证要点。,"气虚较甚，体倦、气少懒言者，加人参或西洋参以补气生津；
热邪较甚，口渴较甚，且饮不解渴、心烦者，加竹叶、石膏等；
肾虚较甚，腰膝酸软、小便频数者，加熟地黄、山萸肉等。
小便频数者，加山茱萸以固肾缩尿。",,本方有益气补脾生津润燥功，用于消渴，相当于今之糖尿病。方中以黄芪、山药为主药，必须重用方有效，本方对糖尿病并发症有效，并可用于胰岛素抵抗的治疗，是一首治疗糖尿病及其并发症的名方。本方尚可用于治疗甲状腺功能亢进症、慢性咽炎、口眼于燥和关节炎综合征等。脾肾同治，标本兼顾，且升发与封藏并行，共奏益气生津，固肾止渴之效。
1956,赤小豆当归散,清热利湿，和营解毒。,上二味，杵为散。浆水调服2克，每日三服。,本方用赤小豆渗湿清热，解毒排脓，当归活血，去瘀生新，浆水清凉解毒。共奏清热利湿，活血解毒之功。狐惑病乃伤寒余毒与湿热为患。脉数主疮热，眦黑为热瘀肉腐，能食则毒已化脓。本方用赤小豆渗湿清热，解毒排脓；当归活血，去瘀生新；又用米浆和胃气，共奏清热利湿，活血解毒之功。方中赤小豆甘酸而平，清热解毒，利水消肿，渗湿排脓，为君药。当归甘辛而温，补血活血，使瘀血得去，新血得生，为臣药。二药配伍，则水湿从下而去，热毒自内而清。以浆水服，因其解热疗烦，入血分，为方中佐使。,以腹痛便脓血，或大便下血，而伴有肌表热不甚、微烦欲卧、汗出、目四眦黑、能进食、脉数为其辨证要点。,若热毒甚者，加黄芩、黄柏泻火解毒；若下血较重，加地榆、槐花凉血止血；若湿热壅滞较甚，加薏苡仁、冬瓜仁清热利湿。,寒湿便血证者禁用。,眼眦赤黑变多般，小豆生芽曝令干，豆取三升归十分，杵调浆水日三餐。
1958,柴胡桂枝汤,和解少阳，调和营卫。,上九味，以水七升，煮取三升，去滓，温服一升。,本方为少阳、太阳表里双解之轻剂，取小柴胡汤、桂枝汤各半量，合剂制成。桂枝汤调和营卫，解肌辛散，以治太阳之表，小柴胡汤和解少阳，宣展枢机，以治半表半里。方用柴胡透泄少阳之邪从外而散，疏泄气机之郁滞，黄芩助柴胡以清少阳邪热，柴胡升散，得黄芩降泄，则无升阳劫阴之弊；半夏、生姜降逆和胃，人参、大枣扶助正气，俾正气旺盛，则邪无内向之机，可以直从外解。,《伤寒论》第146条：伤寒六七日，发热，微恶寒，支节烦疼，微呕，心下支结，外证未去者，柴胡桂枝汤主之。柴胡桂枝汤治少阳兼太阳表证。症见伤寒六七日，发热，微恶寒，肢节烦疼，微呕，心下支结。,如胸中烦而不呕，去半夏、人参、加栝楼根；腹中痛，去黄芩，加芍药；胁下痞硬，去大枣，加牡蛎；心下悸、小便不利，去黄芩，加茯苓；不渴，外有微热，去人参，加肉桂；咳者，去人参、大枣、生姜、加五味子、干姜；妇人热入血室、热伤阴血，加生地、丹皮；瘀血内结，少腹满痛，去人参、甘草、大枣，加延胡索、归尾、桃仁；兼寒者，加肉桂；气滞者，加香附，郁金。,外感病邪在表或已入里，一般不宜用本方，如需应用，则应酌情加减，疟疾需要本方时，宜加抗疟药同用。,"方歌：小柴原方取半煎，桂枝汤入复方全。阳中太少相因病，偏重柴胡做仔肩。
方剂附注：柴胡加桂汤（《三因》卷四）、柴胡加桂枝汤（《医学纲目》卷三十）、桂枝柴胡各半汤（《痎疟论疏》）。"
1987,身痛逐瘀汤,活血祛瘀，祛风除湿，通痹止痛。,水煎服。,《医林改错注释》：方中秦艽、羌活祛风除湿，桃仁、红花、当归、川芎活血祛瘀，没药、灵脂、香附行血气，止疼痛，牛膝、地龙疏通经络以利关节，甘草调和诸药。《医林改错·痹症有瘀血说》日：“凡肩痛、臂痛、腰疼、腿疼，或周身疼痛，总名日痹症……古方颇多，如古方治之不效，用身痛逐瘀汤。”,以肢体或周身痹痛、日久不愈、舌质紫暗或有瘀斑为辨证要点，是治疗周身经络血脉被瘀血阻闭的有效方。,① 若无周身痹痛，可去秦艽、羌活。②若兼有风湿者，宜加独活、狗脊，以祛风胜湿，而狗脊配方中牛膝，更能强壮腰膝;③若兼肾虚，宜加杜仲、续断、熟地黄以补肾壮筋骨;④若有明显的体位不正，用力不当的闪扭病史，则加乳香以配方中没药，可增强行气活血止痛之功，再加青皮以配方中香附，更可加强行气之力。⑤若微热，加苍术、黄柏。若虚弱，加黄芪一二两。,,王清任认为“风寒湿三气杂至，合而为痹”者，日久多显血瘀。从而制本方熔活血化瘀与祛风除湿于一炉。方中以桃仁、红花、当归、川芎活血祛瘀，意在使血行风自灭、血行湿也行；没药、灵脂、香附则理气化瘀止痛；牛膝、地龙活血通经络而利关节；另用秦艽、羌活祛风除湿，甘草和药。全方以活血化瘀为主，兼用祛风除湿之药，体现了王氏“痹症有瘀血”学术思想特点。(陈士奎《活血化瘀名家王清任》)。
1999,保元汤,补气温阳。,生姜一片，水煎温服。《景岳全书》加糯米一撮，无姜。,本方原治痘疮顶陷，血虚浆清，不能灌浆，属气弱阳虚之证。现用于虚损劳惧，元气不足者。其病机属元气不足。痘疮之毒，自内而出，气血充足，则成形浆满，痘疮发足而消。今因阳虚气亏，气血不足，故见痘疮顶陷，血虚浆清，不能灌浆；人身元气禀受于先天，本藏于肾，而赖后天水谷精微与吸人之气的荣养而滋生，若元气不足，则见虚损劳怯之象。治宜补气和中。今以此方温补元气，气溢体壮，虚损自愈。,本方以少气怯寒、倦怠乏力、脉细软为辨证要点。,如见肾阳虚，加附子、补骨脂、肉苁蓉；阴虚，去肉桂，加麦冬、生地、玄参；水肿，加猪苓、泽泻、车前子；腹胀，加砂仁、木香；呕吐痰多，加陈皮、半夏；中焦虚寒，加荜茇、干姜。,,临床可用党参代替人参，亦见用于治疗再生障碍性贫血、白细胞减少症、慢性肝炎、慢性肾衰竭、心律失常、冠心病心绞痛、帕金森病体位性低血压、慢性阻塞性肺疾病、慢性肾炎、小儿尿道综合征等疾病的报道。实验研究显示保元汤具有较好的提高免疫功能、促进造血干细胞增殖等功效。
2006,益气聪明汤,益气升阳，聪耳明目。,上药哎咀。每服9克，用水300毫升，煎至150毫升，去滓热服。临卧近五更再煎服之。,本方黄芪、人参、甘草重用以益气补中，升麻、葛根、蔓荆子用量递减以升清举陷，并少佐芍药、黄柏以敛阴、降火。凡属中焦气虚、升清无力所致头面耳目诸疾皆可辨证用之，使中气得升，耳目聪明。《东垣试效方》指出：如烦闷或有热，渐加黄柏，春夏加之，盛暑夏月倍之。若此一味多，则不效，如脾胃虚去之，有热者少用之。,,如烦闷或有热，渐加黄柏，春、夏加之，盛暑夏月倍之，如脾胃虚去之。,忌烟火酸物。,
2008,黛蛤散,清肝泻肺，化痰止咳,①古代用法：用淡齑水，滴麻油数点调服。②现代用法：以上二味，粉碎成细粉，过筛，混匀，即得。一日1次，一次6g，布包水煎服，或温水调服，或随处方入煎剂。,本方所治乃肝经郁火，上逆犯肺，炼液为痰所致。肝经布胁肋，上注于肺，若肝火过旺，气火上行则犯肺。肝主疏泄，调畅精神情志，火郁肝经，疏泄太过，情志失常，则心烦易怒；气火上逆，则眩晕耳鸣；肝火犯肺，津液被灼，则咳嗽咯痰，甚则热伤肺络则痰中带血。至于咳痰日久，面鼻发红，病本不在肺，而为肝火犯肺所致。,临床应用以咳痰带血，烦躁易怒，舌红，脉数为用方要点。,"若痰少难咯，舌红少苔，加沙参、麦冬以清肺养阴；
若咳血量较多，加侧柏叶、白茅根以凉血止血；
若咳嗽痰多，加杏仁、贝母、胆星以清肺化痰；
若见大便秘结，加瓜萎仁以润肠通便。",脾虚便溏及肺肾阴虚者慎用；寒证忌服。,
2010,猪苓汤,利水清热养阴,水煎服,本方以利水为主，兼以养阴清热，是治疗水热内结伤阴证的代表方剂。方中以猪苓、茯苓渗湿利水，滑石、泽泻通利小便，泄热于下，两者相配，分消水气，疏泄热邪，使水热不致互结；更佐以阿胶滋阴，滋养内亏之阴液。诸药合用，利水而不伤阴，滋阴而不恋邪，使水气去，邪热清，阴液复而诸症自除。五药合方，利水渗湿为主，清热养阴为辅，体现了利水而不伤阴、滋阴而不碍湿的配伍特点。水湿去，邪热清，阴津复，诸症自除。,,治热淋，可加栀子、车前子，以清热利水通淋；治血淋、尿血，可加白茅根、大蓟、小蓟以凉血止血。,若内热盛，阴津大亏者忌服、汗出多而渴者忌用。,临床报道也见于治疗急。慢性肾炎、肾积水、肾结石、乳糜尿、膀胱过度活动症、膀胱炎、前列腺炎、尿道炎、糖尿病肾病、变态反应性口炎、小儿急性腹泻、小儿轮状病毒性肠炎等证属水热互结伤阴者。实验研究表明，猪苓汤对泌尿系统具有利尿、抗菌、改善肾脏局部炎症、改善肾功能、抑制肾结石形成等药理作用。本方可用于热淋、血淋、尿血之属于水热互结而兼阴虚者
2015,三才封髓丹,泻火坚阴，固精封髓。,将上述药物粉碎后，用米糊制成丸剂，每日服用3次，每次服用10克。亦可作水煎剂。,方中人参补脾益气；天门冬滋阴补肺生水；熟地黄补肾滋阴；黄柏坚阴泻火；砂仁行滞醒脾；甘草既助人参宁心益气，又缓黄柏苦燥之弊。将熟地黄改为生地黄，滋阴降火，补肾水真阴；人参改为南沙参，养阴清肺。临床报道本方亦可用于虚火牙痛、慢性咽炎、急性喉炎属虚火上炎者。三才封髓丹的天、地、仁加强了上、中、下三焦的滋补之功。三焦并治，从下焦肾入手以治本，更符合老年人病机。,,,,实验应用小鼠灌胃给予不同剂量三才封髓丹口服液(每毫升相当于原生药量1.14克)连续12天，于第7天时行小鼠腹腔注射环磷酰胺，并分别于第10天和第12天观察Hb、Ret(网织红细胞)、WBC及BMC(骨髓细胞)。结果表明三才封髓丹口服液对小鼠的Hb、Ret、BMC的下降有预防作用(P<0.01)，而对WBC的下降无明显影响(P>0.05)。
2026,增液承气汤,滋阴增液，泄热通便。,水八杯，煮取二杯，先服一杯，不知，再服。,本方即增液汤加硝、黄而成。方中玄参、麦门冬、生地黄三者合用滋阴润肠通便，加大黄、芒硝泻热软坚，攻下腑实。全方增水行舟，泄热通便。临床还应用本方灌肠治疗，对中风患者降低颅内压、减轻脑水肿及改善消化道症状收效满意。用于治疗喘证，可增液益津、承气清热、化痰降气，符合六腑“以通为用”“脏邪以腑为出路”的原则。,以燥屎不行，下之不通，口干唇燥，苔黄，热结阴亏便秘证，脉细数为证治要点；其临床表现多见∶身热，大便秘结，腹满痛、口干唇裂、甚至齿体舌苔焦燥，脉沉细。,主要用于温病后期，津液损伤后，又内有积滞的病证，也可用于痔疮日久，大便燥结不通，属热结阴亏者。偏于阴亏者，应重用玄参、麦冬、生地；偏于积滞者，则重用大黄、芒硝。,热结津亏、燥屎不行，属虚实夹杂之证，使用攻下应当审慎；《温病条辨》：阳明温病，如属津液枯竭，水不足以行舟而燥结不下者，间服增液汤以滋阴增液，若再不下，是燥结太甚，宜予增液承气汤缓缓服之，且在得下后，停服余药，避免攻伐太过。,增液汤和增液承气汤均是吴氏治疗温病阴亏，无水行舟不大便的方剂，旨在增水行舟。温病条辨指出，阳明温病，大便不通，若属津液枯竭，水不足以行舟而燥结不下者，可间服增液汤以增其津液，若再不下，是燥结太甚，宜予增液承气汤缓缓服之，故增液汤是滋润为主，为津液大伤，燥结不甚者设；增液承气汤是润下合方，为津液大伤燥结已甚者设。缓急有别；临证必须斟酌。
2028,半夏秫米汤,化痰和胃，安神。,上二味，以流水600毫升，煮取360毫升，每次服180毫升，每日2次分服。,半夏秫米汤由半夏、秫米二药组成，药味简单而意旨深厚。半夏性温味甘能通阳，降逆而通泄卫气，李时珍《本草纲目》言半夏能除“目不得瞑”，现代药理研究也表明，法半夏有良好的镇静神经中枢的作用；秫米性味甘凉能养营，益阴而通利大肠，李时珍说：“秫，治阳盛阴虚，夜不得眠，半夏汤(即半夏秫米汤)中用之，取其益阴气而利大肠也，大肠利则阳不盛矣。,临床症状即以失眠为主症，轻者每晚能睡2、3小时，重者数日彻夜不眠，昼日神倦体乏，头晕纳减，甚至神志恍惚。具备上症，即可应用此法此方；伴有其它见症时，则可根据中医辨证适当分型论治。半夏、秫米合用，而助以甘澜水，使本方有通有补、有升有降，共成补虚泄实、沟通阴阳、和利营卫之功。所谓“通其道而去其邪”，则“其卧立至”。故凡失眠病证，皆可以此方为基本方治疗。,如心脾两虚加党参、炒白术，痰热扰心加黄连、淡竹茹，食滞胃脘加陈皮、六神曲等。,血证慎用。,"①方中半夏（生半夏有毒性，制半夏无此神效）的用量较大，一般常可用至40克（否则无效）；故此方必须在医师指导下运用。
②秫米，《类经》注为“糯小米也”、“北人呼为小黄米”，今医多遵吴鞠通意，代之以薏苡仁。
③煎法：需久煎慢煎，熟透后用滤布过滤取液服用。若不慎中毒，备生姜可解。"
2032,三圣散,治中风舌强不语。涌吐风痰。治中风闭证，失者闷乱，口眼喎斜或不省人事，牙关紧闭，脉浮滑实；癫痫，浊痰壅塞胸中，上逆时发；误食毒物，停于上脘者。,上为细末，每服三钱匕；用鹅梨汁半盏，皂角末一钱匕，浓煎汤一合，于梨汁相和调下，须臾吐出涎毒，便能语。各为粗末。每服约15克，以韭汁300毫升，先用200毫升，煎三五沸，去韭汁，次人l00毫升，煎至三沸，却将原煎韭汁，同一处熬二沸，去滓澄清，放温，徐徐服之。不必尽剂，以吐为度。,,,,,"三圣散 https://www.901020.com/fangji/2032.html
您好访客,请登陆发表！
名 称
QQ号码
地 址
中医交流可加微信入群：hbxt998"
2033,盐汤探吐方,宿食。饮食停留胃中，脘腹胀疼不舒。或干霍乱，欲吐不得吐，欲泻不得泻。,用极咸盐汤三升，热饮一升，刺口令吐宿食使尽，不吐更服，吐迄复饮，三吐乃住，静止。现代用法：将盐用开水调成饱和盐汤，每服200-300ml，服后探吐，以吐尽宿食为度。,本方主治宿食不消或干霍乱之证，乃由宿食或秽浊之气中阻，气机闭塞上下不通所致治宜因势利导，涌而吐之。方以盐汤极咸之味，激起呕吐，以开通气机，并使宿食随吐而出，这样气机得以调畅，则塞者可通，腹痛可止。因盐汤涌吐之力较缓，往往须与翔毛或手指探吐，以助药力，故名盐汤探吐方。,,,但亦应以吐为度，过之则伤胃气。,"盐汤探吐方 https://www.901020.com/fangji/2033.html
您好访客,请登陆发表！
名 称
QQ号码
地 址
中医交流可加微信入群：hbxt998"
2034,救急稀涎散,涌吐痰食，开窍醒神。,上药共研极细末。每服1～2克，温开水调，灌下。,本方为痰壅气闭于上而设中风闭证，痰涎壅盛，或喉痹阻塞气道，病情紧急，当立即疏通咽喉，缓解危急，然后再随证调治。方中白矾酸寒涌泄，能化解顽痰，并有开关催吐之功;皂荚辛温而咸，辛能开窍，温能化痰，成能散结，善通关去闭，荡涤痰浊，两药合用。有稀涎催吐，开窍通关的功用。,,,应用时但得吐出稀涎少许，即宜中病而止，随进相应方药予以调治。服用量不宜过大，以免损伤正气。,稀涎皂角与白矾，急救可祛膈上痰，中风昏迷属闭证，功能开窍又通关。
2036,封髓丹,"降火止遗。
滋阴降火，固精封髓。主肾气虚弱，相火妄动，梦遗滑精，阳关不守。
降心火，益肾水，升阳壮气，添精补髓。主诸虚。","上药捣罗为细末，水煮面糊和丸，如梧桐子大。每服50丸，用苁蓉15克，切作片子，酒300毫升，浸一宿，次日煎三四沸，去滓，空腹时送下。
共研为细粉，过罗，用冷水泛为小丸，每16两丸药，用朱砂5钱，滑石3两为衣，闯亮。每服3钱，日服2次，温开水送下。
上为细末，酒糊丸，如梧桐子大。每服50丸，渐加至70-80丸，空心温酒送下。",,,,,"封髓丹 https://www.901020.com/fangji/2036.html
您好访客,请登陆发表！
名 称
QQ号码
地 址
中医交流可加微信入群：hbxt998"
2037,五子衍宗丸,补肾益精。添精益髓，补肾固精。治肾虚精少，阳瘘早泄，遗精，精冷，余沥不清，久不生育。（不孕、不育）,以上五味，粉碎成细粉，过筛，混匀。每100g粉末用炼蜜35～50g加适量的水泛丸，干燥，制成水蜜丸；或加炼蜜80～90g制成小蜜丸或大蜜丸，即得。口服，水蜜丸一次6g，小蜜丸一次9g，大蜜丸一次1丸，一日2次。上为细末，炼蜜为丸，如梧桐子大。空腹时服90丸，睡前服50丸，温开水或淡盐汤送下，冬月用温酒送下。若惯遗泄者，去车前子，加莲子。,,本方为治疗肾精不足常用方剂。临床上以久不生育，腰膝酸软，脉细为证治要点。,若偏阳虚者，可加补骨脂、鹿胶、仙灵脾等以温壮肾阳；若偏阴虚者，可加熟地、龟胶、女贞子等以滋肾填精。,请查阅中成药五子衍宗丸说明书。,"五子衍宗丸 https://www.901020.com/fangji/2037.html
您好访客,请登陆发表！
名 称
QQ号码
地 址
中医交流可加微信入群：hbxt998"
2038,缩泉丸,温肾祛寒，缩尿止遗。,为末，丸如梧桐子大，每服9克，盐酒或米饮下。,本方主证为肾气不足。肾气不足，膀胱虚冷，气化不利，津液失约，故见小便频数或遗尿。 方用益智仁补肾助阳，固精缩尿，为主药。辅以乌药温肾散寒，助膀胱气化。佐以山药益肾涩精，补益脾胃。本方药力较薄弱，诸证情较甚者，须配用温补固涩之品，以加强疗效。,本方以小便自遗或不禁、神疲怯寒、腰膝酸软、舌质淡、苔薄、脉细无力为辨证要点。本方药简力薄，若证情较甚者，仍需适当酌加温补固涩之品，以提高疗效。,"若偏阳虚者，可加补骨脂、鹿胶、仙灵脾等以温壮肾阳；若偏阴虚者，可加熟地、龟胶、女贞子等以滋肾填精。
若肢冷畏寒明显者，可加菟丝子、补骨脂、肉苁蓉、鹿茸、附子等。",湿热下注、下焦瘀血引起的小便频数、滴沥不畅、时有遗尿等症，禁用本方。,"此方有中成药，具体用法禁忌请查阅中成药缩泉丸说明书。
缩泉丸 https://www.901020.com/fangji/2038.html
您好访客,请登陆发表！
名 称
QQ号码
地 址
中医交流可加微信入群：hbxt998"
2039,水陆二仙丹,固涩止遗，益肾滋阴，收敛固摄,将芡实研末，金樱子熬膏，拌和制成丸。每服6～9克，每日2次，盐汤送下,方中芡实甘涩，能固肾涩精；金樱子酸涩，能固精缩尿。两药配伍，能使肾气得补，精关自固，从而遗精、遗尿、带下蠲除,临床应用以腰酸乏力、遗精、带下、脉沉软无力为辨证要点,若偏阳虚者，可加补骨脂、鹿胶、仙灵脾等以温壮肾阳；若偏阴虚者，可加熟地、龟胶、女贞子等以滋肾填精,有下焦湿热者不宜,水陆二仙金樱芡，经遗带下都能祛
2041,桂枝葛根汤,解肌发表，升津舒经,"上六味，以水一斗，先煮麻黄、葛根，减二升，去上沫；内诸药；煮取三升，去滓，温服一升。覆取微似汗，不须啜（chuo,吃）粥，余如桂枝法将息及禁忌。",本方由桂枝汤加葛根构成。方中桂枝汤祛风解肌，调和营卫；葛根鼓舞胃气上行，提升津液以濡润经脉，解除项背拘急，且有助于解肌发表。,以发热汗出恶风，项背拘急不舒为辨证要点。,重用芍药、葛根，加赭石、牡蛎、龙骨、钩藤；面肌拘紧，口眼歪斜，加白附子，全蝎；温病初起而项背强急，则加银花、连翘。若无汗，加防风；头痛，加羌活；夏秋口渴消水，加石膏。,未知，需斟酌。,
2050,建瓯汤,镇肝熄风，滋阴安神,磨取铁锈浓水，煎上药服,方中怀牛膝引血下行，并能补益肝肾，为主药。代赭石与生牡蛎、生龙骨相配，镇肝熄风，降逆潜阳，是为辅药。生地黄、白芍、山药滋养阴液，以制阳亢；柏子仁滋养阴血，安心宁神，均为使药。诸药配伍，共奏镇肝熄风，安神滋阴之效,临床应用以眩晕、心悸、口干、舌稍红、脉弦而长，为其辨证要点,方中赭石必一面点点有凸，一面点点有凹，生轧细用之方效。若大便不实者去赭石，加建莲子（去心）三钱。若畏凉者，以熟地易生地,,研究表明，建瓴汤能显著降低高脂大鼠血清apoB、LP(a)水平(P〈0.05，P〈0.01)，显著升高apoA.I水平。结论结果提示建瓴汤通过升高apoA-I、降低apoB进一步发挥血脂调节作用，通过降低LP(a)水平降低了心脑动脉粥样硬化(AS)性血管疾病的独立危险因素
2051,厚朴七物汤,解肌散寒，和胃泻肠,上药以水一斗，煮取四升。每服八合，温服日三次,厚朴七物汤是桂枝汤去白芍加厚朴枳实大黄，因为白芍是腹痛，不是腹满，白芍主收敛，而腹部有实要攻下；甘、枣、桂、姜，达郁而解外，枳、朴、大黄，泻满而攻里也,以发热、腹满、大便不畅、脉浮数为辨证要点。病腹满，发热十日，脉浮而数，饮食如故。腹满气胀,如有下痢，去大黄，重用生姜；如有呕吐加半夏；寒多者，加生姜半斤，生姜温中寒而止腹痛，力逊干姜，然亦有良效,忌海藻、菘菜、生葱、羊肉、饧,"①《沈注金匮要略》：此有表证腹满也。发热十日之久，脉尚浮数，当责风邪在表。然风气内通于肝，肝盛乘胃，故表见发热，而内作腹满；风能消谷，即能食而为中风，所以饮食如故。用小承气荡涤肠胃之热，桂、甘、姜、枣调和营卫，而解在表之风耳。
②《张氏医通》：此本小承气合桂枝汤，中间裁去白芍之酸收，不致引邪入犯营血。虽同用桂枝、甘草，与桂枝汤泾渭攸分。其厚朴独倍他药，正以泄气之浊逆耳"
2053,生脉饮,益气复脉，养阴生津。,水煎服。原方无剂量，按常规剂量酌定。口服液：口服，1次10毫升，每日3次。注射液：静脉滴注，1次20～60毫升，用5%葡萄糖注射液250～500毫升稀释后使用，或遵医嘱，供心肌梗死、心源性休克、感染性休克等急重病应用。,生脉散方中人参、麦门冬、五味子皆入肺经，一补一润一敛，既可补气阴之虚，又可敛气阴之散，故肺虚久咳之证得之，可收益气养阴，敛肺止咳之效；暑热气耗津泄之证得之，司奏益气生津，敛阴止汗之功。由此则气复津生，汗止阴存，脉得气充，则可复生，故以“生脉”名之。方中人参性味甘温，有大补元气之功，若气虚不甚者，可易为党参；若气阴不足，兼有内热者，则可用西洋参代之；若病情急重者，全方用量亦宜加重，或使用注射剂。如口渴喜饮，加芦根、花粉；舌红、脉数，加黄连、栀子；心阳不振，加附子、干姜；汗多欲脱，加龙骨、牡蛎。生脉散乃补敛合用，若温病气阴虽伤，但余热未清，或久咳肺虚，仍有痰热者，均非所宜。,,,,生脉麦味与人参，保肺清心治暑淫，气少汗多兼口渴，病危脉绝急煎斟。
2087,龟鹿二仙胶,滋阴填精、益气壮阳,上药熬成膏。每服初起一钱五分，十日加五分，加至二钱止，空心酒化下，常服乃可；现代用法：初服酒服4.5克，渐加至9克。空腹时服用。,鹿角胶温肾壮阳，益精养血，龟甲胶填精补髓，滋阴养血，俱为血肉有情之品；人参大补元气，枸杞子补肾益精，养肝明目。达到阴阳气血并补，先天后天兼顾，峻补精髓，益气壮阳。,临床应用以腰膝酸软、两目昏花、阳痿遗精为辨证要点,如有虚阳上扰、头晕目眩可加杭菊花、明天麻以熄风止眩；阳痿者可加淫羊藿、海狗脊等以助暖肾壮阳之效,脾胃虚弱而食少便溏、阴虚而有内热者不宜,七宝美髯丹与龟鹿二仙胶都为阴阳双补，养生延衰之剂。龟鹿二仙胶重用血肉有情之龟版胶、鹿角胶，并配人参，属峻补精气阴阳之剂；七宝美髯丹则重用擅长益精血，乌须发的何首乌，配伍之药多滋而不腻，温而不燥，滋补之力虽不及龟鹿二仙胶，但补而不滞，为平补肝肾精血之剂。
2090,开郁种玉汤,疏肝解郁，调经种子。,水煎服。,情志抑郁，肝失条达，气血运行不畅，冲任不能相资，故婚后多年不孕；肝气失疏，乳络不畅，故乳房胀硬疼痛、乳房内结块；肝郁伐脾，故胸闷胁痛。方中当归、白芍养血柔肝，以实肝体；白术、茯苓健脾培中，以旺后天生化之源；香附疏肝解郁以遂肝用，顺其条达之性，肝郁自解，气通则血和，经血自调；丹皮凉血活血，天花粉生津清热。二药合用既防郁久化火之变，又制香燥药物伤阴之弊。全方具有疏肝解郁、养血扶脾之功。,,"如胸胁胀满甚者，去白术，加青皮、玫瑰花舒郁。
梦多而睡眠不安者，加炒枣仁、夜交藤以益肝宁神。
乳胀有块，酌加王不留行、橘叶、橘核。
乳房胀痛有灼热感或触痛者，加蒲公英。
若气滞而有瘀血者，可见小腹痛胀，经期或劳累后加重，痛时拒按，则瘀汤（方见《痛经》去干姜、肉桂，加丹参、香附、桂枝。",阳虚气弱、湿热蕴阻者忌。,现代药理研究证实，天花粉所含天花粉蛋白具有杀精消胚作用，能使胎盘滋养叶细胞发生变性坏死，阻断胎盘血流，导致胎亡娩出。
2106,三甲复脉汤,滋阴复脉，潜阳熄风。,水煎服。,三甲复脉汤出于吴鞠通的《温病条辨》，化裁于张仲景的炙甘草汤，是将原方去人参、桂枝、生姜、大枣，加生白芍，改生地黄为干地黄，更名为加减复脉汤；再加生牡蛎、龟甲、鳖甲而成。汤中药物补肝肾之体而泻肝用，龟板具有滋阴潜阳、补肾健骨养心之功且用量最大为君，甘草可益气复脉、补脾和胃、调和诸药，鳖甲软坚散结，善于镇痉厥，可助君药滋阴潜阳。 同时牡蛎、白芍具敛涩之性，生地黄养阴又可清阿胶燥热之性，麦冬、阿胶滋阴，麻子仁润肠祛燥。全方具有滋阴潜阳、补脾和胃、调补肝肾之功效。,辨证要点为手足蠕动、头晕、心悸、肢体抽搐或瘛疭、口干舌燥、舌红绛少苔或无苔，脉弦细或结代。或头痛耳鸣，神倦而夜寐不安，或昏眩欲仆，步履不稳，或厥，或舌体颤动，语言不利而肢麻，或大便干秘难行等。三甲复脉汤为疗温热病后期水不涵木、虚风内动之要剂。,,邪热炽盛引起的痉厥、抽搐，则不宜服用。,"方歌：甲复脉用牡蛎，鳖甲龟甲配伍奇，炙草地麦麻胶芍，潜阳补水心动医。
原文：①下焦温病，热深厥甚，脉细促，心中憺憺大动，甚则心中痛者，三甲复脉汤主之；
②燥久伤及肝肾之阴，上盛下虚，昼凉夜热，或干咳，或不咳，甚则痉厥者，三甲复脉汤主之。"
2108,二甲复脉汤,育阴潜阴,上药用水800毫升，煮取640毫升，分三次服。,方中炙甘草资助胃气；地黄、白芍、麦冬、阿胶滋养阴液；生牡蛎、生鳖甲介类潜阳。诸药合用，有育阴潜阳之功。对于热伤阴液，阴虚不能潜阳，肝风内动者，用之可以防止痉厥的发生，即使痉厥己作者，亦可应用。,,,,温病七八日以后，热深不解，口中津液干涸，但觉手指掣动，即当防其痉厥，故以复脉育阴，加入介属潜阳，使阴阳交纽，庶厥不可作也。
2109,一甲复脉汤,养阴润燥，滋阴清热，滋阴固摄。,上药以水800毫升，煮取300毫升，分二次服。,本方加减复脉汤去麻仁加牡蛎而成。温病热邪入于下焦而劫肾阴，此时治当滋阴清热，方为正法。但滋阴之品大多性润而滑肠，此时又见大便溏，故去麻仁而不用，更加牡蛎以收敛固涩，是复阴之中，预防泄阴之弊。,,,,《温病条辨》：“一甲复脉汤方即于加减复脉汤内，去麻仁，抽牡蛎一两。下焦温病，但大便溏者，即与一甲复脉汤。”
2118,助仙丹,健脾益肾，滋补精血。,水煎服。,方中白术、山药、甘草补脾土以资化源，菟丝子、白芍、杜仲益肾而无滋腻之弊，茯苓、陈皮理气化痰。诸药共奏健脾益肾，解郁清痰，生精益血之功。此方平补之中，实有妙理。健脾益肾而不滞，解郁清痰而不泄，不损天然之气血，便是调经之大法，何得用他药以冀通经哉!,盖无病之人，气血两不亏损耳。而嗜欲损夭之人.亦复甚多。生理性的月经数月一行，气血两不亏损，病理性的月经数月一潮，病因病机为精血劳损不能充盈血海。临床上月经稀发、月经量少、闭经等辨证属精血劳损不能充盈血海，可用本方以健脾益肾调经，本方健脾益肾而不滞，解郁清痰而不泄，不损天然之气血。,"肝气郁滞者，加柴胡、酒香附舒肝理气；
脾虚纳差者，加鸡内金、谷麦芽健运助化以资经源；
小腹疼痛拒按者，加益母草、乌药活血化瘀以调经。",,妇人有数月一行经者，每以为常，亦无或先或后之异，亦无或多或少之殊，人莫不以为异，而不知非异也。盖无病之人，气血两不亏损耳。夫气血既不亏损，何以数月而一行经也?妇人之中，亦有天生仙骨者，经水必一季一行。盖以季为数，而不以月为盈虚也。真气内藏，则坎中之真阳不损，倘加以炼形之法，一年之内，便易飞腾。无如世人不知，见经水不应月来，误认为病，妄用药饵，本无病而治之成病，是治反不如其不治也。山闻异人之教，特为阐扬，使世人见此等行经，不必妄行治疗，万勿疑为气血之不足，而轻一试也。虽然天生仙骨之妇人，世固不少。而嗜欲损夭之人，亦复甚多，又不可不立一疗救之方以辅之，方名助仙丹。此方平补之中，实有妙理。健脾益肾而不滞，解郁清痰而不泄，不损天然之气血，便是调经之大法，何得用他药以冀通经哉!(《傅青主女科·调经·经水数月一行十八》)。
2119,益经汤,滋防养血，疏肝解郁,水煎服,此方中用当归、枣仁以补心宁心，白芍以柔肝敛阴，白术、山药健脾益肾以养冲任，熟地、杜仲滋肾以壮肾中之水，人参以补气，沙参以滋阴，丹皮以泄火，柴胡以散心、肝、脾三经之郁，诸药合方，即为大补心、肝、脾之气，散心、肝、脾之郁，滋补肾水之剂,,偏于肾阴虚者，加龟板、鳖甲滋阴通经；偏于肾阳虚者，酌加巴戟、肉桂温阳通经；大便燥者，加肉苁蓉补而润之；脉弦不利者，加沉香、香附理气通经,,年老经闭益经汤，心肝脾郁肾虚因，山药沙丹柴杜参，归芍熟地术枣仁
2134,理中汤,温中祛寒，补气健脾。,水煎服，也可炼蜜为丸，名理中丸。,本方是治疗脾胃虚寒的常用方剂。方中以干姜温运中焦，祛散寒邪，恢复脾阳，为主药；辅以人参补气健脾，振奋脾胃功能；佐以白术健脾燥湿；使以炙甘草调和诸药而兼补脾和中，合用具有温中祛寒，补益脾胃的作用。,本方具有温中散寒，补益脾胃的作用，是一温补的方剂，适用于中焦虚寒所致之各种病证。以脉象沉细或迟缓，舌淡苔白滑，溲清便溏，畏寒肢冷为辩证要点。,,忌海藻、松菜、桃、李、雀肉。,明.方贤着《奇效良方》:理中汤
2147,麻黄附子甘草汤,温补阳气，解表散邪。,上三味，以水七升，先煮麻黄一两沸，去上沫，内诸药，煮取三升，去滓。温服一升，日三服。,麻黄、附子一散一补，固本通阳，则病去而不伤阳气。风寒乘机侵袭营卫，营卫受邪，正邪斗争，则发热；卫气固护不及，则恶风寒；腠理因寒凝而闭塞，则无汗；心阳虚弱而不能温煦，则心悸；阳虚而寒气浸淫于胸，则胸满；阳虚而不能温暖于下，则腰酸腿软；阳虚气化不及，则小便清长；舌淡，苔薄白，脉沉，均为阳虚阴寒之征。其治当温补阳气，解表散邪。方中麻黄发汗解表，温阳散寒，行水散水；附子温煦阳气，温化水气；甘草益气和阳，辛甘化阳补阳。,太阳伤寒证与阳气不足证相兼，发热，恶风寒，无汗，或心悸，或胸满，或腰酸腿软，或小便清长，舌淡，苔薄白，脉沉。,若心悸者，加人参、茯苓，以益气止悸；若头痛者，加桂枝、白芷，以通经散寒止痛；若心烦不安，加龙骨、牡蛎，以重镇安神。,太阳中风证与阳虚证相兼者慎用本方。,张仲景设麻黄附子甘草汤是主治表里兼证，但在临床中合理运用本方则能主治阳虚证。如用麻黄附子甘草汤主治心动过缓属心阳虚证，方中甘草用量要大于麻黄，或加益气助阳药，则能使麻黄发散通阳而不损伤阳气。
2153,桂枝加附子汤,扶阳固表，调和营卫,水煎服,本方为桂枝汤加炮附子1枚，并加重甘草用量而成。桂枝汤调和营卫，解肌祛风，附子温经复阳，固表止汗。俾邪去阳回，则津液自复，诸症自愈,临床应用以恶风发热、汗漏不止、四肢微急、脉虚浮为辨证要点,寒疝疼痛，加川乌、草乌；胸痹心痛，加薤白、瓜蒌；风寒湿痹，寒甚痛剧，加川乌；上肢痛甚，加羌活、蒲黄、川芎；下肢痛甚，加独活、牛膝、防己；腰背疼痛，加杜仲、桑寄生、续断,,桂加附子治有三，风寒肢痛脉迟弦，汗漏不止恶风甚，肌肤麻木卫阳寒
